datetime,open,high,low,close,volume,wap,bar_count
1996-06-21,66.56,66.81,66.38,66.81,573300,66.812,1
1996-06-24,66.97,67.22,66.84,66.94,416500,66.938,1
1996-06-25,67.13,67.17,66.78,66.86,454400,66.859,1
1996-06-26,66.78,66.92,66.39,66.41,838200,66.406,1
1996-06-27,66.41,67.05,66.16,66.88,1090500,66.875,1
1996-06-28,67.16,67.5,66.97,67.11,1060800,67.109,1
1996-07-01,67.28,67.7,67.19,67.69,471300,67.688,1
1996-07-02,67.63,67.64,67.33,67.44,389400,67.438,1
1996-07-03,67.41,67.5,67.06,67.3,308300,67.297,1
1996-07-05,66.13,66.44,65.38,65.58,842900,65.578,1
1996-07-08,65.63,65.98,65.13,65.31,942000,65.313,1
1996-07-09,65.61,65.81,65.38,65.58,739200,65.578,1
1996-07-10,65.56,65.84,64.92,65.84,1132300,65.844,1
1996-07-11,65.56,65.69,63.88,64.52,1587400,64.516,1
1996-07-12,64.63,64.91,64.08,64.56,1312000,64.563,1
1996-07-15,64.72,64.72,62.66,62.66,1951300,62.66,1
1996-07-16,62.84,63.5,60.38,62.81,4141000,62.813,1
1996-07-17,63.75,64.0,63.0,63.56,1340500,63.562,1
1996-07-18,63.75,64.55,63.33,64.44,1432500,64.438,1
1996-07-19,64.28,64.38,63.63,63.97,1216000,63.969,1
1996-07-22,63.53,63.75,63.02,63.5,519800,63.5,1
1996-07-23,63.59,63.94,62.58,62.69,1479800,62.688,1
1996-07-24,61.94,63.19,61.63,62.81,2463400,62.813,1
1996-07-25,63.44,63.56,63.13,63.38,1989800,63.375,1
1996-07-26,63.56,63.81,63.39,63.72,642300,63.719,1
1996-07-29,63.63,63.72,62.94,63.02,1297900,63.016,1
1996-07-30,63.44,63.69,62.94,63.63,1868200,63.625,1
1996-07-31,63.67,64.27,63.52,64.09,767100,64.094,1
1996-08-01,64.16,65.39,64.06,65.16,1168600,65.156,1
1996-08-02,66.0,66.59,65.75,66.56,1098500,66.562,1
1996-08-05,66.58,66.59,65.97,66.17,710200,66.172,1
1996-08-06,66.16,66.52,65.8,66.38,640000,66.375,1
1996-08-07,66.63,66.75,66.13,66.55,917800,66.547,1
1996-08-08,66.56,66.56,66.19,66.44,925100,66.437,1
1996-08-09,66.67,66.77,66.06,66.22,648800,66.219,1
1996-08-12,66.25,66.86,66.0,66.7,764200,66.703,1
1996-08-13,66.58,66.63,66.0,66.17,805200,66.172,1
1996-08-14,66.19,66.47,66.0,66.41,533800,66.406,1
1996-08-15,66.23,66.63,66.2,66.28,632600,66.281,1
1996-08-16,66.47,66.88,66.47,66.84,475100,66.844,1
1996-08-19,66.86,66.92,66.63,66.88,436400,66.875,1
1996-08-20,66.89,66.91,66.67,66.83,645700,66.828,1
1996-08-21,66.66,66.81,66.38,66.59,266400,66.594,1
1996-08-22,66.75,67.34,66.72,67.22,584800,67.219,1
1996-08-23,67.09,67.2,66.64,66.86,757100,66.859,1
1996-08-26,66.7,66.78,66.42,66.53,784700,66.531,1
1996-08-27,66.72,66.84,66.5,66.78,389400,66.781,1
1996-08-28,66.94,67.0,66.66,66.67,227600,66.672,1
1996-08-29,66.59,66.59,65.63,66.02,680200,66.016,1
1996-08-30,66.0,66.02,65.13,65.33,1500900,65.328,1
1996-09-03,64.47,65.84,64.38,65.75,1782000,65.75,1
1996-09-04,65.75,66.75,65.48,65.81,930200,65.813,1
1996-09-05,65.5,65.77,65.02,65.02,616600,65.02,1
1996-09-06,65.25,66.17,65.14,65.94,804900,65.938,1
1996-09-09,66.19,66.73,66.08,66.72,719200,66.719,1
1996-09-10,66.63,66.91,66.38,66.69,669900,66.687,1
1996-09-11,66.56,67.13,66.41,67.06,713500,67.063,1
1996-09-12,67.25,67.73,67.16,67.53,713300,67.531,1
1996-09-13,68.31,68.63,68.13,68.56,2008800,68.563,1
1996-09-16,68.66,69.16,68.56,68.81,1220200,68.813,1
1996-09-17,68.88,68.98,68.23,68.66,604700,68.656,1
1996-09-18,68.56,68.75,68.22,68.48,225500,68.484,1
1996-09-19,68.38,68.8,68.28,68.75,410000,68.75,1
1996-09-20,68.59,68.78,68.38,68.64,948400,68.641,1
1996-09-23,68.47,68.75,68.16,68.63,466800,68.625,1
1996-09-24,68.56,69.25,68.31,68.61,1269800,68.609,1
1996-09-25,68.94,68.94,68.5,68.66,1353300,68.656,1
1996-09-26,68.75,69.19,68.39,68.63,773200,68.625,1
1996-09-27,68.72,68.72,68.38,68.69,407600,68.688,1
1996-09-30,68.78,69.06,68.58,68.63,578200,68.625,1
1996-10-01,68.7,69.05,68.44,69.0,561400,69,1
1996-10-02,69.25,69.59,69.16,69.47,609000,69.469,1
1996-10-03,69.5,69.53,69.2,69.41,342200,69.406,1
1996-10-04,69.69,70.34,69.5,70.34,754100,70.344,1
1996-10-07,70.31,70.63,70.25,70.42,235100,70.422,1
1996-10-08,70.45,70.69,70.02,70.14,386200,70.141,1
1996-10-09,70.25,70.38,69.52,69.59,528800,69.594,1
1996-10-10,69.59,69.86,69.38,69.45,1562200,69.453,1
1996-10-11,69.72,70.31,69.72,70.31,331300,70.312,1
1996-10-14,70.31,70.69,70.3,70.41,201600,70.406,1
1996-10-15,71.13,71.13,69.95,70.31,776900,70.312,1
1996-10-16,70.5,70.66,69.94,70.66,590100,70.656,1
1996-10-17,70.88,71.03,70.55,70.84,792500,70.844,1
1996-10-18,70.88,71.31,70.72,71.22,695800,71.219,1
1996-10-21,71.28,71.63,70.94,71.13,879200,71.125,1
1996-10-22,71.06,71.08,70.59,70.63,848900,70.625,1
1996-10-23,70.47,70.89,70.19,70.86,735900,70.859,1
1996-10-24,70.86,70.98,70.22,70.25,379300,70.25,1
1996-10-25,70.23,70.56,70.13,70.31,568300,70.313,1
1996-10-28,70.38,70.73,69.81,69.84,975400,69.844,1
1996-10-29,70.06,70.58,69.7,70.41,815900,70.406,1
1996-10-30,70.63,70.63,70.09,70.17,495400,70.172,1
1996-10-31,70.27,70.88,70.19,70.84,726300,70.844,1
1996-11-01,70.98,71.16,70.27,70.59,821300,70.594,1
1996-11-04,70.69,71.06,70.53,71.06,1608400,71.063,1
1996-11-05,71.3,71.8,71.28,71.47,764000,71.469,1
1996-11-06,71.59,72.88,71.53,72.84,1665000,72.844,1
1996-11-07,72.63,73.3,72.53,73.02,1446300,73.016,1
1996-11-08,73.03,73.44,72.75,73.42,1355700,73.422,1
1996-11-11,73.25,73.52,73.22,73.34,655900,73.344,1
1996-11-12,73.55,73.59,73.02,73.13,719900,73.125,1
1996-11-13,73.2,73.56,73.02,73.45,481900,73.453,1
1996-11-14,73.19,73.94,73.16,73.94,558800,73.938,1
1996-11-15,74.13,74.5,73.72,74.03,2250900,74.031,1
1996-11-18,74.17,74.25,73.73,74.05,1518200,74.047,1
1996-11-19,74.14,74.59,74.03,74.58,1029300,74.578,1
1996-11-20,74.56,75.02,74.31,74.7,730000,74.703,1
1996-11-21,74.8,74.84,74.38,74.59,653000,74.594,1
1996-11-22,74.7,75.25,74.7,75.17,965100,75.172,1
1996-11-25,75.25,76.16,75.08,76.13,2058800,76.125,1
1996-11-26,76.28,76.69,75.47,75.88,2861800,75.875,1
1996-11-27,76.06,76.19,75.64,75.73,872000,75.734,1
1996-11-29,76.0,76.22,75.86,76.02,1073400,76.016,1
1996-12-02,75.92,76.13,75.39,76.05,1350600,76.047,1
1996-12-03,76.06,76.58,74.75,74.75,1777800,74.75,1
1996-12-04,74.88,75.06,74.09,74.95,2365100,74.953,1
1996-12-05,74.84,75.14,74.53,74.75,1697700,74.75,1
1996-12-06,73.25,74.75,72.66,74.31,3401800,74.313,1
1996-12-09,74.69,75.42,74.58,75.41,1864600,75.406,1
1996-12-10,75.56,75.67,74.97,75.05,1331600,75.047,1
1996-12-11,73.63,74.63,73.31,74.36,1847900,74.359,1
1996-12-12,74.78,74.88,72.94,73.13,2540200,73.125,1
1996-12-13,73.06,73.58,72.41,73.31,1678300,73.313,1
1996-12-16,73.5,73.69,72.06,72.38,1831100,72.375,1
1996-12-17,72.16,73.28,71.88,72.95,2023200,72.953,1
1996-12-18,73.38,73.77,73.27,73.53,1666800,73.531,1
1996-12-19,74.19,75.13,73.89,75.05,2269300,75.047,1
1996-12-20,75.13,75.72,74.75,74.84,1543200,74.844,1
1996-12-23,75.09,75.2,74.33,74.66,1263700,74.656,1
1996-12-24,74.84,75.2,74.8,75.2,633000,75.203,1
1996-12-26,75.44,75.83,75.38,75.78,1384300,75.781,1
1996-12-27,75.78,76.03,75.5,75.88,410400,75.875,1
1996-12-30,76.13,76.13,75.16,75.22,694100,75.219,1
1996-12-31,75.28,75.38,73.84,73.84,1378100,73.844,1
1997-01-02,74.38,74.38,72.75,74.03,2031900,74.031,1
1997-01-03,74.38,75.13,74.08,75.09,2123200,75.094,1
1997-01-06,75.09,75.44,74.31,74.44,1374100,74.438,1
1997-01-07,74.44,75.47,74.13,75.34,939000,75.344,1
1997-01-08,75.75,75.78,74.69,74.69,1802200,74.69,1
1997-01-09,75.06,75.88,74.94,75.31,1415700,75.312,1
1997-01-10,74.25,76.25,74.25,76.13,2369500,76.125,1
1997-01-13,76.5,76.5,75.64,76.02,1364600,76.016,1
1997-01-14,76.69,77.39,76.5,76.97,2111200,76.969,1
1997-01-15,76.72,77.2,76.38,76.78,1583900,76.781,1
1997-01-16,77.03,77.3,76.5,77.09,1308400,77.094,1
1997-01-17,77.2,77.75,77.11,77.56,1604000,77.563,1
1997-01-20,77.75,78.09,77.47,77.66,1889900,77.656,1
1997-01-21,77.38,78.55,77.11,78.28,2785800,78.281,1
1997-01-22,78.31,78.84,77.88,78.84,1201600,78.844,1
1997-01-23,79.06,79.69,76.91,77.75,2601100,77.75,1
1997-01-24,77.88,77.91,76.75,76.75,2176000,76.75,1
1997-01-27,76.88,77.23,76.38,76.53,2108500,76.531,1
1997-01-28,77.63,77.84,76.0,76.75,4376000,76.75,1
1997-01-29,76.88,77.5,76.59,77.5,1122700,77.5,1
1997-01-30,77.88,78.53,77.41,78.5,2126300,78.5,1
1997-01-31,78.94,79.41,78.38,78.41,3208100,78.406,1
1997-02-03,78.72,78.89,78.36,78.64,755000,78.641,1
1997-02-04,78.75,79.2,78.44,79.13,654100,79.125,1
1997-02-05,79.23,79.47,77.13,77.64,2255400,77.641,1
1997-02-06,77.78,78.2,77.41,78.16,2483100,78.156,1
1997-02-07,78.81,79.25,77.78,79.22,2321000,79.219,1
1997-02-10,79.25,79.53,78.42,78.47,1670000,78.469,1
1997-02-11,78.78,79.38,78.13,79.38,1664300,79.375,1
1997-02-12,79.38,80.64,79.27,80.5,2675400,80.5,1
1997-02-13,80.81,81.56,80.69,81.38,1104800,81.375,1
1997-02-14,81.19,81.47,80.91,81.19,1112900,81.188,1
1997-02-18,81.34,81.94,80.75,81.88,833100,81.875,1
1997-02-19,81.66,82.0,81.16,81.33,648100,81.328,1
1997-02-20,81.03,81.36,80.16,80.34,1193900,80.344,1
1997-02-21,80.41,80.77,80.14,80.38,1844400,80.375,1
1997-02-24,79.97,81.38,79.97,81.33,787300,81.328,1
1997-02-25,81.41,81.53,80.88,81.39,1653900,81.391,1
1997-02-26,81.31,81.44,79.63,80.59,1597800,80.594,1
1997-02-27,80.81,80.81,79.38,79.39,1813100,79.391,1
1997-02-28,79.25,79.88,79.06,79.16,2961200,79.156,1
1997-03-03,78.75,79.75,78.69,79.69,1210400,79.688,1
1997-03-04,79.91,80.13,79.09,79.25,1478700,79.25,1
1997-03-05,79.72,80.59,79.45,80.59,1254800,80.594,1
1997-03-06,80.63,80.91,79.88,80.13,1528500,80.125,1
1997-03-07,80.44,81.16,80.25,80.84,1859300,80.844,1
1997-03-10,80.94,81.69,80.55,81.69,1074900,81.688,1
1997-03-11,81.75,81.8,81.25,81.25,624600,81.25,1
1997-03-12,81.31,81.34,80.3,80.53,1055600,80.531,1
1997-03-13,80.25,80.47,79.06,79.28,2514100,79.281,1
1997-03-14,79.64,80.03,79.25,79.69,1642700,79.687,1
1997-03-17,79.25,80.03,78.44,79.91,3013500,79.906,1
1997-03-18,80.0,80.11,78.72,79.05,1352500,79.047,1
1997-03-19,78.84,79.5,78.06,78.78,1510000,78.781,1
1997-03-20,78.75,79.0,77.88,78.38,1808200,78.375,1
1997-03-21,78.69,78.75,78.34,78.44,2810600,78.438,1
1997-03-24,78.5,79.58,78.09,79.53,2145600,79.531,1
1997-03-25,79.34,79.97,78.53,78.75,2125800,78.75,1
1997-03-26,79.06,79.66,78.69,79.09,1335300,79.094,1
1997-03-27,79.38,79.38,76.16,77.0,2898500,77,1
1997-03-31,76.94,77.13,75.25,75.25,4270800,75.25,1
1997-04-01,75.25,76.19,75.05,75.86,3210900,75.859,1
1997-04-02,75.63,75.94,74.44,74.5,2672700,74.5,1
1997-04-03,74.44,75.13,74.19,74.91,2284200,74.906,1
1997-04-04,74.5,75.86,74.16,75.84,3706700,75.844,1
1997-04-07,76.19,76.63,76.14,76.14,2596200,76.141,1
1997-04-08,76.13,76.78,75.84,76.69,1822700,76.687,1
1997-04-09,77.0,77.05,75.84,76.06,2453200,76.063,1
1997-04-10,76.09,76.55,75.69,75.78,1996500,75.781,1
1997-04-11,75.06,75.31,73.38,73.38,4221600,73.38,1
1997-04-14,73.73,74.45,73.31,74.36,3988500,74.359,1
1997-04-15,75.25,75.64,74.5,75.63,2760400,75.625,1
1997-04-16,75.38,76.61,75.25,76.5,2273300,76.5,1
1997-04-17,76.5,77.0,76.0,76.19,1386000,76.188,1
1997-04-18,76.81,76.98,76.25,76.56,1702100,76.562,1
1997-04-21,76.75,76.91,75.47,76.06,2809400,76.063,1
1997-04-22,76.11,77.73,76.0,77.73,3215000,77.734,1
1997-04-23,77.66,78.03,77.19,77.81,2047700,77.812,1
1997-04-24,78.05,78.28,76.88,77.42,2689900,77.422,1
1997-04-25,77.06,77.2,76.42,76.53,1606200,76.531,1
1997-04-28,76.5,77.81,76.38,77.28,1666500,77.281,1
1997-04-29,78.3,79.78,78.3,79.72,3197400,79.719,1
1997-04-30,79.25,80.69,79.22,80.09,3372200,80.094,1
1997-05-01,80.22,80.53,79.31,80.0,2149500,80,1
1997-05-02,80.28,81.67,80.06,81.44,1448300,81.437,1
1997-05-05,81.66,83.56,81.3,83.38,3636200,83.375,1
1997-05-06,82.97,83.47,82.5,83.31,1721100,83.313,1
1997-05-07,83.0,83.0,81.41,81.5,2327200,81.5,1
1997-05-08,81.31,83.22,81.19,82.06,2923700,82.062,1
1997-05-09,82.97,83.13,81.66,82.63,2558200,82.625,1
1997-05-12,82.94,84.25,82.88,84.0,2357900,84,1
1997-05-13,83.94,84.09,83.02,83.66,1195100,83.656,1
1997-05-14,84.23,84.5,83.44,83.81,2772000,83.813,1
1997-05-15,83.81,84.59,83.52,84.38,884100,84.375,1
1997-05-16,84.13,84.31,83.0,83.22,1934200,83.219,1
1997-05-19,83.31,83.91,83.06,83.47,1375800,83.469,1
1997-05-20,83.28,84.69,82.75,84.47,1756400,84.469,1
1997-05-21,84.69,84.98,83.66,84.28,1208000,84.281,1
1997-05-22,84.38,84.47,83.56,84.0,907600,84,1
1997-05-23,84.38,85.22,84.16,84.78,644400,84.781,1
1997-05-27,84.38,85.53,84.27,85.13,1531000,85.125,1
1997-05-28,85.13,85.45,84.52,85.11,716700,85.109,1
1997-05-29,85.09,85.25,84.5,84.61,1282700,84.609,1
1997-05-30,83.22,85.56,83.13,85.16,2143300,85.156,1
1997-06-02,85.34,85.5,84.72,84.78,1479100,84.781,1
1997-06-03,84.41,85.44,84.34,84.5,1562100,84.5,1
1997-06-04,84.53,84.75,84.08,84.41,1063100,84.406,1
1997-06-05,84.59,85.31,84.42,84.72,1180800,84.719,1
1997-06-06,84.59,86.44,84.59,86.38,1510000,86.375,1
1997-06-09,86.44,86.88,86.34,86.81,1823400,86.813,1
1997-06-10,86.84,87.41,86.5,87.08,1217500,87.078,1
1997-06-11,87.0,87.41,86.83,87.28,1673800,87.281,1
1997-06-12,87.88,89.0,87.56,88.97,4270000,88.969,1
1997-06-13,89.06,90.0,88.91,89.72,2132900,89.719,1
1997-06-16,89.75,90.0,89.47,89.75,800400,89.75,1
1997-06-17,89.44,90.23,88.94,89.63,2048100,89.625,1
1997-06-18,89.13,89.63,88.97,89.31,1971900,89.313,1
1997-06-19,89.61,90.5,89.38,90.23,2029900,90.234,1
1997-06-20,89.94,90.34,89.5,89.58,1396900,89.578,1
1997-06-23,89.41,89.91,87.34,87.41,3991500,87.406,1
1997-06-24,88.25,89.88,88.0,89.63,4895100,89.625,1
1997-06-25,89.48,90.25,87.94,89.0,4708900,89,1
1997-06-26,88.84,89.63,87.69,88.56,2569900,88.563,1
1997-06-27,88.97,89.72,88.69,88.91,2617900,88.906,1
1997-06-30,88.91,89.47,87.88,88.31,2384900,88.312,1
1997-07-01,88.5,89.56,88.39,89.34,1749000,89.344,1
1997-07-02,89.56,90.81,89.22,90.81,1961800,90.813,1
1997-07-03,91.88,92.16,91.47,92.06,2539100,92.063,1
1997-07-07,92.38,92.5,90.91,91.13,1158600,91.125,1
1997-07-08,91.25,92.19,91.19,92.08,3396500,92.078,1
1997-07-09,92.31,92.38,90.03,91.06,5390300,91.063,1
1997-07-10,91.13,91.84,90.48,91.47,2072200,91.469,1
1997-07-11,91.59,92.19,91.38,91.78,2260400,91.781,1
1997-07-14,91.89,92.31,91.22,92.06,3186400,92.063,1
1997-07-15,92.31,92.77,91.47,92.53,2983100,92.531,1
1997-07-16,93.13,94.09,92.89,93.75,2621300,93.75,1
1997-07-17,93.63,93.81,92.78,93.28,1794800,93.281,1
1997-07-18,93.02,93.22,91.06,91.3,3961900,91.297,1
1997-07-21,91.28,91.59,90.69,91.31,3810300,91.313,1
1997-07-22,91.69,93.8,91.63,93.73,4243400,93.734,1
1997-07-23,93.94,94.48,93.53,93.66,3204300,93.656,1
1997-07-24,93.94,94.27,92.69,94.09,4152700,94.094,1
1997-07-25,94.56,94.81,93.63,94.03,2364800,94.031,1
1997-07-28,94.25,94.56,93.5,93.97,2794700,93.969,1
1997-07-29,93.63,94.47,93.42,94.28,2737100,94.281,1
1997-07-30,94.5,95.63,94.41,95.41,4839800,95.406,1
1997-07-31,95.41,96.03,95.03,95.31,2138700,95.313,1
1997-08-01,95.5,95.72,93.81,94.94,7077700,94.938,1
1997-08-04,94.78,95.55,94.41,95.19,2339500,95.187,1
1997-08-05,95.09,95.69,94.91,95.25,1467000,95.25,1
1997-08-06,95.44,96.53,95.06,96.03,2478200,96.031,1
1997-08-07,96.5,96.63,95.13,95.31,3641900,95.313,1
1997-08-08,94.31,94.75,92.41,93.38,7167600,93.375,1
1997-08-11,93.75,94.28,92.63,94.06,6355900,94.063,1
1997-08-12,94.22,94.55,92.47,92.56,6160800,92.563,1
1997-08-13,93.69,93.84,91.47,92.28,6982300,92.281,1
1997-08-14,93.09,93.31,91.72,92.63,3462700,92.625,1
1997-08-15,92.13,92.13,89.63,89.78,4907100,89.781,1
1997-08-18,90.38,91.78,89.34,91.78,5638900,91.781,1
1997-08-19,92.22,92.91,91.53,92.84,3802800,92.844,1
1997-08-20,92.94,94.31,92.61,94.25,3558200,94.25,1
1997-08-21,94.13,94.25,92.09,92.59,5392600,92.594,1
1997-08-22,91.0,92.73,90.56,92.56,7172900,92.562,1
1997-08-25,92.78,93.41,91.84,92.22,3888000,92.219,1
1997-08-26,92.0,92.56,90.7,90.86,4290000,90.859,1
1997-08-27,91.0,91.97,90.41,91.41,5484300,91.406,1
1997-08-28,91.19,91.94,90.0,90.02,4287900,90.016,1
1997-08-29,90.13,91.11,89.72,90.38,2652300,90.375,1
1997-09-02,90.69,93.36,90.59,93.31,7294000,93.313,1
1997-09-03,93.3,94.0,92.75,92.81,2812500,92.812,1
1997-09-04,93.06,93.72,92.75,93.41,2473700,93.406,1
1997-09-05,93.97,94.44,92.59,93.14,3663300,93.141,1
1997-09-08,93.72,94.0,93.31,93.55,803500,93.547,1
1997-09-09,93.22,94.28,92.91,93.59,1885200,93.594,1
1997-09-10,93.13,93.5,91.66,91.66,3623700,91.66,1
1997-09-11,91.78,91.91,90.25,91.19,7055900,91.187,1
1997-09-12,92.0,92.97,90.94,92.66,6708000,92.656,1
1997-09-15,92.66,93.31,92.19,92.5,2060500,92.5,1
1997-09-16,93.31,95.28,93.03,94.81,6979000,94.813,1
1997-09-17,95.38,95.5,94.5,94.81,2220000,94.813,1
1997-09-18,95.0,96.38,94.97,95.22,5045400,95.219,1
1997-09-19,94.66,95.36,94.41,95.03,1566400,95.031,1
1997-09-22,95.5,96.2,95.22,95.56,3259000,95.563,1
1997-09-23,95.56,95.7,94.75,95.13,1872800,95.125,1
1997-09-24,95.38,96.11,94.28,94.34,2793100,94.344,1
1997-09-25,94.25,94.75,93.63,93.69,6327800,93.688,1
1997-09-26,94.44,94.81,94.19,94.47,3995800,94.469,1
1997-09-29,94.5,95.56,94.16,95.38,2065000,95.375,1
1997-09-30,95.0,95.69,94.38,94.38,4137600,94.38,1
1997-10-01,95.25,95.81,94.78,95.63,3567500,95.625,1
1997-10-02,95.53,96.19,95.31,96.16,2577500,96.156,1
1997-10-03,97.53,97.75,95.34,96.64,6499900,96.641,1
1997-10-06,97.31,97.61,96.91,97.28,2272100,97.281,1
1997-10-07,97.53,98.5,97.2,98.19,1832800,98.188,1
1997-10-08,98.36,98.38,96.73,97.5,4439400,97.5,1
1997-10-09,96.78,97.61,96.22,97.16,3607800,97.156,1
1997-10-10,96.31,96.98,96.25,96.88,2858100,96.875,1
1997-10-13,97.34,97.55,96.72,96.97,1760300,96.969,1
1997-10-14,97.47,97.5,96.19,97.0,2235700,97,1
1997-10-15,96.31,97.06,96.28,96.78,2601700,96.781,1
1997-10-16,97.31,97.5,95.0,95.25,9488100,95.25,1
1997-10-17,95.02,95.38,93.0,94.28,8151300,94.281,1
1997-10-20,94.84,95.75,94.16,95.63,3636400,95.625,1
1997-10-21,96.22,97.5,96.03,97.48,5225400,97.484,1
1997-10-22,97.34,97.39,96.53,96.84,4485200,96.844,1
1997-10-23,94.94,95.75,94.28,94.94,8054100,94.938,1
1997-10-24,96.16,96.16,93.67,94.0,6778700,94,1
1997-10-27,93.02,93.94,86.84,87.19,10840700,87.187,1
1997-10-28,84.38,92.88,84.38,92.22,19548000,92.219,1
1997-10-29,92.5,93.75,91.28,91.97,10184200,91.969,1
1997-10-30,90.63,92.56,89.75,89.94,9772900,89.938,1
1997-10-31,91.81,92.5,90.44,92.06,7072700,92.063,1
1997-11-03,93.19,94.38,92.88,94.0,5548500,94,1
1997-11-04,93.88,94.44,93.28,94.0,3455700,94,1
1997-11-05,94.19,95.28,93.84,94.31,4774900,94.312,1
1997-11-06,94.03,94.34,93.5,93.95,3679800,93.953,1
1997-11-07,92.38,93.25,91.44,92.94,10606800,92.938,1
1997-11-10,93.63,93.84,92.0,92.38,4347900,92.375,1
1997-11-11,92.69,93.06,92.03,92.41,3212400,92.406,1
1997-11-12,91.63,92.72,90.38,90.5,6775300,90.5,1
1997-11-13,91.47,92.16,90.09,91.81,8589600,91.813,1
1997-11-14,92.31,93.39,91.61,93.06,5827900,93.063,1
1997-11-17,94.38,95.31,94.03,94.78,5149900,94.781,1
1997-11-18,94.81,95.09,93.89,94.19,3433600,94.188,1
1997-11-19,93.69,95.06,92.75,94.66,4387900,94.656,1
1997-11-20,95.31,96.53,95.28,96.09,4822700,96.094,1
1997-11-21,96.63,96.81,95.66,96.75,5436500,96.75,1
1997-11-24,96.0,96.34,94.63,95.0,4337200,95,1
1997-11-25,95.63,95.81,94.66,95.25,4525000,95.25,1
1997-11-26,95.88,95.98,95.31,95.53,2681100,95.531,1
1997-11-28,95.75,96.25,95.59,95.63,1564700,95.625,1
1997-12-01,96.22,98.09,96.03,98.09,4850900,98.094,1
1997-12-02,97.69,97.98,97.25,97.5,1974900,97.5,1
1997-12-03,97.63,98.53,96.88,97.78,3302500,97.781,1
1997-12-04,98.5,98.72,97.38,97.69,2872500,97.688,1
1997-12-05,97.38,99.0,97.13,98.94,3458800,98.938,1
1997-12-08,98.97,99.0,98.25,98.66,2289200,98.656,1
1997-12-09,98.22,98.59,97.63,98.06,1703000,98.063,1
1997-12-10,97.56,97.84,96.47,97.22,3558400,97.219,1
1997-12-11,96.31,96.59,95.31,95.56,5072800,95.563,1
1997-12-12,96.44,96.5,94.91,95.75,4478400,95.75,1
1997-12-15,96.25,97.11,95.88,96.72,4674700,96.719,1
1997-12-16,97.22,97.81,96.88,97.31,2885800,97.313,1
1997-12-17,97.84,97.88,96.7,96.81,2236300,96.813,1
1997-12-18,96.94,96.94,95.22,95.88,4658300,95.875,1
1997-12-19,94.53,95.88,92.38,94.78,8556000,94.781,1
1997-12-22,95.44,95.91,94.56,95.39,5136800,95.391,1
1997-12-23,95.44,95.63,93.53,93.69,4436500,93.688,1
1997-12-24,94.44,94.44,93.25,93.41,2019200,93.406,1
1997-12-26,94.13,94.13,93.41,93.78,941800,93.781,1
1997-12-29,94.59,95.72,94.44,95.63,2080000,95.625,1
1997-12-30,95.94,97.25,95.84,97.13,3616000,97.125,1
1997-12-31,96.88,97.63,96.69,97.06,4359500,97.063,1
1998-01-02,97.31,97.66,96.53,97.56,2360900,97.562,1
1998-01-05,97.84,98.44,96.78,97.78,4191800,97.781,1
1998-01-06,97.25,97.28,96.19,96.22,3154900,96.219,1
1998-01-07,96.09,96.72,95.22,96.47,4424200,96.469,1
1998-01-08,96.31,96.31,95.38,95.63,3831000,95.625,1
1998-01-09,95.25,95.5,91.91,92.31,10258800,92.313,1
1998-01-12,91.13,94.19,90.91,94.0,12097900,94,1
1998-01-13,94.63,95.38,94.22,95.31,5224900,95.312,1
1998-01-14,95.69,95.97,94.72,95.75,3770400,95.75,1
1998-01-15,95.5,95.75,94.81,94.95,2875400,94.953,1
1998-01-16,96.25,96.69,95.66,96.31,4374800,96.313,1
1998-01-20,96.69,98.02,96.5,97.88,5091700,97.875,1
1998-01-21,97.22,97.69,96.16,96.94,4699400,96.938,1
1998-01-22,96.16,96.88,95.88,96.08,4543400,96.078,1
1998-01-23,96.5,96.78,95.0,95.94,6350300,95.937,1
1998-01-26,96.38,96.73,95.41,95.88,4362900,95.875,1
1998-01-27,95.81,97.5,95.66,96.84,7044200,96.844,1
1998-01-28,97.41,98.11,97.19,97.72,4268600,97.719,1
1998-01-29,97.84,99.56,97.56,98.25,8007700,98.25,1
1998-01-30,98.78,98.97,98.0,98.31,3649100,98.313,1
1998-02-02,99.91,100.5,99.75,99.94,5756300,99.937,1
1998-02-03,100.0,100.81,99.72,100.69,2763000,100.688,1
1998-02-04,100.28,101.16,99.94,100.56,3374000,100.562,1
1998-02-05,101.31,101.59,100.03,100.5,5076200,100.5,1
1998-02-06,101.0,101.63,100.69,101.63,5701200,101.625,1
1998-02-09,101.72,101.75,100.72,101.28,2322200,101.281,1
1998-02-10,101.44,102.47,101.19,102.25,3660400,102.25,1
1998-02-11,102.09,102.34,101.7,102.16,4073200,102.156,1
1998-02-12,101.72,102.94,100.88,102.59,5024700,102.594,1
1998-02-13,102.19,102.52,101.88,102.0,2101300,102,1
1998-02-17,102.81,103.09,102.16,102.5,3055500,102.5,1
1998-02-18,102.31,103.48,102.28,103.44,3007400,103.438,1
1998-02-19,103.25,103.41,102.75,102.89,3387800,102.891,1
1998-02-20,103.08,103.72,102.38,103.66,3707000,103.656,1
1998-02-23,104.25,104.25,103.34,104.06,3227800,104.062,1
1998-02-24,103.91,104.09,102.94,103.25,3386800,103.25,1
1998-02-25,103.75,104.88,103.63,104.53,3481800,104.531,1
1998-02-26,104.44,105.22,104.19,105.13,3187600,105.125,1
1998-02-27,104.97,105.53,104.53,105.13,3442900,105.125,1
1998-03-02,105.25,105.75,104.63,104.91,4252300,104.906,1
1998-03-03,104.53,105.63,104.53,105.5,3349200,105.5,1
1998-03-04,105.09,105.41,104.44,104.81,4404100,104.812,1
1998-03-05,103.5,104.44,103.16,103.84,7268000,103.844,1
1998-03-06,104.56,105.94,104.44,105.94,6896300,105.938,1
1998-03-09,105.53,106.22,105.25,105.56,3362800,105.562,1
1998-03-10,106.22,106.84,105.94,106.56,5481900,106.562,1
1998-03-11,106.97,107.31,106.78,107.06,3439600,107.062,1
1998-03-12,107.09,107.59,106.5,107.5,3191300,107.5,1
1998-03-13,107.84,108.0,106.88,107.09,2879400,107.094,1
1998-03-16,107.84,108.38,107.53,108.25,3223600,108.25,1
1998-03-17,108.31,108.56,107.66,108.56,4581900,108.562,1
1998-03-18,108.25,108.97,108.03,108.97,1944100,108.969,1
1998-03-19,108.97,109.38,108.66,109.25,2554800,109.25,1
1998-03-20,109.56,110.19,108.88,109.88,3123300,109.875,1
1998-03-23,109.72,110.31,109.41,109.63,4453100,109.625,1
1998-03-24,110.06,110.81,109.94,110.56,3333600,110.562,1
1998-03-25,111.41,111.53,109.19,110.16,4597600,110.156,1
1998-03-26,109.88,110.75,109.63,110.09,3333500,110.094,1
1998-03-27,110.75,110.78,109.0,109.63,2611300,109.625,1
1998-03-30,109.63,110.09,108.97,109.56,3108700,109.562,1
1998-03-31,110.16,111.19,109.75,109.94,5926500,109.938,1
1998-04-01,110.31,111.08,109.41,110.83,2929000,110.828,1
1998-04-02,110.94,112.25,110.75,112.03,3920900,112.031,1
1998-04-03,112.34,112.81,111.84,112.59,3787600,112.594,1
1998-04-06,113.25,113.38,111.69,111.69,4550500,111.69,1
1998-04-07,111.75,111.94,110.16,110.94,5583700,110.938,1
1998-04-08,111.22,111.28,109.75,110.31,4854800,110.312,1
1998-04-09,110.56,111.28,110.53,111.19,4481200,111.188,1
1998-04-13,111.38,111.38,110.0,110.88,4350200,110.875,1
1998-04-14,111.13,111.81,110.91,111.81,3279100,111.812,1
1998-04-15,111.97,112.13,111.16,112.13,3867200,112.125,1
1998-04-16,111.31,111.5,110.5,110.81,7177900,110.812,1
1998-04-17,110.72,112.44,110.44,112.28,5688800,112.281,1
1998-04-20,112.0,112.56,111.88,112.25,3688300,112.25,1
1998-04-21,112.44,113.16,111.91,112.78,4573200,112.781,1
1998-04-22,112.88,113.44,112.81,113.09,2386100,113.094,1
1998-04-23,112.63,113.0,111.75,112.0,5062000,112,1
1998-04-24,111.75,112.47,110.34,110.81,11039700,110.812,1
1998-04-27,109.38,109.69,107.63,108.72,14510200,108.719,1
1998-04-28,109.78,109.81,108.13,108.56,6511400,108.562,1
1998-04-29,109.03,109.97,108.44,109.31,7703100,109.312,1
1998-04-30,110.56,111.92,110.41,111.34,8684500,111.344,1
1998-05-01,111.75,112.59,111.31,112.59,4008800,112.594,1
1998-05-04,112.72,113.31,112.16,112.31,4537200,112.312,1
1998-05-05,112.0,112.16,111.13,111.53,5146400,111.531,1
1998-05-06,112.13,112.13,110.19,110.22,5526100,110.219,1
1998-05-07,110.5,110.56,109.34,109.34,6940400,109.344,1
1998-05-08,110.0,111.38,110.0,111.13,7951000,111.125,1
1998-05-11,111.56,112.22,110.38,110.75,6336300,110.75,1
1998-05-12,110.81,111.97,110.34,111.94,6045200,111.938,1
1998-05-13,112.06,112.56,111.59,112.22,4441500,112.219,1
1998-05-14,111.53,112.69,111.34,111.66,4187500,111.656,1
1998-05-15,112.0,112.22,110.81,111.03,6716100,111.031,1
1998-05-18,110.72,111.59,109.83,110.59,4847200,110.594,1
1998-05-19,111.0,111.69,110.78,111.34,5918700,111.344,1
1998-05-20,112.09,112.5,110.88,112.41,5716600,112.406,1
1998-05-21,112.38,112.78,111.31,111.69,6301500,111.688,1
1998-05-22,111.75,112.06,110.94,111.25,4862200,111.25,1
1998-05-26,112.09,112.09,109.19,109.47,6899300,109.469,1
1998-05-27,108.53,109.91,107.58,109.63,10202600,109.625,1
1998-05-28,109.88,110.38,109.06,110.13,4907600,110.125,1
1998-05-29,110.63,110.81,109.03,109.03,4772600,109.031,1
1998-06-01,108.97,110.22,108.56,109.53,6092200,109.531,1
1998-06-02,110.0,110.34,109.16,109.63,6701100,109.625,1
1998-06-03,109.88,110.19,107.88,107.88,6445100,107.88,1
1998-06-04,108.25,110.06,108.06,109.88,6566300,109.875,1
1998-06-05,110.38,112.0,109.88,112.0,8463200,112,1
1998-06-08,111.94,112.47,111.66,111.88,4159900,111.875,1
1998-06-09,111.72,112.42,111.41,112.22,2725300,112.219,1
1998-06-10,111.63,113.06,111.25,111.5,6186900,111.5,1
1998-06-11,111.44,111.88,109.38,109.41,8056600,109.406,1
1998-06-12,109.88,110.44,108.25,110.44,9779000,110.438,1
1998-06-15,108.81,109.91,107.5,107.53,10234200,107.531,1
1998-06-16,108.41,109.22,107.75,109.19,7471500,109.188,1
1998-06-17,110.16,111.78,109.94,111.47,12057700,111.469,1
1998-06-18,111.19,111.44,110.75,110.97,3844600,110.969,1
1998-06-19,111.06,111.23,109.63,110.06,3549100,110.062,1
1998-06-22,110.25,111.06,110.06,110.59,5438300,110.594,1
1998-06-23,111.09,112.06,111.0,111.91,5004600,111.906,1
1998-06-24,112.16,113.69,111.61,113.41,8291900,113.406,1
1998-06-25,113.91,114.44,112.81,113.22,5854800,113.219,1
1998-06-26,113.31,113.84,113.13,113.69,4833100,113.688,1
1998-06-29,114.25,114.69,113.8,114.09,5953400,114.094,1
1998-06-30,113.91,114.19,113.06,113.31,4284800,113.312,1
1998-07-01,114.06,114.94,113.63,114.63,3489500,114.625,1
1998-07-02,114.72,114.88,114.25,114.84,3503900,114.844,1
1998-07-06,114.78,116.0,114.56,116.0,3144400,116,1
1998-07-07,115.98,116.13,115.28,115.78,4920700,115.781,1
1998-07-08,115.88,116.94,115.75,116.63,6875000,116.625,1
1998-07-09,116.28,116.72,115.63,115.84,6942500,115.844,1
1998-07-10,116.03,116.94,115.06,116.47,7849700,116.469,1
1998-07-13,116.56,116.84,116.06,116.5,6555100,116.5,1
1998-07-14,116.94,118.16,116.94,117.81,6983600,117.812,1
1998-07-15,118.06,118.28,117.53,117.59,4977500,117.594,1
1998-07-16,117.69,118.59,117.06,118.41,6315600,118.406,1
1998-07-17,118.63,119.0,118.31,118.56,3539500,118.562,1
1998-07-20,118.75,119.23,117.94,118.56,2338400,118.562,1
1998-07-21,119.0,119.0,116.28,116.5,5518600,116.5,1
1998-07-22,116.34,116.98,115.53,116.5,10417300,116.5,1
1998-07-23,116.31,116.59,113.91,114.19,15110900,114.188,1
1998-07-24,114.97,115.09,112.88,114.09,11540500,114.094,1
1998-07-27,113.63,115.0,112.84,114.91,9600000,114.906,1
1998-07-28,114.44,114.66,111.88,112.97,13693000,112.969,1
1998-07-29,113.72,114.13,112.25,112.53,7462400,112.531,1
1998-07-30,113.63,114.59,113.41,114.22,6821600,114.219,1
1998-07-31,114.34,114.5,111.31,111.78,7680500,111.781,1
1998-08-03,111.78,112.42,111.03,111.31,10486500,111.312,1
1998-08-04,112.22,112.22,107.0,107.0,15091600,107,1
1998-08-05,107.94,108.88,105.59,108.47,21718400,108.469,1
1998-08-06,108.13,109.5,107.56,108.94,13084400,108.938,1
1998-08-07,109.69,110.59,108.47,109.13,12083800,109.125,1
1998-08-10,108.75,109.66,108.19,108.5,6273000,108.5,1
1998-08-11,106.78,107.44,105.5,106.88,14287100,106.875,1
1998-08-12,107.75,108.88,107.5,108.69,11158400,108.688,1
1998-08-13,108.81,109.66,107.38,107.38,9073900,107.38,1
1998-08-14,108.34,108.72,105.78,106.13,8628500,106.125,1
1998-08-17,106.0,108.94,105.5,108.38,11290000,108.375,1
1998-08-18,109.0,110.59,108.78,110.38,7603900,110.375,1
1998-08-19,111.09,111.09,109.63,110.09,6258600,110.094,1
1998-08-20,109.69,110.41,109.16,109.44,7402800,109.438,1
1998-08-21,108.19,108.72,105.5,108.56,16685400,108.562,1
1998-08-24,109.25,109.94,108.31,109.25,7201700,109.25,1
1998-08-25,110.38,111.25,108.64,109.5,9688300,109.5,1
1998-08-26,108.28,109.63,107.75,108.88,9339700,108.875,1
1998-08-27,107.0,107.56,103.47,103.75,24887800,103.75,1
1998-08-28,104.97,105.72,102.16,103.38,23735900,103.375,1
1998-08-31,103.75,104.02,95.0,96.0,22563100,96,1
1998-09-01,96.06,100.56,93.63,100.06,24748500,100.062,1
1998-09-02,99.81,101.75,98.78,99.34,13843200,99.344,1
1998-09-03,97.63,99.38,96.75,98.56,17311300,98.562,1
1998-09-04,99.44,99.81,95.75,97.75,17783800,97.75,1
1998-09-08,100.88,103.0,99.81,103.0,14746500,103,1
1998-09-09,102.75,103.13,100.44,100.5,12109700,100.5,1
1998-09-10,98.44,99.34,96.81,98.5,19889300,98.5,1
1998-09-11,98.19,101.69,97.0,101.69,20379800,101.688,1
1998-09-14,102.88,104.45,102.09,103.44,10686800,103.438,1
1998-09-15,102.88,104.31,102.28,104.06,8337900,104.062,1
1998-09-16,104.75,105.25,103.16,105.0,11024900,105,1
1998-09-17,102.25,103.03,101.78,102.0,12945200,102,1
1998-09-18,102.38,102.41,101.09,102.09,7019200,102.094,1
1998-09-21,99.63,103.41,98.94,102.03,8834600,102.031,1
1998-09-22,103.5,103.66,102.16,102.88,7270100,102.875,1
1998-09-23,103.88,107.0,103.78,107.0,13688500,107,1
1998-09-24,106.31,106.81,103.25,104.38,11129500,104.375,1
1998-09-25,103.13,105.42,102.63,104.25,10247400,104.25,1
1998-09-28,105.31,106.31,104.25,105.19,8847800,105.188,1
1998-09-29,105.38,105.94,103.38,104.94,10618100,104.938,1
1998-09-30,103.5,104.31,101.38,101.75,7908400,101.75,1
1998-10-01,100.03,101.55,98.09,98.81,13335600,98.813,1
1998-10-02,98.88,100.88,97.22,100.72,14351800,100.719,1
1998-10-05,99.59,99.97,96.34,98.69,12807200,98.688,1
1998-10-06,100.75,101.28,97.53,98.59,12621000,98.594,1
1998-10-07,98.63,100.03,95.75,97.13,14348500,97.125,1
1998-10-08,94.56,96.75,92.22,96.59,20625000,96.594,1
1998-10-09,97.0,98.78,94.06,98.53,12708500,98.531,1
1998-10-12,100.63,101.44,99.69,99.97,9508500,99.969,1
1998-10-13,99.56,100.41,98.75,99.63,6256800,99.625,1
1998-10-14,98.94,101.81,98.84,100.56,8176900,100.562,1
1998-10-15,100.13,107.25,99.94,105.97,20541100,105.969,1
1998-10-16,106.13,106.75,105.0,106.0,16573900,106,1
1998-10-19,105.69,106.81,105.5,106.38,7915900,106.375,1
1998-10-20,107.56,108.8,106.09,107.0,14611600,107,1
1998-10-21,106.88,107.63,105.88,106.63,9178400,106.625,1
1998-10-22,106.78,108.47,106.16,108.22,8277500,108.219,1
1998-10-23,107.97,108.0,106.78,106.84,6237200,106.844,1
1998-10-26,107.72,108.47,106.78,107.63,5838600,107.625,1
1998-10-27,108.44,108.97,106.28,107.0,10089700,107,1
1998-10-28,106.56,107.53,106.03,106.81,5650600,106.812,1
1998-10-29,107.09,109.44,106.63,109.41,9625600,109.406,1
1998-10-30,110.13,110.91,109.5,110.0,9872800,110,1
1998-11-02,110.81,111.88,110.19,111.88,6501400,111.875,1
1998-11-03,111.59,111.81,110.75,111.06,6866000,111.062,1
1998-11-04,112.47,113.09,111.09,112.25,8233600,112.25,1
1998-11-05,111.53,113.94,111.13,113.78,6841500,113.781,1
1998-11-06,113.47,114.56,113.31,114.13,5224800,114.125,1
1998-11-09,113.94,114.25,112.5,113.31,6188700,113.312,1
1998-11-10,113.0,113.94,112.25,113.0,14015200,113,1
1998-11-11,113.81,114.0,111.89,112.25,10922400,112.25,1
1998-11-12,112.31,113.13,111.69,112.13,5457400,112.125,1
1998-11-13,112.22,113.22,112.13,113.22,5524600,113.219,1
1998-11-16,114.22,114.36,112.89,114.06,6023700,114.062,1
1998-11-17,113.66,115.63,113.0,114.06,9058900,114.062,1
1998-11-18,114.31,115.0,113.5,114.75,4567700,114.75,1
1998-11-19,115.28,115.91,114.63,115.75,5249300,115.75,1
1998-11-20,116.36,116.75,115.84,116.63,5562000,116.625,1
1998-11-23,117.47,119.63,117.16,119.38,7151300,119.375,1
1998-11-24,119.0,119.66,118.45,118.63,5323700,118.625,1
1998-11-25,118.94,119.19,118.22,118.63,4393500,118.625,1
1998-11-27,119.47,119.72,119.02,119.5,4557900,119.5,1
1998-11-30,119.02,119.38,116.13,116.13,8705400,116.13,1
1998-12-01,116.13,118.03,115.22,117.63,8950600,117.625,1
1998-12-02,117.22,117.91,116.0,117.28,7495500,117.281,1
1998-12-03,117.25,118.31,115.09,115.34,12145300,115.344,1
1998-12-04,116.63,118.5,116.5,118.38,10339500,118.375,1
1998-12-07,118.06,119.47,118.0,118.94,4290000,118.938,1
1998-12-08,118.53,119.75,117.5,118.41,10102600,118.406,1
1998-12-09,118.69,118.97,117.88,118.63,5327900,118.625,1
1998-12-10,118.84,118.84,116.72,116.89,5966600,116.891,1
1998-12-11,116.44,117.34,115.56,117.13,8198200,117.125,1
1998-12-14,116.16,116.41,113.75,113.75,9521400,113.75,1
1998-12-15,114.69,116.75,114.53,116.69,9631500,116.688,1
1998-12-16,117.13,117.13,115.75,116.53,7260000,116.531,1
1998-12-17,117.22,118.59,117.03,118.39,6914700,118.391,1
1998-12-18,118.31,119.13,117.88,118.5,4802400,118.5,1
1998-12-21,119.25,121.34,119.0,120.16,8580700,120.156,1
1998-12-22,120.41,121.22,119.19,120.69,5461100,120.688,1
1998-12-23,121.19,123.22,120.81,123.22,7791000,123.219,1
1998-12-24,123.16,123.25,122.5,122.69,1507100,122.688,1
1998-12-28,123.25,123.31,122.0,122.38,4203600,122.375,1
1998-12-29,122.72,124.48,122.13,124.31,3935800,124.312,1
1998-12-30,123.94,124.75,123.03,123.31,6810700,123.312,1
1998-12-31,123.31,123.94,122.47,123.31,6790500,123.312,1
1999-01-04,123.38,125.22,121.72,123.03,9450400,123.031,1
1999-01-05,122.94,124.88,122.94,124.44,8031000,124.438,1
1999-01-06,125.81,127.75,125.75,127.44,7737700,127.438,1
1999-01-07,126.38,127.22,125.78,126.81,5504900,126.812,1
1999-01-08,128.19,128.5,125.97,127.75,6224400,127.75,1
1999-01-11,127.69,127.69,125.22,126.53,7578300,126.531,1
1999-01-12,126.22,126.22,123.75,124.25,7768800,124.25,1
1999-01-13,120.41,125.13,120.38,123.38,10810600,123.375,1
1999-01-14,123.63,123.91,120.91,121.22,11400700,121.219,1
1999-01-15,122.38,124.78,122.06,124.38,7817700,124.375,1
1999-01-19,125.3,125.63,123.5,125.19,6535100,125.188,1
1999-01-20,126.09,127.94,125.03,126.19,6534400,126.188,1
1999-01-21,125.58,125.84,122.59,122.84,6937500,122.844,1
1999-01-22,122.13,123.84,121.78,122.56,7522300,122.562,1
1999-01-25,123.28,124.0,121.91,123.81,5700300,123.812,1
1999-01-26,124.13,126.06,123.63,126.06,6047000,126.062,1
1999-01-27,126.38,126.63,124.16,124.59,7399400,124.594,1
1999-01-28,125.25,126.97,125.19,126.69,5961700,126.688,1
1999-01-29,127.34,128.3,125.41,127.66,6456800,127.656,1
1999-02-01,128.69,128.69,126.91,126.91,9426800,126.91,1
1999-02-02,127.08,127.22,124.77,126.13,9194500,126.125,1
1999-02-03,125.69,127.94,125.66,127.41,10290700,127.406,1
1999-02-04,127.38,127.5,124.78,125.5,7761100,125.5,1
1999-02-05,125.66,125.66,123.22,124.06,7516100,124.062,1
1999-02-08,125.09,125.09,123.34,124.31,8528400,124.312,1
1999-02-09,124.38,124.5,121.52,121.53,8985700,121.531,1
1999-02-10,122.13,123.0,121.33,122.31,6936700,122.312,1
1999-02-11,123.06,126.09,122.5,126.06,9181800,126.062,1
1999-02-12,124.81,125.5,122.63,123.63,10676600,123.625,1
1999-02-16,124.75,125.63,122.88,122.88,6915500,122.88,1
1999-02-17,123.19,125.36,122.25,122.75,7858100,122.75,1
1999-02-18,123.19,124.38,122.22,123.72,9048900,123.719,1
1999-02-19,124.0,125.75,123.38,124.25,5312200,124.25,1
1999-02-22,124.44,127.72,124.28,127.56,10695800,127.562,1
1999-02-23,127.59,128.5,126.59,127.5,7770700,127.5,1
1999-02-24,127.84,128.84,125.0,125.25,7271000,125.25,1
1999-02-25,124.53,125.28,122.69,124.06,11633000,124.062,1
1999-02-26,124.75,124.84,122.81,123.56,9621300,123.562,1
1999-03-01,123.66,124.31,122.38,123.91,7607200,123.906,1
1999-03-02,124.5,125.31,122.31,122.81,9651500,122.812,1
1999-03-03,123.09,123.56,121.78,123.47,7881400,123.469,1
1999-03-04,124.06,125.48,123.27,125.03,8256400,125.031,1
1999-03-05,127.5,128.13,126.56,127.55,10703100,127.547,1
1999-03-08,128.28,128.8,127.25,128.38,4802200,128.375,1
1999-03-09,128.13,129.94,127.75,128.06,7893400,128.062,1
1999-03-10,128.47,129.25,127.78,129.19,3960100,129.188,1
1999-03-11,129.69,131.19,128.88,130.63,6583700,130.625,1
1999-03-12,131.0,131.03,129.22,129.38,5286500,129.375,1
1999-03-15,129.94,131.25,129.5,131.22,5394400,131.219,1
1999-03-16,131.13,131.66,130.47,130.72,4547500,130.719,1
1999-03-17,130.69,130.94,129.63,130.16,4524100,130.156,1
1999-03-18,129.78,132.38,129.75,132.25,3506300,132.25,1
1999-03-19,132.31,132.63,129.69,129.69,5526700,129.69,1
1999-03-22,130.06,130.59,129.42,129.94,4603800,129.938,1
1999-03-23,129.31,129.53,125.7,126.19,9713800,126.188,1
1999-03-24,126.84,127.17,125.63,126.91,6280900,126.906,1
1999-03-25,128.06,129.5,127.75,129.5,6639600,129.5,1
1999-03-26,128.63,129.13,127.72,128.56,6159700,128.562,1
1999-03-29,129.16,131.44,129.16,131.16,5863900,131.156,1
1999-03-30,129.94,131.22,129.56,130.47,5401400,130.469,1
1999-03-31,131.16,131.61,128.31,128.38,7413600,128.375,1
1999-04-01,129.69,129.69,128.13,129.34,7683600,129.344,1
1999-04-05,130.94,132.59,130.25,132.41,5791100,132.406,1
1999-04-06,132.19,132.98,131.16,132.09,5381300,132.094,1
1999-04-07,132.69,133.38,131.38,133.16,6248600,133.156,1
1999-04-08,133.19,134.94,132.28,134.84,5909100,134.844,1
1999-04-09,134.44,135.5,133.59,134.88,4365800,134.875,1
1999-04-12,133.47,136.41,133.22,136.31,8213200,136.312,1
1999-04-13,136.25,136.47,134.5,135.44,10071400,135.438,1
1999-04-14,136.06,136.06,132.69,133.16,11551700,133.156,1
1999-04-15,133.44,133.56,131.0,132.66,11150000,132.656,1
1999-04-16,132.91,132.91,131.19,131.53,6476200,131.531,1
1999-04-19,132.69,134.53,128.38,129.5,12487200,129.5,1
1999-04-20,129.81,131.19,129.0,131.13,9049600,131.125,1
1999-04-21,131.06,135.63,130.41,134.88,5772200,134.875,1
1999-04-22,135.13,136.38,134.39,136.16,6897400,136.156,1
1999-04-23,135.88,136.75,135.0,135.81,4593100,135.812,1
1999-04-26,136.5,136.81,135.47,136.59,3606500,136.594,1
1999-04-27,137.13,137.5,135.84,137.25,5147200,137.25,1
1999-04-28,136.44,137.25,135.0,135.38,5544300,135.375,1
1999-04-29,135.56,136.06,133.81,134.34,9824300,134.344,1
1999-04-30,135.09,135.63,131.5,133.25,10991900,133.25,1
1999-05-03,133.44,135.84,133.09,135.69,10709700,135.688,1
1999-05-04,135.13,135.81,133.13,133.75,10509300,133.75,1
1999-05-05,133.94,135.06,131.84,134.81,10032300,134.812,1
1999-05-06,134.44,135.13,132.38,133.98,13507200,133.984,1
1999-05-07,134.5,135.13,133.44,135.0,8680700,135,1
1999-05-10,134.84,135.72,133.53,134.33,5580100,134.328,1
1999-05-11,135.31,136.88,134.72,135.69,7000600,135.688,1
1999-05-12,135.75,137.22,131.5,136.75,13865800,136.75,1
1999-05-13,137.25,138.0,136.81,137.34,4485700,137.344,1
1999-05-14,134.56,135.88,133.5,133.78,8370100,133.781,1
1999-05-17,133.63,134.48,132.38,134.19,6268100,134.188,1
1999-05-18,134.53,134.98,132.63,133.94,8218600,133.938,1
1999-05-19,134.47,135.0,133.25,134.91,5052400,134.906,1
1999-05-20,135.13,135.59,130.06,134.09,4675400,134.094,1
1999-05-21,134.13,134.69,132.59,133.34,6414600,133.344,1
1999-05-24,133.84,133.84,130.39,131.13,7952000,131.125,1
1999-05-25,131.38,132.34,128.44,129.0,15406400,129,1
1999-05-26,129.31,131.0,128.09,130.44,12575900,130.438,1
1999-05-27,129.84,130.28,128.0,128.56,14515400,128.562,1
1999-05-28,129.0,130.75,128.59,130.2,8748000,130.203,1
1999-06-01,130.13,130.16,128.38,129.75,6705300,129.75,1
1999-06-02,129.75,130.19,128.02,129.88,6981900,129.875,1
1999-06-03,130.69,130.88,129.78,130.59,6076600,130.594,1
1999-06-04,131.47,133.36,130.94,133.22,9787200,133.219,1
1999-06-07,133.44,134.19,132.91,133.56,5299100,133.562,1
1999-06-08,133.38,133.8,131.59,132.25,4895700,132.25,1
1999-06-09,132.41,133.09,131.81,132.13,7409700,132.125,1
1999-06-10,131.44,131.47,129.59,130.91,7040700,130.906,1
1999-06-11,131.22,132.22,129.09,129.81,12824800,129.812,1
1999-06-14,130.69,130.75,129.55,129.94,6823500,129.938,1
1999-06-15,130.47,131.66,130.08,130.81,5700900,130.812,1
1999-06-16,132.38,133.88,132.38,133.31,7865800,133.312,1
1999-06-17,132.88,135.56,132.63,134.56,8162800,134.562,1
1999-06-18,134.06,134.69,133.38,134.31,2875100,134.312,1
1999-06-21,134.47,135.25,133.66,134.63,4646400,134.625,1
1999-06-22,134.0,135.19,133.5,133.69,5862400,133.688,1
1999-06-23,133.0,133.63,132.13,133.03,9629200,133.031,1
1999-06-24,132.88,132.94,130.66,132.03,9176900,132.031,1
1999-06-25,132.59,133.02,131.25,131.7,4087000,131.703,1
1999-06-28,132.69,133.63,132.5,133.31,5028900,133.312,1
1999-06-29,133.0,135.19,132.78,134.56,6956200,134.562,1
1999-06-30,134.63,137.5,133.84,137.0,16856100,137,1
1999-07-01,137.0,138.5,136.06,138.03,9939500,138.031,1
1999-07-02,138.13,139.5,137.91,139.41,3772800,139.406,1
1999-07-06,139.25,140.75,138.59,139.38,11221100,139.375,1
1999-07-07,139.06,139.72,138.52,139.56,3230700,139.562,1
1999-07-08,139.06,140.63,138.75,139.67,7101500,139.672,1
1999-07-09,140.0,140.59,139.56,140.5,2934700,140.5,1
1999-07-12,140.94,140.94,139.5,139.88,4436300,139.875,1
1999-07-13,139.38,139.92,138.66,139.38,6477600,139.375,1
1999-07-14,140.0,140.22,138.75,140.16,4382500,140.156,1
1999-07-15,140.78,141.38,140.31,141.05,3348600,141.047,1
1999-07-16,141.25,142.16,140.75,141.81,2281500,141.812,1
1999-07-19,142.19,142.25,140.56,140.88,4287000,140.875,1
1999-07-20,140.13,140.41,137.53,137.98,7060100,137.984,1
1999-07-21,138.09,138.91,137.31,137.83,4793700,137.828,1
1999-07-22,137.44,138.0,135.47,136.02,7804100,136.016,1
1999-07-23,136.66,137.0,135.13,135.75,4603000,135.75,1
1999-07-26,134.88,136.13,134.63,134.75,4333400,134.75,1
1999-07-27,136.0,137.2,135.38,135.88,5908500,135.875,1
1999-07-28,136.25,137.31,135.59,136.31,3955500,136.312,1
1999-07-29,134.94,135.25,133.31,134.41,7760600,134.406,1
1999-07-30,134.81,135.34,132.56,132.75,5994300,132.75,1
1999-08-02,132.75,134.75,132.5,133.06,6065500,133.062,1
1999-08-03,133.72,133.84,131.38,132.44,5445400,132.438,1
1999-08-04,132.72,133.88,130.44,130.63,6497900,130.625,1
1999-08-05,130.88,131.94,128.84,131.81,10322000,131.812,1
1999-08-06,131.22,132.0,129.5,130.38,7537700,130.375,1
1999-08-09,130.59,131.8,129.75,130.09,5565900,130.094,1
1999-08-10,129.88,130.16,127.0,128.66,9793300,128.656,1
1999-08-11,129.69,130.53,128.63,130.22,8003400,130.219,1
1999-08-12,130.69,131.81,129.91,130.14,7036800,130.141,1
1999-08-13,131.63,133.25,131.13,133.16,5857700,133.156,1
1999-08-16,133.13,133.97,132.25,133.75,3927000,133.75,1
1999-08-17,134.44,134.84,133.13,134.63,4808000,134.625,1
1999-08-18,134.2,134.38,133.25,133.66,4355500,133.656,1
1999-08-19,132.38,133.23,131.69,132.56,6448100,132.562,1
1999-08-20,133.06,134.13,132.69,133.91,3663700,133.906,1
1999-08-23,134.81,136.55,134.66,136.47,5637800,136.469,1
1999-08-24,136.06,137.97,135.38,136.97,9279500,136.969,1
1999-08-25,137.19,138.78,136.16,138.38,6005300,138.375,1
1999-08-26,138.28,138.42,136.5,136.72,4322300,136.719,1
1999-08-27,136.88,137.06,135.06,135.06,6247400,135.062,1
1999-08-30,135.34,135.5,132.0,132.56,4652000,132.562,1
1999-08-31,132.94,133.75,130.88,132.06,11453700,132.062,1
1999-09-01,132.94,133.73,132.31,133.69,6863900,133.688,1
1999-09-02,132.13,132.67,130.66,132.11,10896300,132.109,1
1999-09-03,134.88,136.5,134.69,135.97,9160800,135.969,1
1999-09-07,136.06,136.63,135.22,135.47,4560800,135.469,1
1999-09-08,134.84,136.06,134.03,134.81,6159600,134.812,1
1999-09-09,134.75,135.25,133.69,134.75,6177800,134.75,1
1999-09-10,136.25,136.36,134.94,135.88,2934500,135.875,1
1999-09-13,135.13,135.47,134.5,134.95,2320500,134.953,1
1999-09-14,134.06,134.56,133.38,134.06,3736000,134.062,1
1999-09-15,135.44,135.44,131.88,131.94,6984500,131.938,1
1999-09-16,132.5,132.81,130.31,132.45,15377600,132.453,1
1999-09-17,132.63,133.94,132.16,133.75,8542300,133.75,1
1999-09-20,133.94,134.0,133.09,133.56,2803900,133.562,1
1999-09-21,132.25,132.47,130.16,130.75,9335200,130.75,1
1999-09-22,131.25,131.84,129.75,130.6,13009100,130.602,1
1999-09-23,131.81,131.81,127.63,127.88,12204200,127.875,1
1999-09-24,127.75,128.38,126.31,127.75,13792900,127.75,1
1999-09-27,128.75,129.75,128.28,128.59,6970300,128.594,1
1999-09-28,127.94,128.81,125.56,128.34,11063400,128.344,1
1999-09-29,128.44,129.13,126.75,126.81,7580300,126.812,1
1999-09-30,127.44,129.44,126.97,128.75,7498900,128.75,1
1999-10-01,127.94,128.56,126.63,128.47,11127100,128.469,1
1999-10-04,129.19,130.88,128.75,130.75,6341600,130.75,1
1999-10-05,130.72,131.97,128.69,130.63,11976000,130.625,1
1999-10-06,130.75,132.81,130.69,132.63,10308200,132.625,1
1999-10-07,132.86,133.0,131.5,131.88,6535600,131.875,1
1999-10-08,131.75,133.88,131.23,133.88,9674300,133.875,1
1999-10-11,133.59,134.13,133.31,133.66,4282000,133.656,1
1999-10-12,133.13,133.31,131.19,131.59,8686100,131.594,1
1999-10-13,130.69,131.31,128.19,128.19,10469300,128.19,1
1999-10-14,128.48,129.19,126.75,128.16,10562200,128.156,1
1999-10-15,126.0,126.75,124.5,124.88,14238700,124.875,1
1999-10-18,124.94,125.94,123.44,125.78,9758800,125.781,1
1999-10-19,127.19,128.25,125.94,127.0,14392900,127,1
1999-10-20,127.75,129.47,127.13,128.25,9759400,128.25,1
1999-10-21,127.22,129.0,126.63,129.0,9105400,129,1
1999-10-22,129.75,131.22,129.56,130.09,8309600,130.094,1
1999-10-25,129.31,130.47,128.75,129.44,8114300,129.438,1
1999-10-26,130.19,130.69,127.81,127.81,6256300,127.812,1
1999-10-27,128.38,130.31,128.25,130.13,5433300,130.125,1
1999-10-28,132.44,134.86,132.19,134.56,10509700,134.562,1
1999-10-29,135.84,137.69,135.72,137.0,10988600,137,1
1999-11-01,136.5,137.0,135.56,135.56,4006500,135.562,1
1999-11-02,135.97,137.25,134.59,134.59,6516900,134.594,1
1999-11-03,136.0,136.38,135.13,135.5,7222300,135.5,1
1999-11-04,136.75,137.36,135.77,136.53,7907500,136.531,1
1999-11-05,138.63,139.11,136.78,137.88,7431500,137.875,1
1999-11-08,137.0,138.38,136.75,138.0,4649200,138,1
1999-11-09,138.5,138.69,136.28,136.7,4533700,136.703,1
1999-11-10,136.25,138.39,136.08,137.72,6405600,137.719,1
1999-11-11,138.19,138.5,137.47,138.5,4794100,138.5,1
1999-11-12,139.25,139.98,137.13,139.75,11802900,139.75,1
1999-11-15,139.84,140.25,139.41,140.08,2187500,140.078,1
1999-11-16,140.56,143.0,140.09,141.25,7544800,141.25,1
1999-11-17,142.25,142.94,141.31,141.63,9459000,141.625,1
1999-11-18,142.44,143.0,141.63,142.63,4491000,142.625,1
1999-11-19,142.41,142.97,142.0,142.5,4832100,142.496,1
1999-11-22,142.44,143.0,141.5,142.47,4155400,142.469,1
1999-11-23,142.84,142.84,140.38,141.22,5918000,141.219,1
1999-11-24,140.75,142.44,140.0,141.97,4459700,141.969,1
1999-11-26,142.47,142.88,141.25,141.44,1693900,141.438,1
1999-11-29,140.88,141.92,140.44,140.94,7348600,140.938,1
1999-11-30,140.75,142.31,139.0,139.28,7682000,139.281,1
1999-12-01,139.31,140.5,139.0,140.41,6980200,140.406,1
1999-12-02,140.63,141.38,140.38,141.25,6698300,141.25,1
1999-12-03,143.03,145.34,143.03,143.84,10045400,143.844,1
1999-12-06,143.53,143.72,142.25,142.78,3138900,142.781,1
1999-12-07,143.28,143.31,141.38,141.63,10714200,141.625,1
1999-12-08,141.34,142.06,140.5,140.72,4611400,140.719,1
1999-12-09,141.81,142.22,139.38,141.41,6474700,141.406,1
1999-12-10,142.28,142.81,140.88,141.88,5127300,141.875,1
1999-12-13,141.44,142.72,141.28,142.13,4210800,142.125,1
1999-12-14,141.63,142.48,140.63,140.75,5739000,140.75,1
1999-12-15,140.38,142.2,140.03,141.5,6879100,141.5,1
1999-12-16,142.19,142.66,141.16,142.13,5854900,142.125,1
1999-12-17,143.0,143.31,142.06,142.69,4775400,142.688,1
1999-12-20,142.56,143.19,141.09,141.66,4608700,141.656,1
1999-12-21,141.59,144.06,141.34,143.81,7981300,143.812,1
1999-12-22,143.63,144.19,142.97,144.19,5377500,144.188,1
1999-12-23,145.02,146.48,145.0,146.48,5721700,146.484,1
1999-12-27,146.5,146.78,145.06,146.28,2691000,146.281,1
1999-12-28,145.88,146.5,145.48,146.19,4084500,146.188,1
1999-12-29,146.31,146.81,145.31,146.81,3001000,146.812,1
1999-12-30,147.13,147.56,146.19,146.64,3641300,146.641,1
1999-12-31,146.84,147.5,146.25,146.88,3172700,146.875,1
2000-01-03,148.25,148.25,143.88,145.44,8164300,145.438,1
2000-01-04,143.53,144.06,139.64,139.75,8089800,139.75,1
2000-01-05,139.94,141.53,137.25,140.0,12177900,140,1
2000-01-06,139.63,141.5,137.75,137.75,6227200,137.75,1
2000-01-07,140.31,145.75,140.06,145.75,8066500,145.75,1
2000-01-10,146.25,146.91,145.03,146.25,5741700,146.25,1
2000-01-11,145.81,146.09,143.5,144.5,7503700,144.5,1
2000-01-12,144.59,144.59,142.88,143.06,6907700,143.062,1
2000-01-13,144.47,145.75,143.28,145.0,5158300,145,1
2000-01-14,146.53,147.47,145.97,146.97,7437300,146.969,1
2000-01-18,145.34,146.63,145.19,145.81,6488500,145.812,1
2000-01-19,145.31,147.0,145.0,147.0,6157900,147,1
2000-01-20,146.97,146.97,143.81,144.75,5800100,144.75,1
2000-01-21,145.5,145.5,144.06,144.44,6244800,144.438,1
2000-01-24,145.66,145.84,139.41,140.34,7896900,140.344,1
2000-01-25,140.52,141.94,139.0,141.94,9942500,141.938,1
2000-01-26,141.0,141.55,140.09,140.81,5158100,140.812,1
2000-01-27,141.84,142.22,138.13,140.25,10922700,140.25,1
2000-01-28,139.44,140.06,135.53,135.88,11916200,135.875,1
2000-01-31,135.81,139.67,135.0,139.56,10768700,139.562,1
2000-02-01,139.75,141.69,138.53,140.94,8419900,140.938,1
2000-02-02,141.28,142.25,140.38,141.06,6205900,141.062,1
2000-02-03,140.88,143.25,140.0,143.19,7997500,143.188,1
2000-02-04,143.19,144.0,142.13,142.59,4925400,142.594,1
2000-02-07,142.56,142.78,141.44,142.38,5845800,142.375,1
2000-02-08,143.97,144.56,143.63,144.31,4936500,144.312,1
2000-02-09,144.47,144.47,141.27,141.28,8511500,141.281,1
2000-02-10,141.63,142.56,140.88,141.56,6690600,141.562,1
2000-02-11,141.84,141.94,138.03,138.69,9849800,138.688,1
2000-02-14,139.78,139.78,138.31,139.5,8528800,139.5,1
2000-02-15,139.25,141.22,137.8,141.09,11078300,141.094,1
2000-02-16,140.38,140.94,138.8,139.0,8845400,139,1
2000-02-17,140.44,140.44,138.22,138.28,7584200,138.281,1
2000-02-18,138.88,138.88,134.63,135.31,9409200,135.312,1
2000-02-22,135.19,136.34,133.53,134.97,16415400,134.969,1
2000-02-23,135.63,137.47,134.5,136.56,12119000,136.562,1
2000-02-24,136.69,137.03,133.09,133.81,17375000,133.812,1
2000-02-25,135.19,136.72,133.13,133.33,10559900,133.328,1
2000-02-28,133.38,136.69,132.72,136.13,13397800,136.125,1
2000-02-29,136.06,137.44,135.75,137.44,8242500,137.438,1
2000-03-01,137.63,139.0,137.22,138.44,6868000,138.438,1
2000-03-02,138.69,139.13,137.34,138.53,7600200,138.531,1
2000-03-03,140.44,141.72,139.72,141.13,12770300,141.125,1
2000-03-06,140.81,141.34,138.75,139.75,11967100,139.75,1
2000-03-07,140.0,140.16,135.22,137.05,20062000,137.047,1
2000-03-08,136.47,137.84,135.03,136.88,11808500,136.875,1
2000-03-09,137.25,140.88,136.13,140.88,5500900,140.875,1
2000-03-10,140.19,142.0,139.53,140.13,7924600,140.125,1
2000-03-13,136.69,140.47,136.5,138.59,10540400,138.594,1
2000-03-14,139.28,140.09,136.16,136.63,8263900,136.625,1
2000-03-15,136.88,140.44,136.06,139.81,10300800,139.812,1
2000-03-16,141.63,146.84,140.88,146.34,25601400,146.344,1
2000-03-17,145.81,148.0,145.44,146.94,10272900,146.938,1
2000-03-20,146.88,147.34,144.78,146.19,12502300,146.188,1
2000-03-21,145.53,149.75,144.5,149.19,13612600,149.188,1
2000-03-22,149.56,150.84,148.69,150.09,8260000,150.094,1
2000-03-23,149.16,153.47,149.16,152.66,11654500,152.656,1
2000-03-24,152.88,155.75,151.72,153.56,11462900,153.562,1
2000-03-27,153.38,153.78,151.81,151.94,8798600,151.938,1
2000-03-28,151.25,152.98,150.59,151.06,6334400,151.062,1
2000-03-29,151.56,152.48,149.66,151.22,6747500,151.219,1
2000-03-30,150.16,151.92,147.13,148.69,9491900,148.688,1
2000-03-31,149.63,152.31,148.44,150.38,9249100,150.375,1
2000-04-03,150.13,151.25,148.69,151.25,8508200,151.25,1
2000-04-04,151.75,153.0,141.39,145.75,21060400,145.75,1
2000-04-05,147.88,150.81,147.63,149.19,8227900,149.188,1
2000-04-06,150.25,151.69,149.0,150.48,6378500,150.484,1
2000-04-07,151.56,152.13,150.5,151.44,6023600,151.438,1
2000-04-10,151.75,153.11,150.31,150.84,9624200,150.844,1
2000-04-11,150.0,151.63,148.38,150.41,9006400,150.406,1
2000-04-12,150.38,151.16,146.16,146.28,10779700,146.281,1
2000-04-13,147.47,148.16,141.13,144.25,12226800,144.25,1
2000-04-14,142.63,142.81,133.5,136.0,29604000,136,1
2000-04-17,135.19,140.75,134.69,140.75,23918200,140.75,1
2000-04-18,140.56,144.47,139.78,144.47,11070700,144.469,1
2000-04-19,144.5,145.13,142.53,143.13,6553700,143.125,1
2000-04-20,143.56,143.94,142.38,143.81,8537600,143.812,1
2000-04-24,141.5,143.31,140.5,142.25,12893100,142.25,1
2000-04-25,144.63,148.16,144.44,148.16,14102000,148.156,1
2000-04-26,147.97,148.75,146.0,146.48,7711100,146.484,1
2000-04-27,143.0,147.34,143.0,146.0,15595300,146,1
2000-04-28,147.0,147.86,145.06,145.09,8743400,145.094,1
2000-05-01,146.56,148.48,145.84,147.06,7328300,147.062,1
2000-05-02,145.5,147.13,144.13,144.13,9411900,144.13,1
2000-05-03,144.0,144.0,139.78,140.75,12630700,140.75,1
2000-05-04,142.0,142.36,140.75,141.81,5963600,141.812,1
2000-05-05,141.06,144.0,140.94,143.53,7862400,143.531,1
2000-05-08,142.75,143.38,141.84,142.45,5064100,142.453,1
2000-05-09,143.06,143.41,140.27,141.31,5620300,141.312,1
2000-05-10,140.5,140.97,137.75,138.13,10293900,138.125,1
2000-05-11,140.13,141.5,139.13,141.28,7091100,141.281,1
2000-05-12,141.81,143.47,141.63,142.81,5960800,142.812,1
2000-05-15,142.75,145.61,142.0,145.28,4441300,145.281,1
2000-05-16,146.56,147.72,145.31,146.69,8192200,146.688,1
2000-05-17,145.69,146.19,144.47,145.16,5907200,145.156,1
2000-05-18,145.63,146.31,143.38,143.38,4325600,143.38,1
2000-05-19,142.56,143.23,140.41,141.13,6518400,141.125,1
2000-05-22,141.25,141.47,137.0,140.06,10839400,140.062,1
2000-05-23,140.44,140.81,137.56,138.0,7979200,138,1
2000-05-24,138.0,140.69,136.5,140.25,11084500,140.25,1
2000-05-25,140.69,141.81,137.72,137.84,8278900,137.844,1
2000-05-26,138.81,139.69,137.33,138.0,4814000,138,1
2000-05-30,140.0,142.94,139.47,142.5,5362700,142.5,1
2000-05-31,142.56,144.0,142.09,142.81,6056500,142.812,1
2000-06-01,143.69,145.44,143.0,145.31,8961600,145.312,1
2000-06-02,148.94,149.09,147.48,147.84,8962200,147.844,1
2000-06-05,147.47,148.22,146.88,147.13,6998100,147.125,1
2000-06-06,146.63,147.78,145.91,146.47,4858900,146.469,1
2000-06-07,146.63,148.0,146.0,147.48,4919500,147.484,1
2000-06-08,147.5,147.75,146.06,146.91,5723100,146.906,1
2000-06-09,147.5,147.97,145.63,146.59,3085300,146.594,1
2000-06-12,146.97,146.97,144.88,144.88,3478900,144.88,1
2000-06-13,144.81,147.75,144.63,147.59,6558700,147.594,1
2000-06-14,148.25,148.88,147.19,147.84,6420500,147.844,1
2000-06-15,148.13,148.75,146.84,148.16,5881200,148.156,1
2000-06-16,148.31,148.31,145.88,146.59,5567900,146.594,1
2000-06-19,146.47,149.16,146.25,148.47,5106900,148.469,1
2000-06-20,148.19,148.88,147.0,147.94,6480000,147.938,1
2000-06-21,146.94,148.44,146.89,147.88,3115000,147.875,1
2000-06-22,147.56,147.69,145.0,145.63,7490500,145.625,1
2000-06-23,145.81,146.13,143.88,144.38,4863300,144.375,1
2000-06-26,145.38,146.25,144.88,146.23,5201300,146.234,1
2000-06-27,145.98,146.72,145.02,145.16,4159500,145.156,1
2000-06-28,145.63,146.98,145.31,145.56,5347700,145.562,1
2000-06-29,144.75,145.75,143.52,144.19,6345700,144.188,1
2000-06-30,143.94,145.59,143.89,145.28,7420200,145.281,1
2000-07-03,145.44,147.44,145.19,147.28,1436600,147.281,1
2000-07-05,146.38,146.66,144.38,144.63,2748200,144.625,1
2000-07-06,144.94,146.47,144.22,145.75,5963200,145.75,1
2000-07-07,146.69,148.78,146.25,148.09,3034800,148.094,1
2000-07-10,147.88,148.91,147.53,147.84,2816100,147.844,1
2000-07-11,147.47,149.13,147.16,148.16,5431600,148.156,1
2000-07-12,149.28,150.13,148.69,149.13,5883000,149.125,1
2000-07-13,149.98,150.38,149.19,149.78,5356000,149.781,1
2000-07-14,150.44,151.25,149.67,151.25,5341900,151.25,1
2000-07-17,150.98,151.98,150.69,151.0,4208300,151,1
2000-07-18,150.63,150.63,149.34,149.77,4262100,149.766,1
2000-07-19,149.47,149.91,148.25,148.56,8506800,148.562,1
2000-07-20,149.0,150.63,148.81,150.63,4538900,150.625,1
2000-07-21,149.75,149.75,147.69,147.69,5656900,147.69,1
2000-07-24,148.13,148.86,146.56,146.84,5628500,146.844,1
2000-07-25,147.75,147.84,146.78,147.31,4757100,147.312,1
2000-07-26,146.97,147.16,145.64,145.88,12062500,145.875,1
2000-07-27,145.94,146.63,144.69,145.38,7652600,145.375,1
2000-07-28,145.72,145.91,141.52,142.09,6229500,142.094,1
2000-07-31,142.94,144.13,142.06,143.0,5265500,143,1
2000-08-01,143.63,144.72,143.13,143.88,3946600,143.875,1
2000-08-02,143.88,145.41,143.63,144.59,7439800,144.594,1
2000-08-03,142.88,145.81,142.63,145.59,4607100,145.594,1
2000-08-04,146.31,146.72,145.41,146.38,3686600,146.375,1
2000-08-07,146.72,148.44,146.38,148.13,4159800,148.125,1
2000-08-08,147.5,148.81,147.5,148.69,3658700,148.688,1
2000-08-09,149.14,149.22,147.38,147.44,5383800,147.438,1
2000-08-10,147.53,147.86,146.28,146.72,4193400,146.719,1
2000-08-11,146.63,148.0,145.56,147.41,5089400,147.406,1
2000-08-14,147.78,149.56,147.06,149.28,2966700,149.281,1
2000-08-15,149.34,149.81,148.56,149.16,5564600,149.156,1
2000-08-16,149.31,149.94,147.84,148.63,5191600,148.625,1
2000-08-17,148.69,150.44,148.34,150.19,5652200,150.188,1
2000-08-18,150.38,150.38,149.22,149.69,4626400,149.688,1
2000-08-21,150.03,150.72,149.41,150.5,2380600,150.5,1
2000-08-22,150.56,151.31,150.09,150.25,3075300,150.25,1
2000-08-23,149.81,151.28,149.28,150.84,5483200,150.844,1
2000-08-24,151.16,151.55,150.5,151.31,4529000,151.312,1
2000-08-25,151.16,151.63,150.94,151.25,2822200,151.25,1
2000-08-28,151.25,152.91,151.25,151.77,5518700,151.766,1
2000-08-29,151.44,151.88,150.91,151.8,3561900,151.797,1
2000-08-30,151.31,151.5,150.34,150.34,3964800,150.344,1
2000-08-31,151.06,153.09,150.91,152.34,4863100,152.344,1
2000-09-01,153.25,153.59,152.0,152.5,3191200,152.5,1
2000-09-05,151.88,152.2,150.81,151.28,3470800,151.281,1
2000-09-06,151.19,151.95,149.53,149.56,4322200,149.562,1
2000-09-07,150.25,151.08,149.83,150.84,4265500,150.844,1
2000-09-08,150.28,150.5,149.33,149.81,3518200,149.812,1
2000-09-11,149.75,151.19,148.69,149.59,3937500,149.594,1
2000-09-12,149.75,150.25,148.44,148.5,4769100,148.5,1
2000-09-13,148.0,149.34,147.66,148.89,7691600,148.891,1
2000-09-14,149.88,149.94,148.16,149.64,3397100,149.641,1
2000-09-15,148.19,148.25,146.0,146.0,4085700,146,1
2000-09-18,146.38,146.97,144.2,144.66,5109300,144.656,1
2000-09-19,145.13,146.31,144.7,145.97,6588200,145.969,1
2000-09-20,145.69,146.03,143.16,144.89,6508100,144.891,1
2000-09-21,144.47,145.56,142.63,142.69,5972300,142.688,1
2000-09-22,142.63,145.31,142.42,145.28,7791300,145.281,1
2000-09-25,145.94,146.06,143.72,144.25,9726300,144.25,1
2000-09-26,144.38,145.0,142.41,142.41,5302400,142.41,1
2000-09-27,143.56,143.97,142.13,143.16,7186200,143.156,1
2000-09-28,143.19,146.33,142.89,145.0,7036400,145,1
2000-09-29,145.47,145.97,143.63,143.63,9333600,143.63,1
2000-10-02,144.28,144.91,143.14,143.84,5517800,143.844,1
2000-10-03,144.53,145.75,142.28,142.5,9347200,142.5,1
2000-10-04,142.88,144.25,141.75,143.69,6149000,143.688,1
2000-10-05,143.41,144.84,143.31,144.19,4566900,144.188,1
2000-10-06,143.88,144.64,139.75,141.06,10014900,141.062,1
2000-10-09,141.31,141.31,139.38,140.0,4508000,140,1
2000-10-10,140.09,141.25,137.69,137.69,6104700,137.69,1
2000-10-11,137.63,138.63,135.13,136.53,10366000,136.531,1
2000-10-12,137.28,137.59,132.78,133.13,12336900,133.125,1
2000-10-13,132.94,137.66,132.88,137.56,11778800,137.562,1
2000-10-16,137.41,138.23,136.69,138.19,5659000,138.188,1
2000-10-17,138.44,138.56,134.41,134.75,7831700,134.75,1
2000-10-18,132.63,136.13,130.16,134.25,10897300,134.25,1
2000-10-19,136.84,139.45,136.44,139.31,8767300,139.312,1
2000-10-20,138.38,141.19,138.38,139.91,7373500,139.906,1
2000-10-23,139.94,141.03,138.94,140.53,5290000,140.531,1
2000-10-24,140.97,141.94,139.0,139.59,5750700,139.594,1
2000-10-25,138.75,139.56,136.13,136.31,9137600,136.312,1
2000-10-26,137.13,137.66,134.03,136.69,9345800,136.688,1
2000-10-27,137.88,139.28,136.63,139.28,9762900,139.281,1
2000-10-30,138.44,141.09,138.16,140.53,10154100,140.531,1
2000-10-31,141.02,143.69,140.06,142.95,7752400,142.953,1
2000-11-01,142.25,143.25,141.22,142.47,6753600,142.469,1
2000-11-02,143.16,143.91,142.52,142.7,11395100,142.703,1
2000-11-03,143.47,143.75,142.38,142.78,5187100,142.781,1
2000-11-06,143.16,144.3,143.03,143.78,4042500,143.781,1
2000-11-07,143.14,144.0,142.56,143.75,5231300,143.75,1
2000-11-08,144.06,144.06,140.56,140.56,6123300,140.562,1
2000-11-09,140.0,141.22,137.25,140.03,10635300,140.031,1
2000-11-10,139.0,139.47,136.53,136.63,8569500,136.625,1
2000-11-13,135.63,136.98,133.02,135.56,17285300,135.562,1
2000-11-14,137.47,139.63,137.0,139.13,7668900,139.125,1
2000-11-15,139.06,140.11,137.75,139.56,8837700,139.562,1
2000-11-16,139.56,139.88,137.31,137.38,6684100,137.375,1
2000-11-17,137.31,139.0,135.75,136.64,6551100,136.641,1
2000-11-20,135.75,136.38,134.31,134.69,5458500,134.688,1
2000-11-21,134.88,136.19,133.52,135.38,7684300,135.375,1
2000-11-22,134.34,134.88,132.13,132.14,5736900,132.141,1
2000-11-24,133.63,134.97,133.63,134.84,3411600,134.844,1
2000-11-27,136.47,136.69,135.31,136.03,5992000,136.031,1
2000-11-28,135.13,136.59,133.64,133.69,5336100,133.688,1
2000-11-29,134.38,135.91,133.27,133.44,6914100,133.438,1
2000-11-30,132.5,133.5,129.75,132.28,11201600,132.281,1
2000-12-01,133.19,134.06,131.0,132.22,7587200,132.219,1
2000-12-04,131.88,133.88,131.5,133.34,6996600,133.344,1
2000-12-05,134.88,138.25,134.41,137.72,8883400,137.719,1
2000-12-06,137.78,138.34,135.03,135.52,12888000,135.516,1
2000-12-07,134.88,135.88,133.66,133.66,6529100,133.66,1
2000-12-08,137.06,139.13,133.88,133.97,10275300,133.969,1
2000-12-11,137.38,139.56,136.72,138.63,6405600,138.625,1
2000-12-12,138.19,138.81,137.38,138.03,5022900,138.031,1
2000-12-13,139.25,139.41,136.03,136.14,6070500,136.141,1
2000-12-14,135.88,136.5,134.03,134.41,7778400,134.406,1
2000-12-15,133.13,133.13,130.56,130.97,9065300,130.969,1
2000-12-18,132.06,133.47,131.77,132.72,7235400,132.719,1
2000-12-19,132.47,134.97,130.02,130.02,9616700,130.02,1
2000-12-20,128.63,128.94,126.09,126.25,9994300,126.25,1
2000-12-21,126.0,128.86,125.53,127.13,14331500,127.125,1
2000-12-22,129.0,131.11,128.84,130.94,10182900,130.938,1
2000-12-26,130.84,132.34,130.28,132.34,4665300,132.344,1
2000-12-27,132.0,133.73,131.25,133.31,4854100,133.312,1
2000-12-28,132.81,133.88,132.59,133.72,8358700,133.719,1
2000-12-29,134.06,134.28,131.19,131.19,8774600,131.19,1
2001-01-02,132.0,132.16,127.56,128.81,8737500,128.812,1
2001-01-03,128.31,136.0,127.66,135.0,19431600,135,1
2001-01-04,134.94,135.47,133.0,133.55,9219000,133.547,1
2001-01-05,133.47,133.63,129.19,129.19,12911400,129.19,1
2001-01-08,129.88,130.19,127.69,130.19,6625300,130.188,1
2001-01-09,131.05,131.5,129.42,129.84,5702400,129.844,1
2001-01-10,129.0,132.13,128.81,132.13,8746100,132.125,1
2001-01-11,131.09,133.48,131.09,132.25,7245300,132.25,1
2001-01-12,132.69,133.72,131.28,132.0,7244000,132,1
2001-01-16,132.0,133.19,131.52,132.84,8542200,132.844,1
2001-01-17,134.84,135.05,132.64,133.45,7851400,133.453,1
2001-01-18,133.44,135.7,132.94,134.78,8107000,134.781,1
2001-01-19,136.19,136.19,133.88,134.02,7825300,134.016,1
2001-01-22,134.25,135.78,133.56,134.91,7050900,134.906,1
2001-01-23,134.47,136.66,134.16,135.97,8463100,135.969,1
2001-01-24,136.25,137.31,135.84,136.38,6199900,136.375,1
2001-01-25,136.25,137.25,135.66,136.03,10818300,136.031,1
2001-01-26,135.16,136.13,134.45,135.88,7135400,135.875,1
2001-01-29,135.5,136.9,135.37,136.6,6705900,136.6,1
2001-01-30,136.3,137.92,135.79,137.8,7069100,137.8,1
2001-01-31,137.4,138.7,136.6,137.02,9706900,137.02,1
2001-02-01,137.1,137.95,136.25,137.93,8239600,137.93,1
2001-02-02,137.4,137.99,134.75,134.8,8276700,134.8,1
2001-02-05,134.8,135.94,134.75,135.79,4352900,135.79,1
2001-02-06,135.3,136.7,135.22,135.39,7106700,135.39,1
2001-02-07,134.72,135.4,133.68,134.69,5748700,134.69,1
2001-02-08,134.8,135.4,133.1,133.12,5943300,133.12,1
2001-02-09,133.35,133.35,131.26,131.84,9913000,131.84,1
2001-02-12,131.7,133.5,131.7,133.35,5804400,133.35,1
2001-02-13,133.7,134.17,132.0,132.26,6587600,132.26,1
2001-02-14,132.63,132.65,130.66,132.06,8400100,132.06,1
2001-02-15,132.84,133.52,131.99,133.34,5929800,133.34,1
2001-02-16,131.0,131.29,129.3,130.4,6434900,130.4,1
2001-02-20,131.04,131.14,128.1,128.39,5760000,128.39,1
2001-02-21,127.9,128.84,125.5,125.62,10910800,125.62,1
2001-02-22,126.35,126.54,123.02,125.81,21281600,125.81,1
2001-02-23,125.08,125.54,121.8,124.96,20173000,124.96,1
2001-02-26,125.8,127.62,124.5,127.62,11503700,127.62,1
2001-02-27,126.8,127.84,125.51,126.44,11415200,126.44,1
2001-02-28,126.75,126.84,123.27,123.95,14831100,123.95,1
2001-03-01,124.05,124.6,121.75,124.6,14672000,124.6,1
2001-03-02,122.5,125.65,122.3,123.61,12564300,123.61,1
2001-03-05,124.15,124.78,123.81,124.74,5293200,124.74,1
2001-03-06,126.35,127.75,125.49,126.08,6917000,126.08,1
2001-03-07,126.9,127.04,125.76,126.98,6371700,126.98,1
2001-03-08,126.6,127.24,126.14,127.12,6055000,127.12,1
2001-03-09,126.1,126.1,123.11,123.36,10020300,123.36,1
2001-03-12,122.34,122.5,117.75,118.08,13973100,118.08,1
2001-03-13,119.4,120.44,117.53,120.02,12888000,120.02,1
2001-03-14,117.05,119.29,115.75,117.65,19883400,117.65,1
2001-03-15,118.45,118.86,117.36,117.68,10370300,117.68,1
2001-03-16,117.13,117.4,114.81,115.01,58515700,115.01,1
2001-03-19,115.76,117.69,114.82,117.35,10067800,117.35,1
2001-03-20,117.9,118.46,114.11,114.2,15086900,114.2,1
2001-03-21,114.18,115.26,111.9,112.26,19004700,112.26,1
2001-03-22,112.02,112.6,108.04,111.12,28626600,111.12,1
2001-03-23,113.25,114.66,111.5,114.48,12861700,114.48,1
2001-03-26,115.7,116.27,114.77,115.94,9944800,115.94,1
2001-03-27,115.62,118.65,115.28,118.31,12882000,118.31,1
2001-03-28,116.9,116.95,114.9,115.04,10953300,115.04,1
2001-03-29,114.7,116.5,112.14,115.48,12061600,115.48,1
2001-03-30,115.55,116.69,114.5,116.69,9183600,116.69,1
2001-04-02,116.3,117.38,113.8,114.2,10561000,114.2,1
2001-04-03,113.98,114.15,110.06,110.39,12838000,110.39,1
2001-04-04,110.58,112.1,109.3,110.85,14887300,110.85,1
2001-04-05,113.3,115.49,112.5,115.05,21528500,115.05,1
2001-04-06,113.99,114.4,112.06,113.3,14937800,113.3,1
2001-04-09,114.0,114.99,112.78,114.56,9036900,114.56,1
2001-04-10,115.45,117.75,115.17,116.65,17877100,116.65,1
2001-04-11,118.78,118.99,116.14,116.73,12735100,116.73,1
2001-04-12,116.3,118.94,115.96,118.85,9233200,118.85,1
2001-04-16,118.29,118.89,116.91,117.6,7351000,117.6,1
2001-04-17,117.31,119.66,117.02,119.26,10690200,119.26,1
2001-04-18,121.06,126.0,120.69,124.0,32495000,124,1
2001-04-19,124.25,125.84,123.58,125.65,13810800,125.65,1
2001-04-20,124.9,125.4,123.66,124.5,7626700,124.5,1
2001-04-23,123.65,123.89,121.91,122.24,8451800,122.24,1
2001-04-24,122.52,123.65,121.1,121.58,10046800,121.58,1
2001-04-25,121.42,123.67,120.95,123.17,8249000,123.17,1
2001-04-26,123.73,125.22,123.5,123.72,10590700,123.72,1
2001-04-27,124.92,125.84,124.2,125.78,8048900,125.78,1
2001-04-30,126.45,127.27,124.67,124.91,10766900,124.91,1
2001-05-01,125.07,127.15,124.6,127.05,10578300,127.05,1
2001-05-02,127.41,127.69,126.0,126.82,9572900,126.82,1
2001-05-03,126.13,126.15,124.22,125.21,9926200,125.21,1
2001-05-04,123.65,127.35,123.44,127.34,12145300,127.34,1
2001-05-07,126.86,127.38,126.23,126.24,7185200,126.24,1
2001-05-08,126.86,127.1,125.56,126.18,6952900,126.18,1
2001-05-09,125.25,126.55,125.06,125.65,9507400,125.65,1
2001-05-10,127.26,127.5,125.77,126.02,6872400,126.02,1
2001-05-11,126.0,126.49,124.4,125.15,7739400,125.15,1
2001-05-14,124.9,125.44,124.46,125.4,7914000,125.4,1
2001-05-15,125.55,126.5,124.85,125.98,9782500,125.98,1
2001-05-16,124.84,129.2,124.62,128.95,14916200,128.95,1
2001-05-17,129.0,130.08,128.56,129.15,11828900,129.15,1
2001-05-18,129.09,129.74,128.1,129.74,6683300,129.74,1
2001-05-21,129.84,131.84,129.15,131.65,11532100,131.65,1
2001-05-22,131.83,132.09,131.07,131.48,8343200,131.48,1
2001-05-23,131.05,131.05,129.25,129.25,12331000,129.25,1
2001-05-24,129.47,130.0,128.55,129.63,7906300,129.63,1
2001-05-25,129.65,129.7,127.9,128.1,7425000,128.1,1
2001-05-29,128.23,128.35,126.9,127.08,9012300,127.08,1
2001-05-30,126.59,127.09,125.0,125.3,10041800,125.3,1
2001-05-31,125.43,126.76,125.26,125.95,9875200,125.95,1
2001-06-01,126.2,127.1,125.12,126.73,8848300,126.73,1
2001-06-04,126.8,127.43,126.08,127.34,5634700,127.34,1
2001-06-05,127.49,129.23,127.27,128.8,9115900,128.8,1
2001-06-06,128.83,128.83,127.36,127.73,12067600,127.73,1
2001-06-07,127.05,128.35,127.0,128.19,7358900,128.19,1
2001-06-08,127.7,127.87,126.14,127.0,8170600,127,1
2001-06-11,126.71,126.99,125.41,126.1,7012200,126.1,1
2001-06-12,124.86,126.74,124.04,125.88,9369200,125.88,1
2001-06-13,126.17,126.58,124.65,124.8,7629600,124.8,1
2001-06-14,124.18,124.3,121.75,122.0,12603300,122,1
2001-06-15,120.91,122.4,120.4,121.85,16821300,121.85,1
2001-06-18,121.65,122.44,120.91,121.26,11376600,121.26,1
2001-06-19,122.38,122.89,120.89,121.79,7732300,121.79,1
2001-06-20,121.19,122.86,121.1,122.43,8787200,122.43,1
2001-06-21,122.22,124.31,122.15,123.82,12259100,123.82,1
2001-06-22,123.49,123.6,122.16,122.85,12212000,122.85,1
2001-06-25,123.28,123.44,121.5,121.72,8406800,121.72,1
2001-06-26,120.9,122.39,120.57,121.55,8006900,121.55,1
2001-06-27,121.6,122.24,120.91,121.48,10105100,121.48,1
2001-06-28,122.0,123.94,121.93,122.15,10271000,122.15,1
2001-06-29,122.8,124.01,122.26,122.6,9824200,122.6,1
2001-07-02,122.8,124.32,122.62,124.13,8522400,124.13,1
2001-07-03,123.98,124.1,123.05,124.1,3303100,124.1,1
2001-07-05,123.07,123.65,121.66,121.68,5520900,121.68,1
2001-07-06,121.31,121.49,119.05,119.05,11666200,119.05,1
2001-07-09,119.49,120.54,119.2,119.7,8340500,119.7,1
2001-07-10,120.29,120.64,118.21,118.26,8631900,118.26,1
2001-07-11,118.1,118.89,117.09,118.38,15374000,118.38,1
2001-07-12,119.5,121.47,119.31,121.19,12004800,121.19,1
2001-07-13,120.84,122.32,120.62,122.24,10433800,122.24,1
2001-07-16,121.77,122.28,120.29,120.71,6915300,120.71,1
2001-07-17,120.2,121.95,119.83,121.84,7470300,121.84,1
2001-07-18,120.56,121.64,120.06,121.01,7710300,121.01,1
2001-07-19,122.18,122.98,120.76,122.07,10083000,122.07,1
2001-07-20,121.15,121.94,120.92,121.34,6705800,121.34,1
2001-07-23,121.8,121.88,118.95,118.95,8067200,118.95,1
2001-07-24,119.0,119.2,116.75,117.8,12271000,117.8,1
2001-07-25,117.92,119.48,117.46,119.1,12090900,119.1,1
2001-07-26,119.06,120.85,118.56,120.35,12930100,120.35,1
2001-07-27,120.83,121.35,119.91,120.81,8481800,120.81,1
2001-07-30,121.19,121.35,120.3,120.85,8547700,120.85,1
2001-07-31,121.0,122.68,120.8,121.35,11918600,121.35,1
2001-08-01,121.97,122.7,121.55,122.11,11941800,122.11,1
2001-08-02,123.23,123.25,121.89,122.61,11070200,122.61,1
2001-08-03,122.36,122.36,120.9,121.94,10817900,121.94,1
2001-08-06,121.35,121.51,120.1,120.3,8550400,120.3,1
2001-08-07,120.27,121.2,119.91,120.77,8865100,120.77,1
2001-08-08,120.12,121.16,118.43,118.53,15183800,118.53,1
2001-08-09,118.7,118.97,117.86,118.88,14118500,118.88,1
2001-08-10,118.8,119.84,117.34,119.29,11173300,119.29,1
2001-08-13,119.6,119.85,118.82,119.32,7435400,119.32,1
2001-08-14,120.14,120.35,118.8,119.27,13178100,119.27,1
2001-08-15,119.23,119.61,118.08,118.24,8520600,118.24,1
2001-08-16,117.8,118.75,117.0,118.65,10735800,118.65,1
2001-08-17,117.65,117.87,116.01,116.75,11604600,116.75,1
2001-08-20,116.8,117.9,116.55,117.83,10417400,117.83,1
2001-08-21,117.8,118.54,115.8,115.82,14420400,115.82,1
2001-08-22,116.75,117.43,115.78,117.02,11752900,117.02,1
2001-08-23,116.96,117.52,116.49,116.6,8707600,116.6,1
2001-08-24,117.21,119.13,116.74,119.02,11688900,119.02,1
2001-08-27,118.97,119.2,118.26,118.31,7428100,118.31,1
2001-08-28,118.28,118.49,116.58,116.58,12046600,116.58,1
2001-08-29,117.13,117.18,115.17,115.54,16181800,115.54,1
2001-08-30,114.85,115.74,112.04,113.32,17693300,113.32,1
2001-08-31,113.4,114.77,113.13,114.15,15985700,114.15,1
2001-09-04,113.85,116.17,113.37,113.42,24476400,113.42,1
2001-09-05,113.7,114.19,111.95,113.7,21477700,113.7,1
2001-09-06,112.65,113.3,110.77,110.77,21655500,110.77,1
2001-09-07,110.02,111.25,108.63,108.72,33133900,108.72,1
2001-09-10,107.7,110.35,107.7,110.05,23409000,110.05,1
2001-09-17,101.0,106.4,100.0,104.3,32393800,104.3,1
2001-09-18,104.33,105.3,103.36,104.05,22029200,104.05,1
2001-09-19,104.1,104.5,98.56,101.95,42772100,101.95,1
2001-09-20,100.4,101.81,98.57,98.71,36212800,98.71,1
2001-09-21,94.05,98.99,93.8,97.28,49783500,97.28,1
2001-09-24,99.73,101.16,99.06,100.7,25549900,100.7,1
2001-09-25,100.75,102.0,99.9,101.75,25466200,101.75,1
2001-09-26,102.35,102.4,100.43,101.39,18587700,101.39,1
2001-09-27,101.25,102.29,100.0,102.27,20536800,102.27,1
2001-09-28,102.98,104.6,102.5,104.44,21787700,104.44,1
2001-10-01,103.9,104.32,102.83,104.27,20457800,104.27,1
2001-10-02,104.0,105.58,103.65,105.58,19833600,105.58,1
2001-10-03,104.6,107.88,104.35,107.35,32070900,107.35,1
2001-10-04,108.29,108.97,106.75,107.44,32676200,107.44,1
2001-10-05,107.25,107.62,105.52,107.23,29830200,107.23,1
2001-10-08,106.28,107.3,105.87,106.53,12971200,106.53,1
2001-10-09,106.61,106.75,105.6,105.96,15976300,105.96,1
2001-10-10,105.8,108.55,105.52,108.32,19992400,108.32,1
2001-10-11,108.95,110.3,108.95,110.0,23011600,110,1
2001-10-12,109.15,109.89,107.3,109.5,31363500,109.5,1
2001-10-15,108.63,109.45,108.06,109.3,16875000,109.3,1
2001-10-16,109.8,110.62,108.95,109.99,15885900,109.99,1
2001-10-17,111.07,111.15,107.65,107.65,28601700,107.65,1
2001-10-18,107.82,108.16,106.75,107.42,16521100,107.42,1
2001-10-19,107.0,107.91,106.01,107.35,21916300,107.35,1
2001-10-22,107.3,109.57,107.21,109.47,17571200,109.47,1
2001-10-23,109.96,110.28,108.38,108.91,22064500,108.91,1
2001-10-24,108.98,109.45,108.22,108.62,16065400,108.62,1
2001-10-25,107.45,110.6,106.74,110.57,27504000,110.57,1
2001-10-26,109.95,111.79,109.67,110.32,18623700,110.32,1
2001-10-29,110.16,110.55,107.45,107.45,18743900,107.45,1
2001-10-30,107.35,107.7,105.56,106.16,26203400,106.16,1
2001-10-31,106.9,107.86,105.8,105.8,28132000,105.8,1
2001-11-01,106.6,109.01,105.7,108.51,29807300,108.51,1
2001-11-02,108.44,109.38,107.87,109.25,17577900,109.25,1
2001-11-05,110.12,111.09,109.95,110.68,16100900,110.68,1
2001-11-06,110.35,112.48,109.85,112.4,23248100,112.4,1
2001-11-07,111.77,113.12,111.64,112.25,19717800,112.25,1
2001-11-08,112.87,114.08,111.9,112.6,22749200,112.6,1
2001-11-09,112.25,112.96,111.44,112.72,15897500,112.72,1
2001-11-12,111.0,112.65,110.0,112.03,26096600,112.03,1
2001-11-13,113.44,114.55,113.18,114.55,15347100,114.55,1
2001-11-14,115.17,115.4,113.71,114.66,17595500,114.66,1
2001-11-15,114.37,115.18,113.93,114.87,19472500,114.87,1
2001-11-16,115.08,115.1,113.4,114.36,18135900,114.36,1
2001-11-19,114.92,115.85,114.45,115.77,13683800,115.77,1
2001-11-20,115.37,115.8,114.64,114.8,16223000,114.8,1
2001-11-21,114.5,114.67,113.51,114.04,11471100,114.04,1
2001-11-23,114.04,115.75,114.0,115.68,6716900,115.68,1
2001-11-26,115.75,116.34,115.07,115.93,13729700,115.93,1
2001-11-27,115.62,116.9,114.09,115.43,19266400,115.43,1
2001-11-28,114.74,115.17,113.25,113.34,20247200,113.34,1
2001-11-29,113.66,114.92,113.0,114.87,17267900,114.87,1
2001-11-30,114.4,114.91,114.02,114.05,13680400,114.05,1
2001-12-03,113.65,114.08,113.01,113.37,15220400,113.37,1
2001-12-04,113.92,115.3,113.35,115.29,17245800,115.29,1
2001-12-05,115.61,118.0,115.56,117.4,25204000,117.4,1
2001-12-06,117.35,117.94,116.93,117.34,17972900,117.34,1
2001-12-07,116.9,117.09,115.7,116.56,18908000,116.56,1
2001-12-10,115.85,116.39,114.35,114.38,13862800,114.38,1
2001-12-11,114.9,115.72,113.9,114.15,20833500,114.15,1
2001-12-12,114.55,114.78,113.11,114.28,16172400,114.28,1
2001-12-13,113.45,113.7,112.04,112.06,19037900,112.06,1
2001-12-14,112.33,113.49,112.0,113.13,16723100,113.13,1
2001-12-17,112.99,114.36,112.9,114.3,13947300,114.3,1
2001-12-18,114.63,115.15,114.34,114.98,13664000,114.98,1
2001-12-19,114.09,115.92,114.0,115.79,20147400,115.79,1
2001-12-20,115.5,115.8,114.55,114.65,14867900,114.65,1
2001-12-21,115.03,115.07,114.2,114.95,14042700,114.95,1
2001-12-24,114.83,115.04,114.61,114.73,5728800,114.73,1
2001-12-26,114.65,116.21,114.65,115.36,10307900,115.36,1
2001-12-27,115.3,116.08,115.26,116.06,9407300,116.06,1
2001-12-28,116.29,116.75,115.92,116.0,10593800,116,1
2001-12-31,116.15,116.39,114.23,114.3,14620200,114.3,1
2002-01-02,115.11,115.75,113.81,115.53,18652200,115.53,1
2002-01-03,115.65,116.95,115.54,116.84,15743100,116.84,1
2002-01-04,117.17,117.98,116.55,117.62,20140700,117.62,1
2002-01-07,117.7,117.99,116.56,116.79,13106500,116.79,1
2002-01-08,116.8,117.06,115.97,116.52,12687200,116.52,1
2002-01-09,116.68,117.78,115.34,115.57,16616900,115.57,1
2002-01-10,115.69,116.35,115.3,116.08,12823400,116.08,1
2002-01-11,116.21,116.28,114.7,114.94,13708500,114.94,1
2002-01-14,114.65,114.84,113.96,114.22,12304300,114.22,1
2002-01-15,114.55,115.39,113.9,115.15,20221400,115.15,1
2002-01-16,114.3,114.4,112.69,112.82,17077200,112.82,1
2002-01-17,113.76,114.24,113.4,113.67,17707900,113.67,1
2002-01-18,113.0,113.85,112.67,113.15,17028200,113.15,1
2002-01-22,113.75,113.93,112.02,112.37,11691000,112.37,1
2002-01-23,112.63,113.55,112.02,113.23,12439100,113.23,1
2002-01-24,113.64,114.25,113.32,113.58,12163100,113.58,1
2002-01-25,113.12,114.18,113.04,113.55,12810700,113.55,1
2002-01-28,113.9,114.19,112.92,113.86,10589500,113.86,1
2002-01-29,113.85,114.13,110.05,110.28,27736100,110.28,1
2002-01-30,110.39,111.87,108.4,111.87,34712000,111.87,1
2002-01-31,112.15,113.3,111.62,113.18,19910100,113.18,1
2002-02-01,113.09,113.3,112.17,112.65,15838500,112.65,1
2002-02-04,112.23,112.23,109.45,109.85,24247500,109.85,1
2002-02-05,109.4,110.5,108.53,109.17,33614000,109.17,1
2002-02-06,109.65,109.74,108.06,108.7,29670400,108.7,1
2002-02-07,108.72,109.86,108.0,108.02,23450200,108.02,1
2002-02-08,108.63,110.75,108.3,110.09,19278100,110.09,1
2002-02-11,110.05,111.64,109.82,111.44,18792400,111.44,1
2002-02-12,110.96,111.71,110.03,111.09,13942500,111.09,1
2002-02-13,111.48,112.54,111.35,112.27,16791900,112.27,1
2002-02-14,112.51,112.97,111.59,112.06,20458200,112.06,1
2002-02-15,112.15,112.24,110.71,110.89,18394600,110.89,1
2002-02-19,110.15,110.3,108.61,108.76,15998300,108.76,1
2002-02-20,109.05,110.59,107.82,110.59,29247100,110.59,1
2002-02-21,109.93,110.63,108.26,108.3,26292800,108.3,1
2002-02-22,108.35,109.94,107.87,109.64,26572900,109.64,1
2002-02-25,109.75,111.81,109.7,111.45,17459600,111.45,1
2002-02-26,111.6,112.04,110.57,111.22,22362900,111.22,1
2002-02-27,111.96,112.86,110.65,111.65,28597900,111.65,1
2002-02-28,111.83,112.75,111.03,111.15,23755500,111.15,1
2002-03-01,111.72,113.85,111.51,113.74,26186600,113.74,1
2002-03-04,113.9,115.99,113.65,115.75,27187800,115.75,1
2002-03-05,115.33,116.4,114.97,115.38,22733500,115.38,1
2002-03-06,115.1,117.15,115.08,116.75,20169700,116.75,1
2002-03-07,117.36,117.5,115.57,116.5,19331900,116.5,1
2002-03-08,117.38,117.91,116.48,116.99,19930800,116.99,1
2002-03-11,116.89,117.9,116.43,117.24,15622100,117.24,1
2002-03-12,116.11,117.25,115.94,117.17,17155000,117.17,1
2002-03-13,116.63,116.75,115.64,116.04,17176600,116.04,1
2002-03-14,116.04,116.43,115.63,115.88,11169600,115.88,1
2002-03-15,115.97,116.95,115.9,116.65,21222100,116.65,1
2002-03-18,117.1,117.57,116.1,116.67,17558000,116.67,1
2002-03-19,117.3,117.74,116.82,117.45,17913600,117.45,1
2002-03-20,116.5,116.58,115.19,115.24,17128200,115.24,1
2002-03-21,115.3,115.83,114.12,115.29,26888800,115.29,1
2002-03-22,115.5,115.94,114.7,115.04,15235400,115.04,1
2002-03-25,115.09,115.36,113.3,113.61,17507200,113.61,1
2002-03-26,113.52,115.02,113.47,114.27,19950600,114.27,1
2002-03-27,114.03,115.01,113.76,114.57,19021400,114.57,1
2002-03-28,114.97,115.77,114.5,114.52,17535900,114.52,1
2002-04-01,114.23,115.1,113.5,114.57,17714000,114.57,1
2002-04-02,113.98,114.95,113.77,113.94,15596700,113.94,1
2002-04-03,114.01,114.22,112.16,113.14,25662700,113.14,1
2002-04-04,112.6,113.4,112.23,112.67,23561400,112.67,1
2002-04-05,113.19,113.63,112.18,112.69,19404900,112.69,1
2002-04-08,111.32,113.03,111.23,112.93,16476200,112.93,1
2002-04-09,113.19,113.19,111.93,112.14,15122700,112.14,1
2002-04-10,112.1,113.54,112.09,113.41,17204500,113.41,1
2002-04-11,112.89,113.05,110.5,110.59,25460200,110.59,1
2002-04-12,111.03,111.65,110.57,111.42,14950600,111.42,1
2002-04-15,111.62,111.86,110.2,110.57,17403600,110.57,1
2002-04-16,111.7,113.32,111.67,113.2,15098400,113.2,1
2002-04-17,113.39,113.67,112.6,112.96,12928600,112.96,1
2002-04-18,112.9,113.46,111.15,112.47,25219800,112.47,1
2002-04-19,113.2,113.24,112.56,112.88,10602500,112.88,1
2002-04-22,112.38,112.43,110.84,111.0,13924500,111,1
2002-04-23,111.09,111.48,110.17,110.52,16973800,110.52,1
2002-04-24,110.56,111.81,109.4,109.41,18903900,109.41,1
2002-04-25,109.21,109.74,108.72,109.47,25456900,109.47,1
2002-04-26,109.79,110.01,107.29,107.39,19770000,107.39,1
2002-04-29,107.93,108.26,106.63,106.86,17725600,106.86,1
2002-04-30,107.02,108.64,106.64,107.86,19475300,107.86,1
2002-05-01,107.97,109.25,106.8,109.18,24581100,109.18,1
2002-05-02,109.1,109.91,107.78,108.76,15667300,108.76,1
2002-05-03,108.6,108.76,107.2,107.58,18186000,107.58,1
2002-05-06,107.65,108.0,105.31,105.47,23911200,105.47,1
2002-05-07,106.11,106.32,104.9,105.1,22173500,105.1,1
2002-05-08,107.05,109.36,106.79,109.01,27918600,109.01,1
2002-05-09,108.65,109.1,107.58,107.75,18087300,107.75,1
2002-05-10,107.97,108.05,105.6,105.72,18959500,105.72,1
2002-05-13,106.22,107.95,105.8,107.87,14687000,107.87,1
2002-05-14,109.62,110.37,109.0,110.22,34224900,110.22,1
2002-05-15,109.5,110.91,109.29,109.79,29539200,109.79,1
2002-05-16,109.7,110.48,109.33,110.36,28097400,110.36,1
2002-05-17,110.66,111.25,110.1,110.9,27823700,110.9,1
2002-05-20,110.64,110.69,109.49,109.7,13834200,109.7,1
2002-05-21,110.11,110.49,108.32,108.7,16878100,108.7,1
2002-05-22,108.22,109.12,108.0,108.94,15845100,108.94,1
2002-05-23,109.26,110.36,108.48,110.1,13881600,110.1,1
2002-05-24,109.98,110.21,108.61,108.69,11876600,108.69,1
2002-05-28,109.05,109.13,107.45,108.1,24237200,108.1,1
2002-05-29,107.63,108.02,107.13,107.3,14779300,107.3,1
2002-05-30,106.55,107.51,105.9,107.0,18218100,107,1
2002-05-31,107.4,108.56,106.85,107.22,19826300,107.22,1
2002-06-03,107.09,107.6,104.13,104.37,26074700,104.37,1
2002-06-04,104.15,105.2,103.55,104.63,25872100,104.63,1
2002-06-05,104.95,105.67,104.35,105.61,19718500,105.61,1
2002-06-06,105.54,105.6,103.15,103.46,23369900,103.46,1
2002-06-07,101.79,103.92,101.72,103.34,24011600,103.34,1
2002-06-10,103.24,104.46,103.02,103.74,18760200,103.74,1
2002-06-11,104.13,104.54,101.73,101.96,19992200,101.96,1
2002-06-12,101.71,102.81,100.78,102.58,31273400,102.58,1
2002-06-13,102.13,103.0,101.34,101.55,21052400,101.55,1
2002-06-14,100.31,101.56,98.5,101.4,39267500,101.4,1
2002-06-17,101.92,104.34,101.85,104.12,17649000,104.12,1
2002-06-18,103.74,105.03,103.63,104.97,21860800,104.97,1
2002-06-19,103.5,104.43,102.24,102.52,21550900,102.52,1
2002-06-20,102.27,103.05,100.96,101.21,25762400,101.21,1
2002-06-21,100.47,100.93,98.69,99.28,31191400,99.28,1
2002-06-24,98.61,100.69,97.25,99.8,37173800,99.8,1
2002-06-25,100.3,100.89,97.54,97.56,33419000,97.56,1
2002-06-26,95.2,98.15,95.19,97.72,37928400,97.72,1
2002-06-27,98.5,99.49,96.57,99.43,31729100,99.43,1
2002-06-28,99.24,100.5,98.88,98.96,28185600,98.96,1
2002-07-01,99.19,99.8,96.89,97.03,20282900,97.03,1
2002-07-02,96.87,97.2,94.77,94.97,34219100,94.97,1
2002-07-03,94.62,95.84,93.73,95.51,30571900,95.51,1
2002-07-05,96.78,99.53,96.67,99.31,19014900,99.31,1
2002-07-08,98.98,99.7,97.56,98.07,19123100,98.07,1
2002-07-09,97.73,98.34,95.01,95.6,28636000,95.6,1
2002-07-10,96.0,96.07,92.04,92.12,50533700,92.12,1
2002-07-11,91.76,93.35,90.32,92.87,59537700,92.87,1
2002-07-12,93.33,93.89,91.52,91.85,39026100,91.85,1
2002-07-15,91.64,92.4,87.89,92.34,77322900,92.34,1
2002-07-16,91.13,92.38,89.87,90.56,53293100,90.56,1
2002-07-17,92.46,93.3,89.75,90.74,49016200,90.74,1
2002-07-18,90.7,91.1,87.75,87.8,32721600,87.8,1
2002-07-19,86.77,87.55,84.3,84.71,77712000,84.71,1
2002-07-22,84.11,85.91,81.45,82.2,78252700,82.2,1
2002-07-23,82.55,83.24,79.75,79.95,74520500,79.95,1
2002-07-24,78.14,85.12,77.68,84.72,107023100,84.72,1
2002-07-25,84.28,85.85,81.6,84.0,87195600,84,1
2002-07-26,84.65,85.93,83.8,85.6,41211700,85.6,1
2002-07-29,87.51,90.34,87.3,89.77,53498500,89.77,1
2002-07-30,89.32,91.4,88.72,90.94,47570000,90.94,1
2002-07-31,90.5,91.55,89.25,91.16,44719500,91.16,1
2002-08-01,90.88,91.35,88.33,88.78,66576300,88.78,1
2002-08-02,88.5,88.92,85.62,86.79,51831200,86.79,1
2002-08-05,86.5,86.93,83.55,83.77,47199500,83.77,1
2002-08-06,85.23,87.9,85.05,86.59,65257800,86.59,1
2002-08-07,87.88,88.5,85.77,88.1,43720300,88.1,1
2002-08-08,88.42,91.1,87.8,90.95,48380400,90.95,1
2002-08-09,90.1,91.94,89.35,91.29,41880600,91.29,1
2002-08-12,90.0,91.27,89.55,90.62,25858300,90.62,1
2002-08-13,90.15,91.66,88.65,88.97,49637500,88.97,1
2002-08-14,89.02,92.63,88.02,92.22,57437000,92.22,1
2002-08-15,92.85,93.99,92.2,93.5,45653700,93.5,1
2002-08-16,92.82,94.08,92.0,93.22,36518800,93.22,1
2002-08-19,93.46,95.75,93.1,95.4,33676900,95.4,1
2002-08-20,94.82,95.4,93.62,94.39,30513600,94.39,1
2002-08-21,95.06,95.78,93.57,95.75,39635600,95.75,1
2002-08-22,95.49,97.15,95.07,96.68,38404300,96.68,1
2002-08-23,96.02,96.15,94.15,94.6,33717800,94.6,1
2002-08-26,94.91,95.64,93.5,95.26,33832800,95.26,1
2002-08-27,95.7,96.25,93.5,94.16,46036700,94.16,1
2002-08-28,93.29,93.49,91.8,92.1,38983800,92.1,1
2002-08-29,91.27,93.06,90.81,92.14,42968100,92.14,1
2002-08-30,91.69,93.39,91.4,91.78,30371500,91.78,1
2002-09-03,90.73,91.0,88.15,88.28,76692300,88.28,1
2002-09-04,88.61,90.25,88.06,89.54,51100600,89.54,1
2002-09-05,88.49,89.43,87.5,88.78,67335200,88.78,1
2002-09-06,89.75,90.57,89.35,90.0,38622900,90,1
2002-09-09,89.1,91.35,88.8,90.66,34078600,90.66,1
2002-09-10,91.14,91.78,90.56,91.7,41430300,91.7,1
2002-09-11,92.47,93.33,91.1,91.13,27746100,91.13,1
2002-09-12,90.75,90.84,88.99,89.45,43639100,89.45,1
2002-09-13,88.7,89.9,88.25,89.67,41131300,89.67,1
2002-09-16,89.32,89.89,88.47,89.89,28170800,89.89,1
2002-09-17,90.89,91.19,87.75,87.83,47770000,87.83,1
2002-09-18,87.02,88.5,86.28,86.95,54847500,86.95,1
2002-09-19,86.0,86.8,84.7,84.7,48524600,84.7,1
2002-09-20,84.92,85.2,84.05,84.35,46326200,84.35,1
2002-09-23,83.65,84.07,82.69,83.66,46913200,83.66,1
2002-09-24,82.44,83.65,81.85,82.31,69598900,82.31,1
2002-09-25,83.37,84.77,82.04,84.35,59297300,84.35,1
2002-09-26,85.02,85.97,84.45,85.73,53672400,85.73,1
2002-09-27,85.0,85.63,82.75,82.75,64778400,82.75,1
2002-09-30,82.0,82.8,80.01,81.79,73096500,81.79,1
2002-10-01,82.44,85.77,81.47,85.72,67278500,85.72,1
2002-10-02,84.69,85.53,82.6,83.15,56850900,83.15,1
2002-10-03,83.14,84.6,81.95,82.31,55568900,82.31,1
2002-10-04,82.8,82.92,79.58,80.8,68725100,80.8,1
2002-10-07,80.06,81.2,78.55,79.13,53197600,79.13,1
2002-10-08,79.81,81.31,78.2,80.37,79535200,80.37,1
2002-10-09,79.09,79.7,77.78,78.1,79918900,78.1,1
2002-10-10,77.94,81.07,77.07,80.63,76784800,80.63,1
2002-10-11,82.1,84.73,81.82,84.16,82323000,84.16,1
2002-10-14,83.2,84.85,83.04,84.63,40644700,84.63,1
2002-10-15,86.99,88.72,86.86,88.7,82460100,88.7,1
2002-10-16,87.42,87.8,85.92,86.55,63588600,86.55,1
2002-10-17,88.87,89.3,87.85,88.27,68608100,88.27,1
2002-10-18,87.65,89.11,86.93,88.64,47563900,88.64,1
2002-10-21,88.12,90.5,87.57,90.17,45977500,90.17,1
2002-10-22,89.05,90.01,88.52,89.52,41217400,89.52,1
2002-10-23,88.77,90.27,87.68,90.2,55102700,90.2,1
2002-10-24,90.75,90.9,88.1,88.36,55305700,88.36,1
2002-10-25,88.22,90.39,87.94,90.2,43735200,90.2,1
2002-10-28,91.15,91.29,88.85,89.61,39428500,89.61,1
2002-10-29,89.08,89.49,87.0,88.57,59535800,88.57,1
2002-10-30,88.68,89.96,88.23,89.43,41707400,89.43,1
2002-10-31,89.66,90.3,88.19,88.52,41623000,88.52,1
2002-11-01,88.35,90.82,88.05,90.27,51905100,90.27,1
2002-11-04,91.8,92.94,90.9,91.13,49084800,91.13,1
2002-11-05,90.84,92.07,90.84,91.85,37291500,91.85,1
2002-11-06,92.48,93.07,90.79,93.04,65347600,93.04,1
2002-11-07,92.03,92.22,90.22,90.76,51582000,90.76,1
2002-11-08,90.53,91.57,89.52,89.65,37911900,89.65,1
2002-11-11,89.52,89.56,87.8,88.26,33598500,88.26,1
2002-11-12,88.66,89.93,88.37,88.96,37775500,88.96,1
2002-11-13,88.32,89.75,87.45,89.05,63916100,89.05,1
2002-11-14,90.07,91.0,89.76,90.73,31988900,90.73,1
2002-11-15,90.0,91.55,89.95,91.4,39166800,91.4,1
2002-11-18,92.15,92.15,90.35,90.48,29019400,90.48,1
2002-11-19,90.02,91.1,89.76,90.36,32814800,90.36,1
2002-11-20,89.98,92.42,89.95,92.37,36823200,92.37,1
2002-11-21,92.6,94.19,92.43,94.09,55172500,94.09,1
2002-11-22,93.48,94.27,93.27,93.42,32515000,93.42,1
2002-11-25,93.43,94.26,92.77,93.48,34060600,93.48,1
2002-11-26,93.07,93.45,91.62,91.7,42290400,91.7,1
2002-11-27,92.52,94.65,92.43,94.28,37775100,94.28,1
2002-11-29,94.8,94.95,93.77,93.98,19385700,93.98,1
2002-12-02,95.47,96.05,93.22,94.13,49798600,94.13,1
2002-12-03,93.25,93.4,92.35,92.87,34434200,92.87,1
2002-12-04,91.77,93.14,91.43,92.45,64151000,92.45,1
2002-12-05,92.7,92.8,91.1,91.43,36825300,91.43,1
2002-12-06,90.12,92.17,89.98,92.03,50132600,92.03,1
2002-12-09,91.07,91.46,89.48,89.5,36888500,89.5,1
2002-12-10,90.02,91.1,89.76,90.7,33451700,90.7,1
2002-12-11,90.42,91.62,90.16,90.78,39207900,90.78,1
2002-12-12,91.2,91.49,90.2,90.77,34486300,90.77,1
2002-12-13,89.91,90.48,89.27,89.34,36877700,89.34,1
2002-12-16,89.82,91.79,89.66,91.65,37119500,91.65,1
2002-12-17,91.37,91.74,90.74,90.85,32405800,90.85,1
2002-12-18,90.32,90.4,89.33,89.8,35651300,89.8,1
2002-12-19,89.35,90.7,88.6,89.16,39293300,89.16,1
2002-12-20,89.2,90.02,89.1,89.99,31183500,89.99,1
2002-12-23,89.59,90.47,89.31,90.02,22645500,90.02,1
2002-12-24,89.59,89.86,89.25,89.36,10937000,89.355,1
2002-12-26,89.7,90.61,88.84,89.39,17490000,89.39,1
2002-12-27,88.96,89.29,87.38,87.38,22213100,87.38,1
2002-12-30,87.8,88.47,87.22,88.11,29972300,88.11,1
2002-12-31,87.99,88.43,87.11,88.23,34038300,88.23,1
2003-01-02,88.85,91.3,88.54,91.07,44645400,91.07,1
2003-01-03,90.91,91.39,90.5,91.35,32227900,91.35,1
2003-01-06,91.24,93.49,91.18,92.96,41009800,92.96,1
2003-01-07,92.9,93.37,92.2,92.73,38656800,92.73,1
2003-01-08,92.2,92.4,91.05,91.39,38739700,91.39,1
2003-01-09,91.82,93.18,91.41,92.81,34858800,92.81,1
2003-01-10,91.95,93.64,91.8,93.06,37773300,93.06,1
2003-01-13,93.54,93.86,92.44,93.03,31676800,93.03,1
2003-01-14,92.69,93.83,92.41,93.33,30924700,93.33,1
2003-01-15,93.54,93.57,91.91,92.4,33543000,92.4,1
2003-01-16,92.5,92.93,91.45,92.02,45381800,92.02,1
2003-01-17,90.99,92.3,90.15,90.66,35622700,90.66,1
2003-01-21,90.87,90.92,88.95,89.25,42376400,89.25,1
2003-01-22,88.77,89.32,88.0,88.17,42816000,88.17,1
2003-01-23,88.75,89.38,87.95,88.71,56082000,88.71,1
2003-01-24,88.59,88.68,86.17,86.38,68703000,86.38,1
2003-01-27,85.73,86.8,84.5,85.2,58297300,85.2,1
2003-01-28,85.63,86.4,85.13,85.83,46965300,85.83,1
2003-01-29,85.44,87.18,84.77,86.48,53780800,86.48,1
2003-01-30,86.79,86.88,84.4,84.43,49886700,84.43,1
2003-01-31,84.15,86.22,84.15,86.06,55323600,86.06,1
2003-02-03,86.14,86.82,85.92,86.23,39799900,86.23,1
2003-02-04,85.31,85.75,84.3,85.38,43762600,85.38,1
2003-02-05,85.75,86.54,84.49,84.85,55304300,84.85,1
2003-02-06,84.37,84.89,83.65,84.45,53664400,84.45,1
2003-02-07,84.91,84.99,82.97,83.42,43170100,83.42,1
2003-02-10,83.47,84.13,82.65,84.01,45476500,84.01,1
2003-02-11,84.37,84.71,82.83,83.43,46887400,83.43,1
2003-02-12,83.16,83.62,82.09,82.1,35929500,82.1,1
2003-02-13,82.15,82.66,81.0,82.35,58073500,82.35,1
2003-02-14,82.37,84.2,81.83,84.15,59590200,84.15,1
2003-02-18,84.53,85.8,84.39,85.63,39527000,85.63,1
2003-02-19,85.32,85.47,84.28,85.18,31441500,85.18,1
2003-02-20,85.21,85.42,84.05,84.33,29300500,84.33,1
2003-02-21,84.38,85.74,83.46,85.18,60965300,85.18,1
2003-02-24,84.93,85.0,83.59,83.8,30703600,83.8,1
2003-02-25,82.95,84.49,82.22,84.47,56927400,84.47,1
2003-02-26,84.02,84.53,83.08,83.24,37808200,83.24,1
2003-02-27,83.7,84.75,83.16,84.34,51834200,84.34,1
2003-02-28,84.47,85.23,84.16,84.9,43891400,84.9,1
2003-03-03,85.26,85.78,83.72,84.09,42942600,84.09,1
2003-03-04,83.95,84.01,82.65,82.75,31481900,82.75,1
2003-03-05,82.61,83.54,82.36,83.45,44110700,83.45,1
2003-03-06,82.87,83.52,82.47,82.75,41469400,82.75,1
2003-03-07,81.61,83.99,81.43,83.32,63584700,83.32,1
2003-03-10,82.6,82.86,81.1,81.32,41077700,81.32,1
2003-03-11,81.48,82.0,80.48,80.52,48128900,80.52,1
2003-03-12,80.38,81.1,79.38,81.06,62483800,81.06,1
2003-03-13,82.18,83.91,81.53,83.86,72199000,83.86,1
2003-03-14,84.2,84.77,83.35,84.13,63965400,84.13,1
2003-03-17,83.46,86.95,83.22,86.78,88316900,86.78,1
2003-03-18,87.15,87.35,86.28,87.29,51094700,87.29,1
2003-03-19,87.28,88.16,86.68,87.96,49668600,87.96,1
2003-03-20,87.33,88.59,86.35,88.15,67479700,88.15,1
2003-03-21,88.8,89.88,87.93,89.67,71267000,89.67,1
2003-03-24,88.02,88.14,86.35,86.69,65434500,86.69,1
2003-03-25,86.74,88.26,86.44,87.52,61190500,87.52,1
2003-03-26,87.56,87.85,86.8,87.08,45772400,87.08,1
2003-03-27,86.4,87.66,85.99,87.15,53294500,87.15,1
2003-03-28,86.47,87.28,86.25,86.71,32604600,86.71,1
2003-03-31,85.35,86.59,84.4,84.74,60802300,84.74,1
2003-04-01,85.25,86.39,84.91,86.04,53914800,86.04,1
2003-04-02,87.54,88.77,87.5,88.12,50507800,88.12,1
2003-04-03,88.87,88.99,87.65,87.7,49028500,87.7,1
2003-04-04,88.43,88.59,87.62,88.22,36262500,88.22,1
2003-04-07,90.34,90.85,87.97,88.05,69833100,88.05,1
2003-04-08,88.3,88.65,87.71,88.19,39753900,88.19,1
2003-04-09,88.36,89.1,86.77,87.03,55693900,87.03,1
2003-04-10,87.09,87.63,86.54,87.51,42155800,87.51,1
2003-04-11,88.16,88.7,86.86,87.15,47738800,87.15,1
2003-04-14,87.47,89.0,87.0,88.95,36967900,88.95,1
2003-04-15,88.84,89.78,88.42,89.78,49989400,89.78,1
2003-04-16,89.91,90.07,88.03,88.25,51820400,88.25,1
2003-04-17,88.3,89.72,88.19,89.56,37487500,89.56,1
2003-04-21,89.86,90.16,89.06,89.65,32085800,89.65,1
2003-04-22,89.1,91.56,88.89,91.34,59870000,91.34,1
2003-04-23,91.62,92.35,91.24,92.18,44254100,92.18,1
2003-04-24,91.53,92.08,90.96,91.36,50038400,91.36,1
2003-04-25,91.3,91.47,90.02,90.23,43926700,90.23,1
2003-04-28,90.44,92.19,90.3,91.79,46471900,91.79,1
2003-04-29,92.14,92.8,91.4,92.11,52347400,92.11,1
2003-04-30,91.91,92.57,91.41,91.91,48919400,91.91,1
2003-05-01,91.92,92.73,90.5,91.9,50419000,91.9,1
2003-05-02,91.56,93.47,91.49,93.21,50239900,93.21,1
2003-05-05,93.47,93.78,92.5,93.03,35456200,93.03,1
2003-05-06,93.04,94.38,93.0,93.91,44587300,93.91,1
2003-05-07,93.42,94.14,92.97,93.39,41443000,93.39,1
2003-05-08,92.52,93.34,92.28,92.45,40774900,92.45,1
2003-05-09,92.83,93.8,92.61,93.73,33653700,93.73,1
2003-05-12,93.5,95.12,93.28,94.88,35688500,94.88,1
2003-05-13,94.53,95.19,94.26,94.71,39299000,94.71,1
2003-05-14,95.09,95.24,93.91,94.51,32236900,94.51,1
2003-05-15,94.89,95.33,94.25,95.11,43939900,95.11,1
2003-05-16,94.89,95.45,94.26,94.87,38914500,94.87,1
2003-05-19,94.15,94.89,92.33,92.65,43242300,92.65,1
2003-05-20,92.82,93.03,91.6,92.46,55457600,92.46,1
2003-05-21,92.11,92.88,91.91,92.65,49859600,92.65,1
2003-05-22,92.95,94.05,92.68,93.57,38463900,93.57,1
2003-05-23,93.53,93.98,93.14,93.76,26158600,93.76,1
2003-05-27,93.3,95.84,93.18,95.4,43739500,95.4,1
2003-05-28,95.85,96.47,95.43,95.67,37752100,95.67,1
2003-05-29,95.88,96.82,95.08,95.42,50972100,95.42,1
2003-05-30,95.9,97.09,95.56,96.95,52546300,96.95,1
2003-06-02,97.53,98.45,96.67,97.35,50711700,97.35,1
2003-06-03,97.15,97.84,96.85,97.75,39555300,97.75,1
2003-06-04,97.66,99.35,97.57,99.16,49443600,99.16,1
2003-06-05,98.58,99.65,98.27,99.65,46432100,99.65,1
2003-06-06,100.4,101.4,99.13,99.26,60401100,99.26,1
2003-06-09,98.77,99.1,97.77,98.25,38400100,98.25,1
2003-06-10,98.46,99.26,98.19,99.25,30120200,99.25,1
2003-06-11,99.16,100.39,98.71,100.3,37641900,100.3,1
2003-06-12,100.75,100.9,99.62,100.61,36491400,100.61,1
2003-06-13,100.61,100.75,98.95,99.56,48640800,99.56,1
2003-06-16,99.96,101.7,99.8,101.66,36422100,101.66,1
2003-06-17,102.07,102.18,101.23,101.66,36824400,101.66,1
2003-06-18,101.29,102.14,101.0,101.57,35552200,101.57,1
2003-06-19,101.64,101.73,99.84,100.02,43570700,100.02,1
2003-06-20,100.39,100.5,99.42,99.44,41554900,99.44,1
2003-06-23,99.45,99.66,97.92,98.42,34344600,98.42,1
2003-06-24,98.22,99.06,98.02,98.52,36237900,98.52,1
2003-06-25,98.53,99.44,97.53,97.53,47864500,97.53,1
2003-06-26,97.78,98.98,96.96,98.8,33552000,98.8,1
2003-06-27,98.75,99.19,97.58,97.66,54216000,97.66,1
2003-06-30,98.22,98.67,97.47,97.63,33865300,97.63,1
2003-07-01,97.25,98.85,96.43,98.53,51418400,98.53,1
2003-07-02,98.77,99.79,98.57,99.77,34679700,99.77,1
2003-07-03,99.07,99.85,97.9,98.74,30868400,98.74,1
2003-07-07,99.65,100.9,99.65,100.7,31432300,100.7,1
2003-07-08,100.5,101.29,100.17,101.15,33159700,101.15,1
2003-07-09,100.92,101.4,100.03,100.58,36632000,100.58,1
2003-07-10,99.84,100.04,98.63,99.3,49850500,99.3,1
2003-07-11,99.39,100.45,99.39,100.24,40079100,100.24,1
2003-07-14,101.2,101.9,99.92,100.73,42157200,100.73,1
2003-07-15,101.38,101.46,99.95,100.51,63632700,100.51,1
2003-07-16,100.81,100.87,99.23,99.92,40217600,99.92,1
2003-07-17,99.15,99.88,98.16,98.5,48928600,98.5,1
2003-07-18,99.02,99.8,98.46,99.51,35705800,99.51,1
2003-07-21,99.45,99.49,97.85,98.28,35142700,98.28,1
2003-07-22,98.69,99.41,97.91,99.17,50010600,99.17,1
2003-07-23,99.21,99.45,98.28,99.24,37302100,99.24,1
2003-07-24,99.99,100.34,98.37,98.49,41176100,98.49,1
2003-07-25,98.66,100.29,98.04,100.23,43329600,100.23,1
2003-07-28,100.37,100.98,99.67,99.86,34417000,99.86,1
2003-07-29,100.14,100.27,98.68,99.4,53571600,99.4,1
2003-07-30,99.6,99.79,98.93,99.16,28428700,99.16,1
2003-07-31,99.98,100.94,99.05,99.39,59123300,99.39,1
2003-08-01,99.19,99.53,98.24,98.51,49326900,98.51,1
2003-08-04,98.31,99.0,97.0,98.51,55546900,98.51,1
2003-08-05,98.41,98.76,96.34,96.42,61749600,96.42,1
2003-08-06,96.69,98.06,96.42,96.98,51183600,96.98,1
2003-08-07,97.17,98.07,96.76,98.0,43549000,98,1
2003-08-08,98.32,98.55,97.76,98.28,27359700,98.28,1
2003-08-11,98.26,99.04,97.84,98.65,34638500,98.65,1
2003-08-12,98.71,99.59,98.42,99.55,43366600,99.55,1
2003-08-13,99.82,99.85,98.53,99.04,36158300,99.04,1
2003-08-14,99.1,99.75,98.51,99.31,30577500,99.31,1
2003-08-15,99.21,99.79,99.12,99.62,12567600,99.62,1
2003-08-18,99.93,100.6,99.74,100.48,22951800,100.48,1
2003-08-19,100.69,100.94,100.0,100.86,37460700,100.86,1
2003-08-20,100.29,100.89,100.16,100.45,23206200,100.45,1
2003-08-21,101.05,101.52,100.4,100.77,46553400,100.77,1
2003-08-22,101.75,101.82,99.73,99.77,52046700,99.77,1
2003-08-25,99.71,100.83,99.28,99.93,23495600,99.93,1
2003-08-26,99.5,100.39,98.83,100.11,45084500,100.11,1
2003-08-27,100.05,100.36,99.57,100.14,18987900,100.14,1
2003-08-28,100.4,101.0,99.66,100.76,27427400,100.76,1
2003-08-29,100.61,101.48,100.48,101.44,28721900,101.44,1
2003-09-02,101.64,102.88,101.05,102.8,50864300,102.8,1
2003-09-03,103.03,103.7,102.78,103.36,44927200,103.36,1
2003-09-04,103.1,103.55,102.76,103.41,28404900,103.41,1
2003-09-05,102.94,103.55,102.4,102.83,31656500,102.83,1
2003-09-08,103.04,103.88,102.93,103.68,32666300,103.68,1
2003-09-09,103.37,103.46,102.68,103.0,35084100,103,1
2003-09-10,102.54,102.8,101.55,101.96,45953600,101.96,1
2003-09-11,102.1,102.76,101.84,102.26,38801600,102.26,1
2003-09-12,101.91,102.64,101.35,102.45,42443200,102.45,1
2003-09-15,102.52,102.63,101.95,102.09,21321900,102.09,1
2003-09-16,102.23,103.64,102.17,103.58,37956300,103.58,1
2003-09-17,103.48,103.78,103.05,103.38,32073000,103.38,1
2003-09-18,103.4,104.7,103.17,104.6,30295300,104.6,1
2003-09-19,104.27,104.6,103.4,103.67,34385900,103.67,1
2003-09-22,102.85,102.96,102.03,102.55,36704300,102.55,1
2003-09-23,102.59,103.29,102.36,102.94,32514100,102.94,1
2003-09-24,103.12,103.22,101.07,101.11,41720700,101.11,1
2003-09-25,101.41,101.88,100.2,100.28,53188100,100.28,1
2003-09-26,100.44,100.66,99.85,99.95,42916300,99.95,1
2003-09-29,100.3,100.99,99.79,100.93,36793100,100.93,1
2003-09-30,100.48,100.76,99.25,99.95,70777300,99.95,1
2003-10-01,100.24,102.18,100.2,102.08,65806400,102.08,1
2003-10-02,101.93,102.56,101.63,102.45,44639600,102.45,1
2003-10-03,103.67,104.28,103.08,103.39,48822200,103.39,1
2003-10-06,103.48,103.99,103.2,103.86,20246500,103.86,1
2003-10-07,103.26,104.31,102.91,104.26,42636600,104.26,1
2003-10-08,104.33,104.39,103.41,104.0,30944800,104,1
2003-10-09,104.88,105.22,103.83,104.28,40100900,104.28,1
2003-10-10,104.27,104.6,103.91,104.57,22686200,104.57,1
2003-10-13,104.72,105.29,104.51,104.9,23830300,104.9,1
2003-10-14,104.8,105.43,104.36,105.27,38506000,105.27,1
2003-10-15,105.86,105.89,104.64,104.99,39893900,104.99,1
2003-10-16,104.68,105.73,104.65,105.41,32794000,105.41,1
2003-10-17,105.47,105.63,103.98,104.26,32802200,104.26,1
2003-10-20,104.45,105.04,103.94,105.04,27791200,105.04,1
2003-10-21,104.82,105.28,104.32,104.86,26768000,104.86,1
2003-10-22,104.03,104.19,103.19,103.54,34131200,103.54,1
2003-10-23,102.89,103.95,102.84,103.35,46431100,103.35,1
2003-10-24,102.83,103.58,102.18,103.58,51738800,103.58,1
2003-10-27,103.74,104.18,103.27,103.63,32335000,103.63,1
2003-10-28,103.98,105.15,103.82,105.04,35036600,105.04,1
2003-10-29,104.77,105.43,104.69,105.18,30970400,105.18,1
2003-10-30,105.79,105.97,104.8,105.4,39153300,105.4,1
2003-10-31,105.4,105.74,105.22,105.3,25765300,105.3,1
2003-11-03,105.75,106.61,105.71,105.99,37605700,105.99,1
2003-11-04,105.99,106.27,105.58,105.76,31435400,105.76,1
2003-11-05,105.54,105.97,104.9,105.84,33661200,105.84,1
2003-11-06,105.6,106.44,105.1,106.4,28414000,106.4,1
2003-11-07,106.64,106.72,105.57,105.61,31737600,105.61,1
2003-11-10,105.74,105.84,105.01,105.18,25538500,105.18,1
2003-11-11,105.09,105.33,104.8,105.15,26809400,105.15,1
2003-11-12,105.23,106.47,105.16,106.33,28064200,106.33,1
2003-11-13,106.01,106.54,105.78,106.36,29725100,106.36,1
2003-11-14,106.4,106.95,105.29,105.46,49163100,105.46,1
2003-11-17,104.91,105.14,104.04,104.93,44440700,104.93,1
2003-11-18,105.24,105.45,103.7,103.84,41169200,103.84,1
2003-11-19,104.03,105.01,103.92,104.72,29848600,104.72,1
2003-11-20,103.91,105.24,103.75,103.78,53636400,103.78,1
2003-11-21,104.24,104.33,103.62,104.21,30027800,104.21,1
2003-11-24,104.69,105.78,104.68,105.59,28975000,105.59,1
2003-11-25,105.71,106.42,105.45,105.99,37583300,105.99,1
2003-11-26,106.42,106.45,105.39,106.37,33078800,106.37,1
2003-11-28,106.31,106.66,106.2,106.45,10507800,106.45,1
2003-12-01,106.93,107.68,106.8,107.6,38711000,107.6,1
2003-12-02,107.43,107.77,107.07,107.33,35371400,107.33,1
2003-12-03,107.65,108.08,107.07,107.16,39108800,107.16,1
2003-12-04,107.17,107.72,106.94,107.6,36097600,107.6,1
2003-12-05,107.12,107.8,106.62,106.85,28847100,106.85,1
2003-12-08,106.74,107.64,106.68,107.57,32499200,107.57,1
2003-12-09,107.9,107.93,106.54,106.74,43624700,106.74,1
2003-12-10,106.8,106.98,105.96,106.73,36931400,106.73,1
2003-12-11,106.68,108.1,106.67,107.93,42476300,107.93,1
2003-12-12,107.99,108.2,106.65,108.14,34145300,108.14,1
2003-12-15,109.17,109.23,107.48,107.6,38688200,107.6,1
2003-12-16,107.68,108.5,107.52,108.16,32905900,108.16,1
2003-12-17,108.06,108.5,107.8,108.5,23206100,108.5,1
2003-12-18,108.55,109.73,108.39,109.72,29792100,109.72,1
2003-12-19,109.3,109.37,108.58,108.9,41466700,108.9,1
2003-12-22,108.83,109.66,108.78,109.66,27639200,109.66,1
2003-12-23,109.48,109.95,109.38,109.73,24756600,109.73,1
2003-12-24,109.52,109.88,109.43,109.62,8055800,109.62,1
2003-12-26,109.71,110.08,109.63,109.7,8308400,109.7,1
2003-12-29,110.1,111.27,109.78,111.16,22548500,111.16,1
2003-12-30,111.09,111.27,110.85,111.18,19584400,111.18,1
2003-12-31,111.22,111.52,110.84,111.28,31505600,111.28,1
2004-01-02,111.74,112.19,110.73,111.23,38084800,111.23,1
2004-01-05,111.78,112.52,111.59,112.44,27970800,112.44,1
2004-01-06,112.16,112.73,112.0,112.55,20506400,112.55,1
2004-01-07,112.35,113.06,111.89,112.93,30182100,112.93,1
2004-01-08,113.25,113.41,112.77,113.38,37052200,113.38,1
2004-01-09,112.83,113.5,112.27,112.39,54093100,112.39,1
2004-01-12,112.55,113.25,112.36,113.22,33568700,113.22,1
2004-01-13,113.09,113.23,111.76,112.56,54293200,112.56,1
2004-01-14,112.76,113.66,112.67,113.5,30146600,113.5,1
2004-01-15,113.57,114.06,112.58,113.78,38434500,113.78,1
2004-01-16,114.04,114.31,113.63,114.23,31926100,114.23,1
2004-01-20,114.53,114.65,113.82,114.2,29880600,114.2,1
2004-01-21,114.13,115.3,113.72,115.1,30745000,115.1,1
2004-01-22,115.14,115.38,114.58,114.8,29915100,114.8,1
2004-01-23,115.0,115.37,113.95,114.43,49968700,114.43,1
2004-01-26,114.44,115.93,114.38,115.87,30474700,115.87,1
2004-01-27,115.85,116.5,114.65,114.68,35373200,114.68,1
2004-01-28,114.98,115.28,112.94,113.37,52893400,113.37,1
2004-01-29,113.56,113.85,112.56,113.48,60120400,113.48,1
2004-01-30,113.52,113.72,113.09,113.48,30993800,113.48,1
2004-02-02,113.7,114.68,113.12,113.97,38851900,113.97,1
2004-02-03,113.74,114.14,113.44,113.78,25159200,113.78,1
2004-02-04,113.19,113.73,112.79,112.85,39630900,112.85,1
2004-02-05,113.08,113.54,112.78,113.18,35998100,113.18,1
2004-02-06,113.42,114.7,113.2,114.45,37239200,114.45,1
2004-02-09,114.67,114.87,114.29,114.48,24860300,114.48,1
2004-02-10,114.28,115.14,114.26,114.85,27933300,114.85,1
2004-02-11,114.8,116.39,114.66,116.07,42980700,116.07,1
2004-02-12,115.98,116.27,115.58,115.65,27830500,115.65,1
2004-02-13,115.82,116.2,114.75,115.13,44741900,115.13,1
2004-02-17,115.85,116.43,115.77,116.17,23990400,116.17,1
2004-02-18,116.2,116.6,115.35,115.66,28661000,115.66,1
2004-02-19,116.33,116.39,115.06,115.23,51184200,115.23,1
2004-02-20,115.48,115.56,114.32,114.88,46729500,114.88,1
2004-02-23,115.22,115.26,114.17,114.59,36366000,114.59,1
2004-02-24,114.27,114.99,113.03,114.39,43960800,114.39,1
2004-02-25,114.46,115.06,114.32,114.87,31234900,114.87,1
2004-02-26,114.61,115.29,114.34,114.94,29685800,114.94,1
2004-02-27,115.19,115.74,114.63,115.02,39275400,115.02,1
2004-03-01,115.43,116.34,115.25,116.16,33196200,116.16,1
2004-03-02,115.94,116.97,115.23,115.48,38607900,115.48,1
2004-03-03,115.25,115.87,114.92,115.69,31355600,115.69,1
2004-03-04,115.72,116.1,115.52,115.99,21075200,115.99,1
2004-03-05,115.42,116.95,115.28,116.38,55923200,116.38,1
2004-03-08,116.34,116.62,114.91,114.96,39289700,114.96,1
2004-03-09,115.1,115.21,114.24,114.5,39750700,114.5,1
2004-03-10,114.72,114.77,112.56,112.58,67812900,112.58,1
2004-03-11,112.4,113.27,111.1,111.12,89450400,111.12,1
2004-03-12,111.73,112.71,111.58,112.58,54027100,112.58,1
2004-03-15,112.27,112.35,110.9,111.2,57702300,111.2,1
2004-03-16,111.78,112.06,110.84,111.79,60111400,111.79,1
2004-03-17,112.18,113.26,112.1,113.04,41889900,113.04,1
2004-03-18,112.71,113.27,111.93,113.07,60029000,113.07,1
2004-03-19,112.41,112.57,111.04,111.06,48646100,111.06,1
2004-03-22,110.54,110.57,109.1,109.65,62761700,109.65,1
2004-03-23,110.25,110.4,109.36,109.46,54119400,109.46,1
2004-03-24,109.58,110.14,108.85,109.55,51595900,109.55,1
2004-03-25,110.08,111.3,109.79,111.0,49995700,111,1
2004-03-26,110.95,111.79,110.8,111.03,37413700,111.03,1
2004-03-29,111.63,112.74,111.58,112.59,44118300,112.59,1
2004-03-30,112.3,113.07,112.22,112.97,39062200,112.97,1
2004-03-31,112.99,113.4,112.38,113.1,48600600,113.1,1
2004-04-01,113.07,113.87,113.05,113.78,45139900,113.78,1
2004-04-02,114.81,114.84,113.9,114.64,50998200,114.64,1
2004-04-05,114.46,115.38,114.44,115.27,30280900,115.27,1
2004-04-06,114.83,115.18,114.62,114.9,28488600,114.9,1
2004-04-07,114.94,114.98,114.11,114.66,40526700,114.482,42804
2004-04-08,115.41,115.41,113.74,114.38,43164700,114.422,49401
2004-04-12,114.58,115.08,114.57,114.84,20621100,114.838,26458
2004-04-13,115.26,115.3,113.07,113.24,49904900,113.868,59018
2004-04-14,112.61,113.98,112.56,113.4,59552200,113.107,58274
2004-04-15,113.45,113.78,112.03,112.91,55928800,113.086,64574
2004-04-16,113.43,114.05,112.98,113.83,40048800,113.566,49429
2004-04-19,113.55,116.63,0.87,113.79,25434100,113.64,32685
2004-04-20,114.11,114.32,111.78,111.89,47378700,113.329,54467
2004-04-21,112.2,112.95,111.87,112.75,47095400,112.437,52599
2004-04-22,112.48,114.67,112.24,114.19,57364000,113.875,50522
2004-04-23,114.42,114.61,113.34,114.42,26223200,114.222,36886
2004-04-26,114.5,114.94,113.6,114.23,30673500,114.175,41598
2004-04-27,114.23,115.12,0.79,114.28,39766700,114.54,41368
2004-04-28,113.88,114.33,112.5,112.83,44870500,113.063,54850
2004-04-29,112.72,113.32,111.16,111.9,60185200,112.255,71483
2004-04-30,112.17,112.38,110.9,111.02,43904900,111.752,59804
2004-05-03,111.39,114.7,111.19,112.13,29447500,111.879,38864
2004-05-04,112.25,113.26,111.66,112.05,48786100,112.332,52775
2004-05-05,112.42,112.96,0.79,112.74,32334600,112.559,40208
2004-05-06,112.02,112.99,111.0,111.85,49160200,111.715,54755
2004-05-07,111.22,112.23,101.77,110.06,53700700,111.071,68325
2004-05-10,109.44,109.92,108.36,108.88,67655100,109.015,81301
2004-05-11,109.46,110.05,109.33,109.72,43122800,109.718,48062
2004-05-12,109.59,110.53,108.06,110.42,83453700,109.012,80580
2004-05-13,109.76,111.08,109.44,109.95,51884000,110.154,55102
2004-05-14,109.96,111.73,109.26,109.96,46196900,110.063,64378
2004-05-17,108.89,109.89,106.29,109.09,48779300,108.978,56424
2004-05-18,109.51,109.94,109.33,109.56,28263200,109.679,29638
2004-05-19,110.5,111.18,109.15,109.24,51023800,110.417,62732
2004-05-20,109.45,109.87,109.04,109.62,35466000,109.523,42249
2004-05-21,109.97,110.55,100.32,109.83,44207800,109.886,43825
2004-05-24,110.53,110.76,108.98,110.25,39065800,110.139,44671
2004-05-25,109.9,111.98,109.6,111.81,45102300,110.78,55763
2004-05-26,111.66,113.0,110.9,112.21,33790300,111.9,47644
2004-05-27,112.54,113.03,112.06,112.85,40946200,112.57,49897
2004-05-28,112.73,112.87,112.36,112.82,21671800,112.608,34191
2004-06-01,112.46,112.86,111.87,112.74,38159900,112.367,41703
2004-06-02,113.03,113.73,112.1,113.16,35002800,112.932,40322
2004-06-03,112.81,113.19,112.04,112.1,32690900,112.742,40744
2004-06-04,112.98,113.58,112.71,112.94,29878000,113.09,42571
2004-06-07,113.48,114.81,113.42,114.68,30389600,114.049,36647
2004-06-08,114.37,114.92,114.17,114.85,30214600,114.532,37975
2004-06-09,114.51,114.74,113.72,113.82,32190900,114.147,39608
2004-06-10,114.04,114.32,113.93,114.3,20127700,114.143,27234
2004-06-14,113.82,113.85,111.23,113.22,30249900,113.328,41808
2004-06-15,113.9,114.44,113.51,114.05,34734500,114.052,39085
2004-06-16,114.0,114.2,113.7,113.99,25703700,113.963,32120
2004-06-17,113.85,114.07,113.33,113.76,26630000,113.707,31899
2004-06-18,113.27,114.22,113.18,113.66,30242500,113.781,35214
2004-06-21,113.78,114.14,113.12,113.18,23021100,113.684,28602
2004-06-22,113.13,113.88,112.67,113.77,34338000,113.251,43163
2004-06-23,113.61,114.84,113.42,114.73,32413200,114.06,49254
2004-06-24,114.56,114.93,114.26,114.42,33361900,114.639,47938
2004-06-25,114.41,114.94,113.68,113.81,29450600,114.385,44709
2004-06-28,114.52,114.61,113.42,113.49,38075500,114.065,53359
2004-06-29,113.53,114.17,113.42,113.93,26231700,113.862,49180
2004-06-30,114.07,114.79,113.65,114.48,46323200,114.136,58489
2004-07-01,114.25,114.4,112.58,112.96,52212900,113.27,82433
2004-07-02,113.13,114.2,112.6,112.92,31808600,112.936,58118
2004-07-06,112.37,117.74,111.63,111.89,35462000,112.051,73616
2004-07-07,111.81,112.57,111.75,112.2,26422900,112.174,49641
2004-07-08,111.81,114.45,111.2,111.45,40020800,111.741,60271
2004-07-09,111.7,111.94,111.38,111.68,25734700,111.662,45177
2004-07-13,111.92,112.02,111.63,111.84,23802100,111.852,38575
2004-07-14,111.26,114.41,111.12,111.56,49986800,111.758,61560
2004-07-15,111.74,111.91,110.74,110.77,34488800,111.438,47443
2004-07-16,111.57,111.94,110.44,110.67,35733700,111.033,52361
2004-07-19,110.75,111.64,109.99,110.22,37249600,110.534,55019
2004-07-20,110.53,111.9,110.25,111.65,42277400,110.874,58607
2004-07-21,111.81,112.06,109.45,109.56,48573200,111.102,67272
2004-07-22,109.36,110.39,108.77,109.89,65602400,109.606,84117
2004-07-23,109.63,109.71,108.69,109.04,44997800,109.207,69572
2004-07-26,109.19,109.95,108.21,108.79,46401400,108.743,77010
2004-07-27,109.05,110.11,108.97,109.75,47011600,109.458,67448
2004-07-28,109.55,110.37,107.72,110.06,63212400,109.355,72434
2004-07-29,110.54,111.63,110.0,110.55,47831100,110.458,63809
2004-07-30,110.32,110.9,100.51,110.86,37994700,110.44,48783
2004-08-02,110.19,113.61,101.81,111.07,36611600,110.695,52286
2004-08-03,110.93,111.85,110.0,110.22,39531300,110.655,51913
2004-08-04,109.89,110.75,100.45,110.2,39319300,110.116,49242
2004-08-05,110.29,110.38,108.27,108.42,48216700,109.308,65265
2004-08-06,107.63,110.44,106.62,106.9,69433000,107.408,92263
2004-08-09,107.02,107.48,106.87,106.97,35014300,107.173,47166
2004-08-10,107.31,118.0,104.77,108.21,51111600,107.807,59243
2004-08-11,107.69,108.33,107.0,108.16,50899700,107.694,71307
2004-08-12,107.68,107.95,106.65,106.95,46477900,107.283,62707
2004-08-13,107.1,107.35,106.59,107.16,38942900,107.001,48501
2004-08-16,107.14,109.53,107.1,108.32,42443500,108.175,56249
2004-08-17,108.75,109.28,108.53,108.93,38636500,108.833,50867
2004-08-18,108.52,110.17,108.08,110.04,40322400,109.404,55220
2004-08-19,109.81,110.02,108.34,109.71,35517000,109.638,51544
2004-08-20,109.61,110.63,100.42,110.48,43585500,109.928,51267
2004-08-23,110.55,110.77,109.44,110.21,32633000,110.429,42914
2004-08-24,110.64,110.73,109.85,110.39,28064300,110.216,44401
2004-08-25,110.33,111.27,109.9,111.12,33282700,110.693,41847
2004-08-26,110.96,111.31,110.85,111.09,25406400,111.1,32057
2004-08-27,111.2,111.63,110.34,111.45,23869600,111.382,34212
2004-08-30,111.23,111.58,110.45,110.53,25197700,110.936,30165
2004-08-31,110.66,111.94,110.1,111.14,40553300,110.547,51376
2004-09-01,110.95,111.64,110.48,111.34,47294500,111.126,56992
2004-09-02,111.24,112.68,111.24,112.62,38769600,111.95,44247
2004-09-03,112.3,112.82,112.01,112.12,26479400,112.316,42781
2004-09-07,112.54,113.13,112.32,112.91,34519200,112.702,51738
2004-09-08,112.62,113.06,111.62,112.55,31350500,112.623,52011
2004-09-09,112.57,112.88,112.03,112.46,32596800,112.458,54476
2004-09-10,112.52,113.27,112.09,113.04,27003700,112.673,46883
2004-09-13,113.31,113.74,113.01,113.46,40106200,113.378,50019
2004-09-14,113.3,113.69,112.36,113.65,26939700,113.431,40261
2004-09-15,113.3,113.36,112.35,112.74,35668400,112.931,42033
2004-09-16,112.85,113.37,112.8,113.17,22571400,113.136,33674
2004-09-17,112.95,113.36,112.69,113.11,29592400,113.045,44252
2004-09-20,112.67,112.99,112.28,112.45,32996600,112.597,49383
2004-09-21,112.75,113.47,112.54,112.98,38249700,112.992,45948
2004-09-22,112.5,113.6,111.49,111.52,46558000,111.92,55569
2004-09-23,111.6,111.7,110.96,110.99,41100000,111.364,49513
2004-09-24,111.17,112.58,111.0,111.44,33793800,111.424,45285
2004-09-27,111.1,111.3,110.58,110.78,37520300,110.901,40804
2004-09-28,110.91,111.51,110.41,111.25,39051200,111.055,48249
2004-09-29,111.21,111.85,111.0,111.82,31870200,111.375,43029
2004-09-30,111.55,111.98,111.26,111.75,37271600,111.608,50090
2004-10-01,112.27,113.62,112.21,113.6,53968300,113.043,54157
2004-10-04,114.1,114.44,113.8,113.86,30724400,114.104,40736
2004-10-05,113.85,114.16,113.0,113.95,35879500,113.807,44921
2004-10-06,113.77,119.79,113.68,114.6,40552700,114.048,52442
2004-10-07,114.38,118.82,113.36,113.48,36154400,113.867,48380
2004-10-08,113.15,113.77,112.35,112.52,49517200,113.03,62358
2004-10-11,112.78,113.02,112.64,112.93,19436400,112.814,29180
2004-10-12,112.2,112.83,111.94,112.54,37427800,112.319,52247
2004-10-13,113.0,113.07,111.32,111.56,51717200,112.081,71450
2004-10-14,111.68,111.93,110.58,110.66,61325800,111.145,70590
2004-10-15,111.02,112.67,110.57,111.21,61082900,111.126,72724
2004-10-18,110.89,111.96,110.7,111.7,37270200,111.376,51452
2004-10-19,112.02,114.47,100.75,110.71,49120700,111.452,64453
2004-10-20,110.38,110.88,109.75,110.57,52852000,110.362,66988
2004-10-21,110.79,111.32,110.21,111.2,49318500,110.887,64732
2004-10-22,111.19,111.25,100.94,109.97,45481600,110.495,64182
2004-10-25,109.75,110.12,109.35,109.93,40885000,109.762,61681
2004-10-26,110.13,111.6,109.88,111.55,49294700,110.734,61134
2004-10-27,111.38,113.1,111.12,112.92,66533200,112.238,77976
2004-10-28,112.78,113.56,112.49,113.22,52161700,112.989,69217
2004-10-29,113.12,116.0,110.51,113.24,44432700,113.247,58550
2004-11-01,113.56,113.84,113.2,113.51,32757700,113.497,56692
2004-11-02,113.67,114.57,113.22,113.54,53559400,113.962,79731
2004-11-03,115.0,115.36,114.14,115.0,70894100,114.927,116856
2004-11-04,114.78,116.67,114.68,116.55,52970900,115.73,81777
2004-11-05,117.05,118.84,116.49,117.24,59050700,117.013,84707
2004-11-08,116.98,117.23,116.72,117.13,32243100,116.962,55922
2004-11-09,117.08,117.5,116.76,116.93,40837800,117.11,61416
2004-11-10,117.06,117.55,116.76,116.99,41801300,117.072,67753
2004-11-11,117.18,118.12,117.1,117.88,36513300,117.66,57007
2004-11-12,117.97,119.0,117.35,118.79,52222100,118.317,74890
2004-11-15,118.5,118.76,118.23,118.75,34466400,118.486,63662
2004-11-16,118.37,118.41,117.73,117.87,37676000,118.015,58201
2004-11-17,118.37,119.14,118.07,118.59,52128700,118.65,71081
2004-11-18,118.53,118.8,118.23,118.69,30165100,118.537,54757
2004-11-19,118.7,118.72,111.47,117.43,46215600,117.653,74143
2004-11-22,117.17,118.12,117.03,118.01,34917700,117.569,58909
2004-11-23,117.93,118.26,117.37,118.19,40018400,117.799,64163
2004-11-24,118.27,118.59,118.04,118.45,27951800,118.354,44410
2004-11-26,118.51,118.98,118.45,118.54,12907200,118.742,23220
2004-11-29,118.79,119.01,117.25,117.82,51896800,118.235,76864
2004-11-30,118.0,118.24,117.64,117.85,48290100,117.92,80772
2004-12-01,118.16,119.5,118.1,119.28,45187300,118.971,76642
2004-12-02,119.1,119.95,110.4,119.34,56356700,119.438,92915
2004-12-03,119.31,120.14,119.09,119.25,45576300,119.55,92974
2004-12-06,119.21,119.64,118.84,119.24,30081700,119.193,60932
2004-12-07,119.49,119.61,118.05,118.09,45730900,118.827,87418
2004-12-08,118.21,118.83,118.01,118.76,40417500,118.443,71342
2004-12-09,118.14,119.46,117.73,119.22,57862500,118.494,97939
2004-12-10,118.91,119.56,118.85,119.31,47149700,119.191,79455
2004-12-13,119.76,120.4,119.35,120.37,36014300,119.87,73775
2004-12-14,120.2,120.96,120.18,120.8,39433900,120.539,72101
2004-12-15,120.7,121.11,120.31,120.87,42344000,120.773,74589
2004-12-16,120.72,128.88,120.04,120.85,49374400,120.75,75966
2004-12-17,119.46,119.97,119.16,119.46,52058000,119.514,89950
2004-12-20,119.73,120.38,117.71,119.49,43178000,119.648,67005
2004-12-21,119.6,120.48,118.89,120.45,32219000,119.959,72896
2004-12-22,120.38,121.08,120.05,120.7,28228400,120.751,65851
2004-12-23,120.87,121.28,120.09,120.79,25105400,121.013,67545
2004-12-27,121.2,121.36,120.38,120.5,25876400,120.837,65220
2004-12-28,120.62,121.33,120.6,121.19,22017400,121.049,51025
2004-12-29,121.08,121.4,120.95,121.27,19394100,121.12,52016
2004-12-30,121.4,121.57,121.04,121.16,18755400,121.407,45422
2004-12-31,121.3,121.66,120.78,120.88,22825300,121.284,52705
2005-01-03,121.56,121.76,119.9,120.33,52347900,120.694,123011
2005-01-04,120.46,120.54,118.44,118.83,63045500,119.46,121190
2005-01-05,118.74,119.25,118.02,118.02,60524500,118.793,112984
2005-01-06,118.44,119.15,118.04,118.57,45608200,118.713,101603
2005-01-07,118.97,119.23,118.13,118.39,49225300,118.75,96880
2005-01-10,118.34,119.46,116.57,118.96,54451300,118.993,126150
2005-01-11,118.65,118.74,117.99,118.18,59173100,118.35,138861
2005-01-12,118.39,118.84,117.34,118.6,68750900,118.191,151935
2005-01-13,118.64,118.73,117.5,117.68,51823200,118.262,117096
2005-01-14,117.97,118.53,117.76,118.25,39673800,118.221,87641
2005-01-18,118.05,119.63,117.95,119.46,52323000,118.985,111207
2005-01-19,119.42,119.88,118.21,118.24,48878700,119.01,107421
2005-01-20,117.89,118.2,117.29,117.5,66126800,117.796,125706
2005-01-21,117.79,118.0,116.65,116.83,60226700,117.336,126836
2005-01-24,117.09,117.34,116.37,116.54,55513000,116.928,133929
2005-01-25,116.91,117.47,116.4,116.9,65725600,117.169,129270
2005-01-26,117.32,117.6,117.04,117.25,51148100,117.345,107083
2005-01-27,117.19,117.75,116.98,117.46,51372800,117.363,107784
2005-01-28,117.49,117.65,116.61,117.43,55059200,117.022,123491
2005-01-31,117.97,118.25,117.71,118.15,45488000,117.982,96894
2005-02-01,118.25,119.08,117.82,118.94,45927800,118.684,86026
2005-02-02,119.06,119.59,118.9,119.32,50534000,119.168,94899
2005-02-03,119.07,119.16,118.07,119.01,42878700,118.902,94016
2005-02-04,119.0,120.43,118.98,120.22,45809600,119.727,84729
2005-02-07,120.22,120.52,119.96,120.12,42914100,120.299,86132
2005-02-08,120.17,120.65,120.07,120.24,33640900,120.327,81129
2005-02-09,120.42,120.49,119.25,119.35,53387300,119.735,104283
2005-02-10,119.66,120.02,119.26,119.77,44431600,119.669,113164
2005-02-11,119.71,121.04,119.46,120.76,50519700,120.401,112429
2005-02-14,120.69,120.86,120.48,120.69,29646100,120.664,75065
2005-02-15,120.8,121.43,120.05,121.15,39773500,121.081,87251
2005-02-16,120.93,121.46,120.67,121.19,47125300,121.024,98090
2005-02-17,121.23,121.33,120.23,120.25,52954400,120.68,97648
2005-02-18,120.17,120.47,119.9,120.36,39290900,120.241,94099
2005-02-22,119.9,120.47,118.58,118.63,72062500,119.476,163258
2005-02-23,118.97,119.57,118.62,119.45,64991000,119.096,131144
2005-02-24,119.24,120.32,118.98,120.25,63763100,119.607,112715
2005-02-25,120.27,121.67,112.18,121.39,57340300,120.877,106031
2005-02-28,121.15,121.65,120.01,120.65,66262000,120.74,120256
2005-03-01,120.78,121.91,120.78,121.25,43531900,121.222,88904
2005-03-02,120.76,121.93,120.01,121.21,58361200,121.306,108228
2005-03-03,121.66,121.9,120.7,121.25,56805800,121.319,99317
2005-03-04,122.05,122.9,120.24,122.69,51111300,122.388,88859
2005-03-07,122.66,123.25,121.9,122.79,40487800,122.922,76391
2005-03-08,122.67,123.0,122.11,122.32,41431000,122.476,82548
2005-03-09,121.96,122.29,120.96,121.01,62615800,121.648,95731
2005-03-10,121.21,126.27,120.4,121.32,58963700,121.071,109959
2005-03-11,121.31,121.72,120.16,120.43,51260400,120.813,106177
2005-03-14,120.61,121.16,120.28,121.11,34912900,120.688,65712
2005-03-15,121.42,121.46,120.08,120.17,58070700,120.738,97446
2005-03-16,119.7,120.15,118.9,119.14,68771300,119.418,128390
2005-03-17,119.31,119.74,117.49,119.35,57262800,119.408,111517
2005-03-18,119.11,119.16,118.1,118.55,56342200,118.623,105522
2005-03-21,118.71,118.78,117.76,118.13,56207900,118.282,130570
2005-03-22,118.37,118.93,116.95,116.96,81631700,118.122,136509
2005-03-23,116.94,119.06,116.75,117.03,63413500,117.145,134509
2005-03-24,117.46,117.99,115.43,117.15,44166400,117.515,87997
2005-03-28,117.42,117.94,117.18,117.34,41161600,117.614,85737
2005-03-29,117.14,117.9,116.25,116.59,66372800,117.041,117246
2005-03-30,116.78,118.2,116.77,118.17,58674000,117.526,95506
2005-03-31,118.19,118.66,110.09,118.0,55622500,118.112,102339
2005-04-01,118.63,119.74,116.91,117.43,77867500,117.815,130106
2005-04-04,117.36,117.86,116.74,117.65,65354500,117.266,98159
2005-04-05,117.8,118.82,117.11,118.16,45109400,118.079,75614
2005-04-06,118.45,118.95,118.18,118.6,46739100,118.57,71894
2005-04-07,118.41,119.27,118.32,119.24,41839900,118.828,70507
2005-04-08,119.15,119.24,118.02,118.05,56884300,118.625,82422
2005-04-11,118.29,118.42,117.83,118.09,39861300,118.142,67982
2005-04-12,117.89,119.06,117.07,118.7,83390500,117.93,121022
2005-04-13,118.56,118.8,117.13,117.35,62623000,118.01,92081
2005-04-14,117.42,118.85,115.78,115.81,91462400,116.749,110911
2005-04-15,115.74,116.82,114.1,114.18,115231000,115.354,150319
2005-04-18,114.12,114.96,113.96,114.53,94513200,114.486,126567
2005-04-19,115.1,115.53,114.62,115.37,60226300,115.201,83825
2005-04-20,115.4,118.81,113.53,113.83,93700200,114.624,111356
2005-04-21,114.79,117.75,113.63,115.99,78221800,115.125,111346
2005-04-22,115.74,116.5,114.27,115.55,81768300,115.338,111993
2005-04-25,115.86,116.5,115.72,116.3,48553700,116.133,76904
2005-04-26,115.96,116.83,115.14,115.23,70038900,115.877,89820
2005-04-27,114.86,116.07,110.0,115.68,78059000,115.328,103143
2005-04-28,115.27,115.68,114.22,114.24,68199500,114.926,103961
2005-04-29,115.07,115.86,113.97,115.78,93661000,114.862,124909
2005-05-02,116.07,116.98,115.52,116.35,49886500,116.074,70456
2005-05-03,116.05,116.93,115.69,116.55,77420400,116.22,97242
2005-05-04,116.65,117.75,116.28,117.53,73213300,117.048,85861
2005-05-05,117.66,119.78,116.69,117.46,91122200,117.365,106862
2005-05-06,117.93,119.17,116.67,117.1,57991500,117.555,70993
2005-05-09,117.21,118.08,117.05,117.86,41443300,117.603,52447
2005-05-10,117.38,119.98,116.39,116.58,70056300,116.993,74346
2005-05-11,116.93,118.27,115.85,117.28,85214500,116.653,95127
2005-05-12,117.32,117.59,115.95,116.0,83170600,116.819,95820
2005-05-13,116.3,116.65,114.8,115.75,80349500,115.827,98158
2005-05-16,115.7,116.84,115.66,116.79,46738900,116.323,67049
2005-05-17,116.43,117.7,116.16,117.58,57295700,116.85,78065
2005-05-18,118.07,119.84,117.63,118.85,71320300,118.587,93114
2005-05-19,119.0,119.41,118.7,119.31,59989900,119.05,79978
2005-05-20,119.32,119.39,118.74,119.15,44216200,119.06,63113
2005-05-23,119.21,120.04,119.19,119.77,48507000,119.571,69576
2005-05-24,119.44,119.83,119.2,119.53,48200700,119.438,70433
2005-05-25,119.35,119.47,118.83,119.41,45400600,119.164,59141
2005-05-26,119.79,120.21,117.77,119.99,41838700,119.93,57028
2005-05-27,120.08,120.25,119.8,120.24,22605800,120.041,36044
2005-05-31,120.06,120.17,117.51,119.48,39664700,119.694,58390
2005-06-01,119.52,120.92,119.45,120.5,63422500,120.408,88117
2005-06-02,120.23,120.84,120.1,120.76,37289200,120.499,53598
2005-06-03,120.55,120.89,119.73,120.1,54284800,120.185,70168
2005-06-06,120.01,120.22,119.55,120.1,34979500,119.879,51959
2005-06-07,120.39,121.51,120.0,120.18,63669900,120.708,93397
2005-06-08,120.45,123.95,119.67,119.91,42115000,120.136,69528
2005-06-09,119.74,120.58,119.34,120.46,53203100,120.003,63187
2005-06-10,120.57,120.65,119.6,120.18,33934200,120.063,52304
2005-06-13,119.94,121.08,112.04,120.56,43707800,120.484,52734
2005-06-14,120.45,121.2,120.38,120.82,32163400,120.724,48945
2005-06-15,121.16,121.24,120.23,121.04,50376100,120.677,70559
2005-06-16,121.09,121.64,120.92,121.42,42304200,121.339,62293
2005-06-17,121.54,121.9,121.2,121.39,48084600,121.522,68126
2005-06-20,121.08,121.84,120.94,121.4,37794800,121.342,60145
2005-06-21,121.49,121.65,121.03,121.52,37562900,121.362,60002
2005-06-22,121.68,121.94,121.07,121.54,37422200,121.425,60640
2005-06-23,121.31,121.6,119.83,119.87,59288600,120.789,92941
2005-06-24,119.88,120.01,118.84,119.06,55417200,119.544,84633
2005-06-27,118.97,119.41,118.75,119.14,45709200,119.107,76004
2005-06-28,119.41,120.24,119.37,120.21,40538900,119.89,67674
2005-06-29,120.37,120.4,119.76,119.84,38066500,120.09,72417
2005-06-30,120.22,120.32,118.95,119.16,57698900,119.686,93197
2005-07-01,119.45,119.8,119.21,119.6,42861900,119.461,72642
2005-07-05,119.25,120.65,119.19,120.48,48862900,120.126,79661
2005-07-06,120.39,120.65,119.41,119.47,50658000,120.019,84197
2005-07-07,118.29,120.4,118.18,119.91,89275600,118.98,120747
2005-07-08,119.97,121.32,119.72,121.26,60108000,120.636,94822
2005-07-11,121.33,122.11,121.31,121.98,48229100,121.725,77191
2005-07-12,121.89,122.63,121.33,122.28,49623300,122.09,72094
2005-07-13,122.27,122.52,121.99,122.49,38484000,122.261,75836
2005-07-14,122.98,123.44,122.49,122.86,57534500,122.888,97505
2005-07-15,122.79,123.04,122.36,122.8,52036700,122.653,76553
2005-07-18,122.5,122.63,122.05,122.39,37804100,122.394,59423
2005-07-19,122.71,123.11,122.41,122.71,55467800,122.779,80553
2005-07-20,122.59,123.73,122.3,123.4,62446700,122.991,116204
2005-07-21,123.55,123.61,122.47,122.76,84164100,122.973,112073
2005-07-22,122.88,125.25,122.63,123.5,44701700,123.053,62049
2005-07-25,123.41,123.95,122.85,123.18,52969900,123.327,91262
2005-07-26,123.23,123.53,122.95,123.28,40317400,123.245,73371
2005-07-27,123.48,123.89,123.05,123.75,39884700,123.451,71890
2005-07-28,123.99,124.64,123.64,124.53,45456000,124.231,89083
2005-07-29,124.41,124.63,123.4,123.77,56197900,123.963,95201
2005-08-01,123.8,124.04,121.89,123.63,38908200,123.735,72466
2005-08-02,123.87,128.28,123.74,124.38,40364600,124.282,73402
2005-08-03,124.25,124.74,124.12,124.68,34344100,124.442,58571
2005-08-04,124.23,124.31,123.57,123.73,45027600,123.904,65176
2005-08-05,123.45,123.54,122.67,122.9,46076900,122.979,73842
2005-08-08,123.17,123.41,122.38,122.68,45678400,122.853,68981
2005-08-09,123.05,123.59,122.87,123.41,44869000,123.227,70941
2005-08-10,123.83,124.5,122.82,123.37,71098900,123.734,103362
2005-08-11,123.27,124.03,122.22,123.84,53733200,123.561,87185
2005-08-12,123.57,129.3,122.75,123.08,51968200,123.225,80951
2005-08-15,123.22,123.87,122.02,123.81,35345800,123.409,59841
2005-08-16,123.44,123.52,115.88,122.21,64588400,122.745,109512
2005-08-17,122.19,122.87,122.03,122.23,56898800,122.451,98429
2005-08-18,122.04,122.56,121.84,122.17,51448900,122.154,105884
2005-08-19,122.63,122.82,122.2,122.49,38741600,122.491,78125
2005-08-22,122.58,123.23,121.88,122.51,59822600,122.553,105149
2005-08-23,122.51,122.61,121.67,122.25,50094600,122.126,78286
2005-08-24,121.94,122.73,121.09,121.12,75211800,121.936,107792
2005-08-25,121.34,121.67,121.21,121.6,33598700,121.449,66516
2005-08-26,121.48,122.24,120.68,120.72,54255000,121.013,95776
2005-08-29,120.41,128.6,120.38,121.63,51055400,121.186,80453
2005-08-30,121.25,121.62,120.39,121.07,68730000,120.871,120759
2005-08-31,121.19,123.33,120.0,122.54,87635800,121.526,136621
2005-09-01,122.49,123.15,121.1,122.46,65914300,122.511,118918
2005-09-02,122.85,122.88,122.04,122.25,38389500,122.43,69478
2005-09-06,122.67,123.8,122.65,123.72,50580600,123.252,81201
2005-09-07,123.63,124.13,122.86,123.9,35855600,123.81,73299
2005-09-08,123.66,124.0,123.31,123.54,35762000,123.651,61215
2005-09-09,123.83,124.74,123.8,124.57,39183100,124.336,69196
2005-09-12,124.44,124.67,124.27,124.36,30809700,124.488,63480
2005-09-13,124.13,124.42,123.52,123.65,52964400,123.856,91381
2005-09-14,123.75,123.92,123.02,123.25,46767100,123.49,82870
2005-09-15,123.49,123.65,122.9,123.15,54707200,123.214,93018
2005-09-16,123.28,123.74,122.87,123.54,62583400,123.282,91705
2005-09-19,123.45,123.7,122.64,123.1,47897500,123.083,87525
2005-09-20,123.21,123.61,121.87,122.05,75880800,122.742,114193
2005-09-21,121.79,131.37,120.77,120.93,85199100,121.395,139867
2005-09-22,120.95,121.66,120.44,121.35,73034700,121.098,115118
2005-09-23,121.24,121.89,120.9,121.45,53683900,121.396,98272
2005-09-26,122.02,122.78,121.0,121.54,62598000,121.739,98144
2005-09-27,121.52,121.99,121.02,121.57,60776000,121.432,118442
2005-09-28,121.91,122.12,121.2,121.73,53540400,121.721,89992
2005-09-29,121.57,122.86,121.08,122.62,61647800,121.963,104100
2005-09-30,122.62,123.05,120.69,123.02,44210400,122.7,73459
2005-10-03,122.96,123.34,122.45,122.63,44742600,122.833,82503
2005-10-04,122.82,123.03,121.17,121.17,54764600,122.279,85503
2005-10-05,121.31,122.67,112.09,119.62,96899400,120.577,132964
2005-10-06,119.78,120.26,118.17,119.25,125963600,119.45,143410
2005-10-07,119.7,120.05,119.13,119.66,59126200,119.593,80706
2005-10-10,119.68,119.71,117.19,118.63,49066400,119.12,90073
2005-10-11,118.99,119.39,118.32,118.47,66623700,118.86,87740
2005-10-12,118.39,119.13,117.41,117.51,93116700,118.097,116498
2005-10-13,117.46,118.08,116.88,117.5,90692000,117.562,114152
2005-10-14,118.12,118.81,117.56,118.68,79613400,118.214,99523
2005-10-17,118.77,119.27,118.0,119.12,62321400,118.923,70441
2005-10-18,118.94,118.96,117.8,117.84,64740700,118.475,84374
2005-10-19,117.56,119.8,117.12,119.74,105003300,118.049,118766
2005-10-20,119.49,119.92,117.3,117.68,116518800,118.715,123393
2005-10-21,118.27,118.78,117.51,118.13,78954000,118.206,109471
2005-10-24,118.44,120.09,118.41,120.0,67360900,119.243,83253
2005-10-25,119.72,120.24,118.94,119.64,72489300,119.596,87948
2005-10-26,119.5,120.54,119.19,119.4,73179000,119.858,95424
2005-10-27,119.21,119.37,109.22,118.08,63213200,118.603,89394
2005-10-28,118.43,119.95,118.1,119.8,65005500,119.123,87524
2005-10-31,120.29,121.3,120.15,120.15,70222400,120.779,93343
2005-11-01,120.58,120.9,120.22,120.43,60029500,120.492,94318
2005-11-02,120.17,121.73,120.0,121.68,64765700,121.197,95858
2005-11-03,122.15,122.66,121.75,122.24,73349100,122.215,98090
2005-11-04,122.4,122.46,120.11,122.11,49839500,121.939,76822
2005-11-07,122.4,122.62,121.85,122.23,44676000,122.253,73319
2005-11-08,121.95,122.42,121.79,122.22,35816700,122.076,59851
2005-11-09,122.08,122.95,121.86,122.35,52657800,122.385,82946
2005-11-10,122.36,123.52,121.0,123.39,69097300,122.658,95076
2005-11-11,123.35,123.84,123.28,123.78,32715000,123.515,48825
2005-11-14,123.76,124.02,123.41,123.7,62401900,123.685,64636
2005-11-15,123.57,124.09,122.86,123.27,63529500,123.468,99563
2005-11-16,123.39,123.55,122.98,123.52,45299800,123.282,71674
2005-11-17,123.76,124.68,123.24,124.56,54873700,124.058,82849
2005-11-18,125.04,126.06,124.33,125.12,61624400,124.856,87928
2005-11-21,125.16,125.91,124.98,125.79,41598800,125.388,67799
2005-11-22,125.56,126.52,125.42,126.35,53766400,125.924,77770
2005-11-23,126.25,127.41,126.21,127.0,42900700,126.889,84106
2005-11-25,126.98,127.22,126.81,127.1,12874600,127.041,26338
2005-11-28,127.25,129.69,125.56,126.23,48378500,126.502,95504
2005-11-29,126.65,126.98,126.07,126.09,46506700,126.496,88036
2005-11-30,126.16,126.52,125.01,125.45,46989000,125.914,96874
2005-12-01,126.02,127.03,125.98,126.67,58830000,126.586,107144
2005-12-02,126.77,127.08,126.5,126.87,40659900,126.787,77811
2005-12-05,126.64,126.73,123.34,126.61,46965100,126.47,100324
2005-12-06,127.05,127.74,126.6,126.83,52378600,127.193,109018
2005-12-07,126.77,126.87,125.68,126.12,60123500,126.279,107879
2005-12-08,126.22,126.82,125.48,126.05,55718200,126.133,107858
2005-12-09,126.17,126.78,125.82,126.29,46014100,126.288,80606
2005-12-12,126.71,126.86,125.96,126.46,44791800,126.459,82471
2005-12-13,126.4,137.32,126.29,127.27,71048000,127.063,94409
2005-12-14,127.19,128.09,121.71,127.8,59653400,127.622,96396
2005-12-15,127.84,128.0,127.18,127.39,49767400,127.534,87021
2005-12-16,127.27,128.57,126.37,126.4,35201800,126.97,43358
2005-12-19,126.73,126.87,125.69,125.75,45152100,126.29,78850
2005-12-20,125.86,126.22,125.48,125.81,43038300,125.836,71530
2005-12-21,126.17,126.76,125.8,126.07,45187400,126.321,82047
2005-12-22,126.31,126.69,126.08,126.64,28838100,126.387,57929
2005-12-23,126.8,126.86,126.3,126.73,25651900,126.661,42845
2005-12-27,126.92,127.05,125.38,125.52,41242700,126.072,79777
2005-12-28,125.74,125.99,125.5,125.71,26093000,125.758,59541
2005-12-29,125.72,125.96,125.06,125.2,30389600,125.608,57592
2005-12-30,124.8,125.06,124.36,124.46,40267000,124.716,69106
2006-01-03,125.1,127.0,124.39,126.68,64207300,125.614,104002
2006-01-04,126.86,127.49,126.7,127.31,45404200,127.106,87917
2006-01-05,127.17,127.59,126.88,127.4,41995200,127.209,76239
2006-01-06,128.04,128.58,127.43,128.45,52758800,128.052,88187
2006-01-09,128.42,129.06,125.78,128.76,40433800,128.691,86225
2006-01-10,128.39,128.98,128.26,128.92,39285300,128.61,81533
2006-01-11,129.02,129.44,128.73,129.37,44402200,129.068,88338
2006-01-12,129.08,129.28,128.44,128.76,37804600,128.855,80671
2006-01-13,128.57,128.9,128.2,128.65,38399000,128.571,81398
2006-01-17,128.2,128.42,126.11,128.35,44149700,128.135,94170
2006-01-18,127.58,128.24,127.16,127.84,62845000,127.631,138949
2006-01-19,128.09,128.77,127.81,128.31,68882600,128.263,150710
2006-01-20,128.28,128.31,120.89,126.02,102044100,126.99,227654
2006-01-23,126.21,126.82,126.13,126.4,52266100,126.408,135578
2006-01-24,126.63,127.15,126.42,126.61,49870000,126.753,117368
2006-01-25,127.04,127.18,125.84,126.67,75763400,126.481,140859
2006-01-26,127.28,127.67,126.76,127.36,57545400,127.246,124019
2006-01-27,127.65,128.66,127.45,128.53,56408700,128.239,96009
2006-01-30,128.44,128.81,128.35,128.45,31708600,128.549,72298
2006-01-31,128.34,128.54,127.49,127.53,59468400,128.072,107855
2006-02-01,127.82,128.43,127.72,128.4,57410200,128.038,104244
2006-02-02,128.1,128.15,126.8,127.15,70036100,127.326,108925
2006-02-03,126.58,128.57,126.14,126.3,67378400,126.582,101808
2006-02-06,126.44,126.8,126.17,126.64,42355900,126.506,70339
2006-02-07,126.39,126.66,125.4,125.51,63864300,125.888,107753
2006-02-08,125.89,127.75,125.6,126.63,51658300,126.099,97584
2006-02-09,126.91,137.33,126.37,126.41,54131100,127.04,95918
2006-02-10,126.44,127.13,125.55,126.65,58622000,126.31,88632
2006-02-13,126.57,126.79,125.95,126.46,42186000,126.401,74292
2006-02-14,126.46,128.03,126.19,127.72,81590500,127.277,111314
2006-02-15,127.66,128.32,127.1,128.16,75142600,127.84,104309
2006-02-16,128.34,129.21,128.18,129.14,53101100,128.616,72892
2006-02-17,129.09,129.98,128.58,128.82,36669500,128.887,57329
2006-02-21,129.12,129.4,128.29,128.52,39384400,128.673,62064
2006-02-22,128.77,129.65,128.65,129.25,35265900,129.235,57529
2006-02-23,129.27,129.64,128.71,129.04,38662200,129.196,63849
2006-02-24,129.11,129.48,128.76,129.37,30155800,129.136,54223
2006-02-27,129.4,130.04,129.28,129.49,33338700,129.726,58224
2006-02-28,129.2,129.68,128.13,128.27,68413100,128.57,97578
2006-03-01,128.6,129.49,128.5,129.32,43166000,129.018,76252
2006-03-02,128.9,129.42,128.61,129.32,49319700,128.974,79608
2006-03-03,128.67,130.07,128.65,128.81,61514900,129.3,92112
2006-03-06,129.14,129.18,127.85,128.16,49885400,128.495,78079
2006-03-07,127.92,129.9,127.4,127.96,54866100,127.78,77218
2006-03-08,127.7,128.44,127.18,128.25,61125000,127.877,84486
2006-03-09,128.34,128.68,127.43,127.43,49530400,128.112,76577
2006-03-10,127.72,128.84,127.37,128.57,53079700,128.259,83587
2006-03-13,128.84,129.16,128.53,128.86,41201800,128.853,67875
2006-03-14,128.71,130.23,128.61,130.15,60831500,129.516,80203
2006-03-15,130.15,130.86,129.85,130.75,44609900,130.361,74858
2006-03-16,130.98,131.47,130.84,131.01,55285100,131.11,84564
2006-03-17,130.68,130.9,130.38,130.59,42489400,130.575,61802
2006-03-20,130.64,130.9,130.21,130.38,38673700,130.498,58248
2006-03-21,130.34,130.99,129.45,129.62,78458000,130.136,96248
2006-03-22,129.51,130.51,129.45,130.39,44854400,130.013,71756
2006-03-23,130.24,9130.03,129.66,130.12,40084900,130.127,56940
2006-03-24,129.99,130.57,128.96,130.23,39697500,130.155,54133
2006-03-27,130.03,130.28,129.74,130.07,29556300,130.036,47777
2006-03-28,129.93,130.53,128.55,129.25,75032300,129.721,96378
2006-03-29,129.4,130.5,128.29,130.01,55060100,129.996,84169
2006-03-30,130.11,130.98,129.55,129.8,65110400,130.188,93890
2006-03-31,130.02,130.24,129.37,129.84,54361100,129.745,77417
2006-04-03,130.07,130.87,129.49,129.71,56306800,130.324,92359
2006-04-04,129.72,130.73,129.36,130.57,51767100,130.131,97499
2006-04-05,130.62,131.28,130.39,131.05,47872400,130.839,80192
2006-04-06,130.85,131.21,130.0,130.9,48122800,130.735,82564
2006-04-07,131.06,131.4,129.35,129.56,68191200,130.17,107271
2006-04-10,129.71,130.08,129.27,129.76,37876900,129.676,64502
2006-04-11,129.85,130.06,128.25,128.68,65885500,128.919,85454
2006-04-12,128.77,129.13,128.61,128.86,40578700,128.836,68544
2006-04-13,128.59,129.25,128.1,128.74,47371000,128.803,68470
2006-04-17,128.79,129.9,128.02,128.66,59013800,128.622,82531
2006-04-18,128.96,130.94,128.54,130.68,81282900,130.029,113683
2006-04-19,130.72,131.07,130.24,130.98,73077600,130.709,77166
2006-04-20,131.0,134.34,130.6,131.11,79274500,131.27,83559
2006-04-21,131.74,131.79,130.62,131.1,65155300,131.208,88698
2006-04-24,130.93,131.07,130.38,130.91,48566400,130.722,70839
2006-04-25,131.04,131.12,129.92,130.38,79649100,130.352,105860
2006-04-26,130.5,131.14,130.2,130.41,54104600,130.764,83052
2006-04-27,129.9,131.63,129.59,131.02,114578600,130.849,127532
2006-04-28,130.79,131.75,130.71,131.43,49079100,131.191,68369
2006-05-01,131.46,131.88,130.3,130.45,59470400,131.165,75070
2006-05-02,131.01,131.46,130.74,131.42,42105000,131.127,57690
2006-05-03,131.22,131.32,130.45,130.87,56428800,130.825,64706
2006-05-04,131.06,131.62,130.97,131.33,39938200,131.344,52963
2006-05-05,132.04,132.8,131.85,132.55,53337200,132.301,60489
2006-05-08,132.52,132.77,132.37,132.41,24766700,132.571,32655
2006-05-09,132.43,132.77,132.31,132.63,23431500,132.53,33682
2006-05-10,132.41,133.33,131.89,132.51,50791100,132.395,56045
2006-05-11,132.5,132.55,130.52,130.96,70605000,131.278,83291
2006-05-12,130.46,130.72,128.27,129.28,86733100,130.001,85249
2006-05-15,128.79,129.74,127.27,129.55,78722000,129.226,92630
2006-05-16,129.76,130.79,128.76,129.33,53700500,129.56,65501
2006-05-17,128.67,129.45,126.01,126.86,126903100,127.917,131998
2006-05-18,127.38,127.75,12.0,126.23,79439200,127.203,85298
2006-05-19,126.87,129.94,125.8,127.04,112372700,126.719,112429
2006-05-22,126.28,127.17,125.15,126.15,99187000,126.319,108507
2006-05-23,127.18,127.88,125.2,125.2,74991600,126.893,88812
2006-05-24,125.68,126.75,124.76,126.17,149158300,125.798,146252
2006-05-25,126.92,127.71,126.43,127.68,66399600,127.046,74735
2006-05-26,128.0,128.38,127.51,128.33,46469300,128.038,54867
2006-05-30,127.97,128.05,126.05,126.13,60216900,127.052,77515
2006-05-31,126.58,137.38,126.2,127.48,78504000,126.94,82177
2006-06-01,127.38,128.94,127.27,128.75,61235300,128.13,69820
2006-06-02,129.25,129.96,128.32,129.03,75459900,128.936,81172
2006-06-05,128.79,128.86,126.77,127.18,77135700,127.886,88525
2006-06-06,127.21,127.95,125.76,126.79,118879700,126.5,121087
2006-06-07,126.91,127.65,120.7,125.9,97327100,126.866,97922
2006-06-08,125.58,126.5,123.0,125.83,189220600,125.164,155910
2006-06-09,126.36,126.67,125.29,125.35,83878500,126.02,85142
2006-06-12,125.89,125.93,123.82,123.97,87378300,124.953,88476
2006-06-13,123.78,124.84,122.57,122.57,154673300,123.674,155683
2006-06-14,122.84,123.63,122.34,123.47,125077800,123.034,129649
2006-06-15,123.92,126.36,123.86,126.08,113061700,125.042,114689
2006-06-16,125.19,125.56,124.46,124.76,81274000,124.993,86902
2006-06-19,125.4,125.48,123.55,123.64,81596300,124.335,88334
2006-06-20,124.01,124.81,123.72,124.05,60313700,124.161,72278
2006-06-21,124.0,125.7,123.96,125.06,68474400,125.118,88711
2006-06-22,124.95,125.06,124.04,124.46,68602400,124.539,72646
2006-06-23,124.33,125.3,124.03,124.43,49666000,124.634,60584
2006-06-26,124.54,125.06,124.25,124.98,35164400,124.642,51186
2006-06-27,125.01,125.29,123.77,123.91,63446000,124.447,78655
2006-06-28,124.18,124.86,123.65,124.76,55569900,124.208,64583
2006-06-29,125.19,127.35,125.17,127.2,89117900,126.219,101019
2006-06-30,127.47,127.66,126.96,127.25,48715900,127.259,57764
2006-07-03,127.43,128.01,127.31,127.97,20372200,127.666,24483
2006-07-05,127.29,127.45,126.52,127.09,59147100,126.935,62221
2006-07-06,127.2,127.85,127.08,127.41,44246200,127.474,60993
2006-07-07,127.2,127.56,126.29,126.65,59450100,126.97,67451
2006-07-10,126.94,127.43,126.41,126.85,51891400,126.94,66887
2006-07-11,126.61,129.48,125.94,127.39,68248300,126.561,69313
2006-07-12,127.21,127.4,125.72,126.08,78965000,126.413,74404
2006-07-13,125.5,125.87,123.99,124.01,89389800,124.891,99728
2006-07-14,124.15,124.26,122.83,123.55,92539200,123.589,102237
2006-07-17,123.5,124.1,123.15,123.35,76461200,123.663,79723
2006-07-18,123.75,124.05,122.39,123.84,110142500,123.29,109617
2006-07-19,124.18,126.26,124.15,125.84,110080900,125.465,118751
2006-07-20,126.12,126.3,124.66,125.15,103662600,125.66,91994
2006-07-21,125.15,125.19,123.19,123.86,90740900,124.301,93659
2006-07-24,124.44,126.32,124.44,126.2,85877000,125.612,82355
2006-07-25,125.98,136.64,125.13,126.55,91475900,126.441,82854
2006-07-26,126.59,127.45,126.14,126.81,78885400,126.84,74449
2006-07-27,127.33,127.69,126.2,126.64,79872700,126.972,82225
2006-07-28,126.99,128.14,126.86,127.97,68607300,127.619,71717
2006-07-31,127.68,127.96,126.55,127.75,45021800,127.693,48453
2006-08-01,127.34,127.49,126.6,127.23,56865000,126.949,63213
2006-08-02,127.58,128.46,127.01,128.02,61619700,127.897,64221
2006-08-03,127.33,128.55,127.15,128.33,57949900,127.938,64377
2006-08-04,129.06,129.43,127.48,128.21,72809100,128.4,78280
2006-08-07,127.9,128.08,127.4,127.91,41621700,127.754,49014
2006-08-08,128.1,128.46,126.95,127.63,83622500,127.727,82662
2006-08-09,128.2,128.6,126.61,126.89,70506200,127.703,78492
2006-08-10,126.53,127.68,126.28,127.31,61996400,126.925,72137
2006-08-11,127.17,127.2,126.39,127.0,43680500,126.812,54433
2006-08-14,127.63,128.16,126.92,127.18,54953000,127.55,66668
2006-08-15,128.22,128.92,127.9,128.58,59045000,128.411,78121
2006-08-16,129.32,129.89,129.04,129.65,60220000,129.454,70429
2006-08-17,129.57,130.37,128.86,129.9,66763100,129.91,71939
2006-08-18,130.19,130.69,129.59,130.65,54117200,130.057,58784
2006-08-21,130.18,130.28,129.8,130.17,37612800,130.058,45754
2006-08-22,129.94,130.52,129.68,130.14,55352000,130.128,61199
2006-08-23,130.18,139.32,129.19,129.65,60635900,129.713,72085
2006-08-24,129.99,130.1,129.4,129.66,52637600,129.761,54083
2006-08-25,129.64,130.25,129.55,129.85,39676800,129.879,48409
2006-08-28,129.66,130.82,129.64,130.49,50921900,130.398,62290
2006-08-29,130.49,130.83,129.81,130.63,55134200,130.29,69619
2006-08-30,130.87,131.04,130.55,130.74,45069400,130.802,54586
2006-08-31,130.85,130.99,130.58,130.74,30873300,130.775,44320
2006-09-01,131.14,131.58,130.84,131.44,41969400,131.29,50973
2006-09-05,131.51,131.85,131.2,131.58,41675000,131.561,53933
2006-09-06,131.1,131.16,130.33,130.46,48069900,130.776,59472
2006-09-07,130.06,130.97,120.22,130.01,77041200,130.024,80945
2006-09-08,130.08,130.99,129.83,130.2,39132000,130.176,52470
2006-09-11,129.86,130.69,129.48,130.3,63661900,130.094,75929
2006-09-12,130.57,131.84,130.37,131.72,60800300,131.233,74054
2006-09-13,131.62,132.45,131.42,132.16,51658300,132.002,66487
2006-09-14,131.96,132.26,130.9,132.26,52433800,131.99,67420
2006-09-15,132.34,132.39,131.01,131.9,61644900,131.965,67889
2006-09-18,131.8,132.45,131.01,132.06,57282900,132.018,73736
2006-09-19,132.12,132.14,131.07,131.88,79991200,131.555,92094
2006-09-20,132.24,133.4,130.46,132.44,70323800,132.449,83301
2006-09-21,132.6,132.75,131.42,131.83,84043500,132.044,84566
2006-09-22,131.67,131.68,131.0,131.52,60209200,131.266,70471
2006-09-25,131.73,132.85,131.05,132.45,80869600,131.952,92985
2006-09-26,132.49,134.0,132.4,133.47,67357200,133.069,79027
2006-09-27,133.48,133.97,133.27,133.68,70137200,133.624,81192
2006-09-28,133.74,133.99,133.28,133.7,52784400,133.641,59717
2006-09-29,133.79,133.94,133.48,133.65,42451900,133.702,48516
2006-10-02,133.54,133.83,132.49,133.1,46713100,133.362,51514
2006-10-03,132.89,133.79,132.65,133.35,68756500,133.268,81692
2006-10-04,133.22,135.0,133.08,134.95,71592200,134.212,81310
2006-10-05,134.92,135.41,134.04,135.18,54096900,135.058,61112
2006-10-06,134.96,135.57,134.4,134.88,59997900,134.727,68129
2006-10-09,134.85,135.3,134.64,135.01,38763800,134.978,46416
2006-10-10,135.11,135.45,134.84,135.11,52816200,135.129,66588
2006-10-11,134.84,135.84,134.3,135.12,89985900,134.962,90166
2006-10-12,135.47,136.39,135.29,136.33,52932600,135.904,65896
2006-10-13,136.16,136.71,135.32,136.58,50109200,136.36,58560
2006-10-16,136.52,137.05,136.42,136.75,35045000,136.749,41382
2006-10-17,136.47,136.7,135.67,136.5,82436400,136.167,75545
2006-10-18,137.05,137.37,127.29,136.43,75509000,136.665,78338
2006-10-19,136.41,136.88,136.23,136.8,61007100,136.562,57604
2006-10-20,136.81,137.5,136.0,136.83,42897000,136.646,50152
2006-10-23,136.56,137.8,136.39,137.3,56549600,137.39,71310
2006-10-24,137.28,137.94,137.22,137.77,48632700,137.517,62590
2006-10-25,137.74,138.43,137.51,138.37,70660900,138.05,76831
2006-10-26,138.66,139.92,130.7,138.75,61096800,138.553,72478
2006-10-27,138.61,138.97,128.27,137.81,72767700,138.122,73582
2006-10-30,137.66,138.2,130.78,137.86,47161100,137.785,58431
2006-10-31,138.07,138.26,137.25,137.89,64450900,137.736,71310
2006-11-01,138.22,138.31,136.72,136.9,75903100,137.449,78590
2006-11-02,136.51,137.01,136.36,136.75,49835400,136.686,60073
2006-11-03,137.26,137.99,136.2,136.44,55053600,136.746,61635
2006-11-06,136.96,138.28,136.67,138.0,58045100,137.728,63025
2006-11-07,138.2,138.98,138.0,138.42,59985300,138.58,66760
2006-11-08,138.0,139.05,137.79,138.94,77737500,138.415,79701
2006-11-09,139.01,139.14,137.9,138.15,82635800,138.51,79179
2006-11-10,138.14,138.35,137.72,138.3,42833700,138.073,49225
2006-11-13,138.18,139.04,137.64,138.62,51561000,138.708,62044
2006-11-14,138.97,139.74,138.12,139.61,78918200,138.916,84725
2006-11-15,139.57,140.45,139.53,139.9,65469900,139.999,69112
2006-11-16,140.44,141.58,139.49,140.22,59701600,140.346,65003
2006-11-17,139.92,140.5,139.73,140.44,49367500,140.123,56205
2006-11-20,140.3,140.74,140.09,140.4,57023400,140.401,67398
2006-11-21,140.49,140.7,140.29,140.67,46162900,140.496,56036
2006-11-22,140.75,149.86,140.0,140.83,38238800,140.766,48621
2006-11-24,140.24,140.84,140.2,140.39,23296700,140.527,29506
2006-11-27,140.29,140.35,137.19,138.44,79480200,139.032,90448
2006-11-28,138.24,139.16,137.67,139.11,88489700,138.697,94094
2006-11-29,139.47,140.53,139.42,140.36,76521800,140.026,89651
2006-11-30,140.44,141.05,139.76,140.47,78341500,140.356,97863
2006-12-01,140.53,140.66,138.97,140.35,109804100,139.742,127235
2006-12-04,140.25,141.55,140.23,141.31,80550300,140.993,82649
2006-12-05,141.57,141.98,141.26,141.9,64827800,141.706,87641
2006-12-06,141.87,144.71,141.5,141.66,48230600,141.777,67463
2006-12-07,142.03,142.3,141.09,141.15,59083300,141.595,80489
2006-12-08,141.13,141.9,140.78,141.42,63496800,141.342,80520
2006-12-11,141.42,142.09,141.34,141.8,36539900,141.747,50500
2006-12-12,141.68,141.87,140.64,141.6,68197700,141.46,79916
2006-12-13,142.23,142.33,141.56,141.86,48581100,141.854,64979
2006-12-14,141.87,143.24,141.84,143.13,60250200,142.777,78319
2006-12-15,142.64,142.89,142.2,142.34,55187100,142.55,70105
2006-12-18,142.54,142.88,141.75,141.95,41838000,142.295,60410
2006-12-19,141.53,142.56,141.16,142.22,57674300,141.825,74528
2006-12-20,142.29,142.66,142.01,142.24,37597900,142.349,56363
2006-12-21,142.27,142.43,141.32,141.68,45252300,141.83,69559
2006-12-22,141.64,141.65,140.65,140.68,55395500,141.082,64702
2006-12-26,140.82,141.66,140.78,141.6,25475000,141.242,41234
2006-12-27,141.87,142.6,141.83,142.45,35928000,142.293,48896
2006-12-28,142.41,142.7,140.27,142.17,33253500,142.297,49547
2006-12-29,142.1,142.54,141.41,141.6,43492700,142.027,63307
2007-01-03,142.25,142.86,140.57,141.39,78913400,141.906,110761
2007-01-04,141.23,142.05,140.61,141.7,63391600,141.376,91159
2007-01-05,141.33,144.78,140.38,140.47,65681600,140.84,89343
2007-01-08,140.82,141.41,140.2,141.31,63932500,140.785,79557
2007-01-09,141.31,141.6,140.4,141.02,61197600,140.994,87317
2007-01-10,140.58,141.7,140.3,141.61,60965300,140.98,87571
2007-01-11,141.56,142.62,141.5,142.23,52003700,142.231,80036
2007-01-12,142.12,143.35,142.11,143.27,51975100,142.675,66460
2007-01-16,143.07,143.44,142.73,142.83,41288400,142.983,61051
2007-01-17,142.87,143.46,142.73,142.9,46053400,143.053,67766
2007-01-18,143.17,143.26,142.31,142.41,60061000,142.72,82216
2007-01-19,142.54,143.1,142.46,142.95,52276200,142.778,73855
2007-01-22,143.07,145.95,141.93,142.39,57406400,142.285,78993
2007-01-23,142.25,143.08,142.06,142.93,50294100,142.625,71846
2007-01-24,142.97,144.26,142.91,143.99,53062500,143.473,62112
2007-01-25,143.84,143.92,134.4,142.31,64121200,142.848,90253
2007-01-26,142.59,142.75,141.58,142.22,68548900,142.043,89783
2007-01-29,142.19,142.8,141.74,142.02,58997000,142.197,80431
2007-01-30,142.35,142.87,142.06,142.77,53373000,142.493,72787
2007-01-31,142.63,144.13,142.4,143.79,83643400,143.301,90721
2007-02-01,144.15,144.66,143.91,144.53,63113800,144.245,81928
2007-02-02,144.74,144.95,144.38,144.78,44275800,144.716,60897
2007-02-05,144.7,144.94,144.34,144.82,43761000,144.684,58083
2007-02-06,144.97,145.03,144.33,144.97,51915500,144.679,68417
2007-02-07,145.12,145.36,143.9,145.11,51951800,145.037,69030
2007-02-08,144.78,145.12,144.27,144.97,64171100,144.682,76436
2007-02-09,145.06,146.11,143.39,143.9,74652600,144.31,97210
2007-02-12,143.94,144.04,143.19,143.5,57304100,143.514,59719
2007-02-13,143.77,144.9,143.76,144.65,59943700,144.21,70752
2007-02-14,144.8,145.9,144.48,145.6,61627800,145.493,78035
2007-02-15,145.67,145.95,145.43,145.55,36506900,145.713,57900
2007-02-16,145.43,145.81,145.23,145.73,32631900,145.51,50276
2007-02-20,145.56,146.2,144.06,145.99,52297600,145.742,78376
2007-02-21,145.61,146.07,145.35,145.95,58949800,145.78,87446
2007-02-22,146.05,146.42,145.17,145.8,70252600,145.756,97718
2007-02-23,145.73,145.79,144.75,145.35,69599800,145.336,94727
2007-02-26,145.83,145.95,144.75,145.2,65276500,145.289,93584
2007-02-27,143.89,144.2,139.0,139.63,226060900,141.955,215884
2007-02-28,140.39,141.98,139.8,140.8,157450100,141.002,156324
2007-03-01,139.36,141.25,138.05,140.61,173520500,140.148,156353
2007-03-02,140.05,140.66,138.6,138.94,141749800,139.705,139901
2007-03-05,137.92,140.0,137.08,137.91,130162000,138.529,126507
2007-03-06,138.78,140.12,137.72,139.84,122586200,139.299,119454
2007-03-07,139.74,140.46,139.28,139.47,103124000,139.88,126339
2007-03-08,140.55,141.16,140.0,140.73,99594300,140.727,131485
2007-03-09,141.33,141.42,140.08,140.61,89992200,140.699,108555
2007-03-12,140.42,141.34,140.12,140.91,71774500,140.739,81225
2007-03-13,140.24,140.77,138.04,138.11,158235900,139.36,174342
2007-03-14,138.43,139.59,136.5,139.51,214447400,138.179,224820
2007-03-15,139.04,139.99,138.8,139.25,114653300,139.538,141814
2007-03-16,139.31,141.0,137.95,138.21,99275000,138.842,147715
2007-03-19,139.26,140.33,138.89,140.23,78985400,139.781,109654
2007-03-20,140.08,141.07,139.96,140.9,76913400,140.593,107546
2007-03-21,141.1,143.65,140.82,143.07,147173200,142.326,153239
2007-03-22,143.47,143.68,142.79,143.17,106071600,143.23,143743
2007-03-23,143.29,143.81,143.15,143.45,69789200,143.453,101890
2007-03-26,143.5,143.65,142.09,143.23,104537700,142.849,143359
2007-03-27,143.13,143.9,141.86,142.42,94103100,142.75,127125
2007-03-28,142.23,142.47,141.26,141.83,140653100,141.894,182884
2007-03-29,142.54,142.98,141.19,142.19,129714900,141.882,169822
2007-03-30,142.17,142.84,140.56,142.0,114016200,141.886,164361
2007-04-02,142.16,1441.65,140.89,142.28,77127800,143.435,119439
2007-04-03,142.97,143.98,142.91,143.74,75192700,143.511,110403
2007-04-04,143.69,143.95,141.48,143.78,58599400,143.694,85054
2007-04-05,143.67,144.44,143.61,144.31,46060000,144.099,68204
2007-04-09,144.59,144.8,144.15,144.42,48142100,144.49,77463
2007-04-10,144.33,144.85,144.27,144.6,53169200,144.629,75780
2007-04-11,144.82,144.86,143.54,143.95,103030600,144.074,135965
2007-04-12,143.75,144.92,142.66,144.72,110253200,144.144,122515
2007-04-13,144.9,145.32,144.27,145.24,76842100,144.885,108122
2007-04-16,145.86,146.86,145.54,146.65,74655800,146.486,109875
2007-04-17,146.96,147.4,146.65,146.82,98080200,147.063,128152
2007-04-18,146.6,147.7,146.57,147.1,84048100,147.114,123216
2007-04-19,146.54,147.4,145.82,147.29,97374100,146.979,133290
2007-04-20,148.22,148.62,147.69,148.59,100892600,148.128,127619
2007-04-23,148.37,148.73,140.56,148.19,70585900,148.332,100094
2007-04-24,148.23,148.4,147.32,148.27,108197300,147.896,137936
2007-04-25,148.73,149.66,148.16,149.56,100517500,148.914,128034
2007-04-26,149.49,149.8,149.1,149.48,84044800,149.432,112375
2007-04-27,149.03,149.97,148.84,149.65,89976800,149.279,123339
2007-04-30,149.63,149.82,140.93,148.31,95970400,149.094,134518
2007-05-01,148.52,149.94,147.67,148.74,126034600,148.223,167442
2007-05-02,148.9,149.95,148.75,149.57,82672600,149.545,124478
2007-05-03,149.95,150.4,149.05,150.28,77076100,150.119,125700
2007-05-04,150.75,151.56,150.22,150.94,87324900,150.632,134343
2007-05-07,150.88,151.2,150.81,150.93,60710000,150.991,87947
2007-05-08,150.57,150.92,150.13,150.65,76889100,150.527,121266
2007-05-09,150.64,152.82,150.37,151.12,96860000,151.031,126751
2007-05-10,150.73,151.02,149.27,149.56,146568600,150.059,165473
2007-05-11,149.75,150.98,149.72,150.91,105646300,150.31,129894
2007-05-14,150.86,151.3,149.79,150.37,105002600,150.635,132567
2007-05-15,150.7,151.66,150.19,150.45,164101500,150.956,191041
2007-05-16,150.8,151.67,150.38,151.43,108214200,150.999,143024
2007-05-17,151.38,151.96,151.11,151.37,97946300,151.522,142127
2007-05-18,151.94,152.65,151.21,152.58,89529300,152.182,139776
2007-05-21,152.58,157.69,152.44,152.63,68091400,152.812,101653
2007-05-22,152.71,153.16,152.37,152.42,78081400,152.749,128487
2007-05-23,152.95,153.5,152.01,152.41,118793200,152.968,169715
2007-05-24,152.53,153.21,150.74,151.17,175606400,151.762,220774
2007-05-25,151.49,1511.7,151.18,151.8,77950900,152.435,110993
2007-05-29,151.94,152.5,151.45,152.14,82078200,151.99,123418
2007-05-30,151.46,153.54,151.34,153.51,126264100,152.344,154572
2007-05-31,153.66,153.89,150.5,153.44,98505200,153.51,120464
2007-06-01,153.88,154.4,153.51,153.88,91601900,153.938,110133
2007-06-04,153.53,154.39,153.48,154.08,73670200,153.971,93409
2007-06-05,153.72,153.9,143.46,153.5,116421400,153.404,151625
2007-06-06,152.91,161.9,151.75,152.05,154126300,152.243,183863
2007-06-07,151.55,152.5,149.0,149.22,221997900,150.624,277443
2007-06-08,149.42,151.21,149.09,151.1,163608900,150.073,216867
2007-06-11,150.96,151.95,150.7,151.33,94300400,151.359,134901
2007-06-12,150.67,151.54,149.35,149.35,210990700,150.461,255284
2007-06-13,150.43,152.07,150.19,151.88,145148600,150.979,188573
2007-06-14,152.06,153.12,152.03,152.79,125792500,152.683,155092
2007-06-15,153.25,153.66,152.06,152.97,123277300,153.19,137404
2007-06-18,153.36,153.39,152.6,152.67,78289500,152.99,105476
2007-06-19,152.64,153.38,152.36,153.07,101109200,152.905,140998
2007-06-20,153.59,153.79,150.96,151.2,167582000,152.468,211257
2007-06-21,151.08,152.11,150.25,151.85,187684200,151.291,224407
2007-06-22,151.5,151.77,149.85,150.7,196688800,150.656,242048
2007-06-25,150.24,151.25,149.02,150.0,219607200,150.141,258165
2007-06-26,150.21,150.46,148.28,148.35,187032600,149.61,255102
2007-06-27,148.24,150.57,148.06,150.47,189869600,149.347,240426
2007-06-28,150.37,151.42,149.67,150.39,149194000,150.736,206580
2007-06-29,150.83,151.65,113.35,150.32,186545400,150.364,266792
2007-07-03,152.17,152.5,151.99,152.24,50940100,152.269,73527
2007-07-05,152.43,152.56,151.63,152.34,76627800,152.152,123041
2007-07-06,152.38,153.17,151.93,152.92,68985800,152.609,116860
2007-07-09,153.15,154.2,152.62,153.06,69510500,153.058,114672
2007-07-10,152.27,152.9,150.75,150.9,166414700,151.785,228043
2007-07-11,150.73,152.35,150.52,152.24,156650900,151.334,213099
2007-07-12,152.36,154.75,152.34,154.44,127814700,153.536,188918
2007-07-13,154.57,155.46,154.39,154.91,100698000,154.983,170092
2007-07-16,154.99,155.53,154.58,154.85,93726300,155.04,171397
2007-07-17,155.02,156.0,153.35,153.93,118455400,155.088,179517
2007-07-18,154.32,154.9,153.3,154.6,223704000,154.028,289029
2007-07-19,155.2,155.53,154.64,154.8,137281600,155.148,216035
2007-07-20,154.87,154.99,152.25,153.47,232750200,153.793,316324
2007-07-23,154.29,154.72,50.11,153.87,113259500,153.999,179124
2007-07-24,153.11,154.28,150.76,151.29,233067500,152.337,345959
2007-07-25,152.03,152.39,150.25,151.99,250183200,151.353,364117
2007-07-26,150.16,151.76,47.5,148.08,429325700,148.207,607606
2007-07-27,148.26,148.87,144.95,145.3,366034900,147.275,555272
2007-07-30,145.89,147.81,145.29,147.3,254506700,146.558,385122
2007-07-31,148.33,149.46,144.96,145.0,285169200,147.392,436008
2007-08-01,145.21,147.01,143.95,146.73,430498000,145.314,569614
2007-08-02,146.77,147.96,145.26,147.58,271472400,146.89,349403
2007-08-03,147.26,147.58,143.2,143.6,333816500,145.687,442212
2007-08-06,144.22,149.1,142.53,146.3,304126400,144.475,457359
2007-08-07,145.94,149.0,143.71,147.85,265121700,147.094,409370
2007-08-08,148.41,150.59,147.34,149.93,262094100,149.235,403125
2007-08-09,147.45,154.53,144.59,144.59,334594900,147.299,466668
2007-08-10,144.24,146.5,37.55,145.05,368919000,144.684,565372
2007-08-13,146.5,146.89,144.88,144.93,165511300,146.131,273396
2007-08-14,145.69,146.06,142.72,142.9,249696500,143.979,392667
2007-08-15,142.7,144.46,140.62,140.88,306699200,142.704,461706
2007-08-16,139.79,142.99,137.0,142.43,514518800,139.506,761377
2007-08-17,145.56,154.54,141.39,144.8,307756700,144.124,456582
2007-08-20,145.13,145.47,143.11,144.51,177703000,144.34,265090
2007-08-21,144.59,145.97,144.14,144.9,137455700,144.987,223638
2007-08-22,146.01,147.88,144.97,147.77,163175100,146.145,248085
2007-08-23,147.33,147.9,145.61,146.32,185706300,146.449,321292
2007-08-24,146.49,148.42,145.4,148.39,118470200,147.287,197250
2007-08-27,147.87,148.33,146.73,146.79,99820600,147.377,159423
2007-08-28,146.16,146.96,143.46,143.59,209183500,144.994,282755
2007-08-29,144.39,146.78,143.96,146.57,190807700,145.286,301648
2007-08-30,145.45,147.19,145.31,146.28,174535500,146.27,291162
2007-08-31,147.67,148.5,146.83,147.57,162401800,147.699,236348
2007-09-04,147.47,149.98,147.4,148.86,113956600,148.833,185201
2007-09-05,148.18,149.45,147.0,147.63,151567300,147.593,247677
2007-09-06,147.95,148.61,147.12,148.05,116177100,147.992,184911
2007-09-07,146.48,146.89,145.26,146.25,193113100,146.089,291823
2007-09-10,146.51,147.77,144.33,145.68,168432900,145.429,246167
2007-09-11,146.23,147.7,146.13,147.36,147597700,146.954,235326
2007-09-12,147.28,148.44,146.98,147.73,139242000,147.751,214583
2007-09-13,148.55,149.45,148.2,148.27,127578400,148.882,208475
2007-09-14,147.95,149.09,147.74,148.93,107895600,148.616,174101
2007-09-17,148.29,148.89,147.63,148.03,102364500,148.19,156700
2007-09-18,148.83,152.61,148.13,152.52,234577800,150.53,341926
2007-09-19,153.41,154.39,148.1,153.05,175635200,153.571,312157
2007-09-20,153.35,153.43,152.11,152.34,138777200,152.787,228022
2007-09-21,152.7,153.12,151.74,152.05,101619200,152.511,156659
2007-09-24,152.43,152.82,151.23,151.29,131453700,152.059,213647
2007-09-25,150.83,151.7,150.47,151.65,120911300,151.163,207765
2007-09-26,152.26,152.77,151.39,152.38,120787500,152.214,180078
2007-09-27,152.88,153.31,152.19,152.96,93043500,152.744,149371
2007-09-28,152.85,153.19,151.98,152.65,118006000,152.544,195083
2007-10-01,152.61,154.75,152.5,154.27,136391800,153.899,201067
2007-10-02,154.62,154.65,153.81,154.18,107364200,154.229,170031
2007-10-03,153.82,154.41,153.01,153.96,106765900,153.88,169709
2007-10-04,154.1,154.26,153.59,153.96,69941700,153.972,118381
2007-10-05,155.02,156.1,154.63,156.0,109270600,155.397,185608
2007-10-08,155.39,155.49,154.77,155.23,66806900,155.091,106617
2007-10-09,155.6,156.51,155.03,156.25,90061700,155.677,139724
2007-10-10,156.04,156.44,155.41,156.25,97134600,155.919,157357
2007-10-11,156.92,157.52,154.54,155.28,215341900,156.033,300437
2007-10-12,155.46,156.6,155.15,156.43,108531300,155.872,174999
2007-10-15,156.27,156.36,153.94,154.86,153013300,154.914,237382
2007-10-16,154.41,156.48,153.47,154.35,155093300,153.961,231534
2007-10-17,154.98,155.09,152.47,154.15,188981500,153.668,311311
2007-10-18,153.45,154.19,153.08,153.88,124063600,153.628,208604
2007-10-19,153.1,156.48,149.27,149.4,275127500,151.467,414235
2007-10-22,148.83,151.06,148.66,150.97,235592400,149.837,356486
2007-10-23,151.3,151.95,149.98,151.3,166547100,151.117,249303
2007-10-24,151.21,151.95,148.0,151.77,303450200,150.286,442256
2007-10-25,151.68,152.29,149.88,151.98,219882200,151.186,316169
2007-10-26,153.06,153.97,151.9,153.8,151580300,152.802,233242
2007-10-29,153.92,154.44,153.55,153.92,99463900,153.991,165151
2007-10-30,153.43,153.75,152.86,152.9,120463500,153.328,174794
2007-10-31,153.98,155.27,152.84,154.73,201464800,154.06,302645
2007-11-01,153.33,154.3,150.59,151.02,292953700,152.156,426390
2007-11-02,151.54,151.56,149.21,151.38,294039800,150.332,447707
2007-11-05,149.63,151.16,148.0,150.23,206385200,150.049,294062
2007-11-06,150.84,152.11,149.5,151.74,159210000,150.963,265581
2007-11-07,150.43,151.13,146.35,147.13,276939800,149.318,430615
2007-11-08,147.98,149.3,145.07,147.5,349815000,146.92,443181
2007-11-09,145.51,147.54,144.85,144.87,252618800,146.128,382221
2007-11-12,145.2,146.61,143.44,143.88,230428700,145.486,316962
2007-11-13,145.26,148.31,145.22,147.95,177579600,146.531,251548
2007-11-14,149.22,149.4,146.78,147.51,191045100,148.378,269324
2007-11-15,146.79,147.6,144.38,145.51,234905900,146.071,348822
2007-11-16,146.28,146.47,144.57,145.95,278293600,145.491,390544
2007-11-19,145.28,148.7,143.19,143.95,251673100,144.075,368980
2007-11-20,143.64,145.53,142.11,144.07,385571600,143.866,510427
2007-11-21,143.08,143.91,141.67,141.88,231119000,142.689,377494
2007-11-23,143.07,144.34,142.57,143.95,75619100,143.652,117439
2007-11-26,144.38,144.94,140.66,140.86,193274900,143.152,281190
2007-11-27,141.74,143.23,140.95,142.6,255176800,142.192,377615
2007-11-28,144.21,147.47,144.14,147.04,227970900,146.169,363139
2007-11-29,146.61,148.2,146.1,148.07,181517600,146.968,289054
2007-11-30,149.04,149.87,147.33,148.55,199753400,148.38,312277
2007-12-03,148.21,148.45,147.29,147.37,138434400,147.775,210812
2007-12-04,146.66,156.49,146.31,146.64,125618800,146.817,189816
2007-12-05,147.92,149.2,147.83,148.86,150786100,148.432,236403
2007-12-06,148.63,151.21,148.57,150.94,136789700,149.954,232621
2007-12-07,151.42,151.5,150.55,150.88,113132100,151.071,182837
2007-12-10,151.25,161.61,150.86,152.06,97632400,151.81,181226
2007-12-11,152.14,152.89,147.83,147.98,224218700,150.133,354043
2007-12-12,151.52,151.75,147.19,149.3,244989900,149.54,372723
2007-12-13,148.32,149.39,147.3,149.11,199353300,148.261,312528
2007-12-14,148.05,149.1,147.1,147.12,129839800,148.077,214464
2007-12-17,146.62,146.87,144.86,145.01,147416600,145.925,233625
2007-12-18,146.09,146.48,143.96,145.97,227114900,145.448,334897
2007-12-19,145.95,146.89,144.94,145.85,178252000,146.019,283496
2007-12-20,146.84,146.86,145.18,146.86,161128300,146.022,240456
2007-12-21,147.37,148.43,147.09,148.32,121138200,147.679,183146
2007-12-24,148.74,149.48,148.48,149.2,43367500,149.112,66998
2007-12-26,148.78,149.68,148.5,149.6,57294600,149.141,98099
2007-12-27,149.01,149.03,147.32,147.67,105103900,148.201,144849
2007-12-28,148.54,148.61,146.9,147.38,95164700,147.63,147054
2007-12-31,147.11,147.33,146.06,146.39,88895600,146.737,154836
2008-01-02,146.53,146.99,143.88,144.86,168286300,145.107,244774
2008-01-03,144.92,145.49,144.12,144.86,106945000,144.885,168465
2008-01-04,143.34,143.44,140.91,141.31,188076600,141.994,314092
2008-01-07,141.81,142.23,140.1,141.19,207934700,141.212,314257
2008-01-08,142.1,142.9,138.44,138.91,294744000,141.143,406913
2008-01-09,139.01,140.8,137.7,140.37,273627000,139.246,388734
2008-01-10,139.7,142.8,139.37,141.29,288195600,141.07,408457
2008-01-11,140.75,141.9,139.0,140.15,237144200,140.481,342345
2008-01-14,141.16,141.86,140.4,141.28,136303300,141.032,197694
2008-01-15,139.74,140.1,137.9,138.17,199119000,138.765,298704
2008-01-16,137.37,139.12,136.28,136.98,314943700,137.779,421836
2008-01-17,137.58,137.88,132.93,133.43,339283400,135.203,446932
2008-01-18,134.2,135.02,131.1,132.06,322777500,132.77,447249
2008-01-22,126.45,132.25,126.0,130.72,350737000,130.339,495301
2008-01-23,127.12,134.19,126.84,133.86,412555400,129.768,564540
2008-01-24,134.28,135.46,133.31,134.99,227823700,134.495,329322
2008-01-25,136.5,136.76,132.6,133.38,232244200,134.459,348855
2008-01-28,133.29,135.52,132.06,135.24,191487800,133.888,294710
2008-01-29,136.1,136.45,134.88,135.91,141161000,135.818,219714
2008-01-30,135.58,138.54,134.58,134.91,300343900,136.529,384398
2008-01-31,133.42,138.54,133.2,137.37,287799100,136.17,409007
2008-02-01,137.92,139.61,137.52,139.58,171445900,138.622,273039
2008-02-04,139.19,139.3,137.64,137.82,110252000,138.438,187434
2008-02-05,135.86,136.25,133.67,134.13,238255500,135.032,360419
2008-02-06,134.58,135.25,132.41,133.05,211722300,133.902,308107
2008-02-07,132.08,134.79,131.73,133.93,259497200,133.167,393093
2008-02-08,133.27,134.22,132.1,133.07,186168200,133.195,276327
2008-02-11,133.12,134.23,132.04,133.75,170601100,133.252,267516
2008-02-12,134.91,136.31,133.98,134.99,223766800,135.29,350612
2008-02-13,136.06,137.1,135.14,136.37,157313100,136.152,255657
2008-02-14,136.94,137.0,134.79,135.17,183625200,135.758,280378
2008-02-15,134.55,136.1,133.36,135.14,129169600,134.51,218684
2008-02-19,136.67,136.89,134.61,135.52,133518700,135.764,229618
2008-02-20,134.0,137.6,133.76,135.92,200978900,135.168,342155
2008-02-21,136.66,137.01,134.07,134.79,179917800,135.494,292508
2008-02-22,134.98,135.85,132.86,135.62,189777300,133.975,306820
2008-02-25,135.54,137.65,134.78,137.33,173713500,136.222,330741
2008-02-26,136.72,138.95,136.5,138.36,179968100,137.878,303168
2008-02-27,137.56,139.14,137.41,138.22,152355200,138.277,279478
2008-02-28,137.25,137.96,136.55,136.87,147069100,137.173,270771
2008-02-29,135.59,135.68,132.78,133.82,207259200,134.239,338292
2008-03-03,133.16,133.81,132.24,133.5,172811500,133.045,293128
2008-03-04,132.23,133.4,130.99,132.99,263821400,132.098,424501
2008-03-05,133.4,134.77,132.34,133.83,242097400,133.588,405720
2008-03-06,132.98,133.22,130.55,131.06,221546100,131.911,369418
2008-03-07,129.72,131.74,128.58,129.71,280326400,130.05,476628
2008-03-10,129.77,129.93,127.59,128.0,218141400,128.625,374971
2008-03-11,130.72,132.72,128.95,132.6,273546300,130.46,480846
2008-03-12,132.75,133.77,131.16,131.36,200411200,132.472,336310
2008-03-13,129.61,132.64,128.6,131.65,315117400,130.783,571284
2008-03-14,132.78,132.81,127.78,129.61,415148000,129.641,686300
2008-03-17,126.35,129.26,126.07,128.3,337856000,127.685,598115
2008-03-18,130.6,133.7,129.98,133.63,290015800,131.544,519276
2008-03-19,134.14,134.65,130.02,130.32,294949500,132.592,482089
2008-03-20,130.03,132.91,129.26,132.08,217830700,131.247,365434
2008-03-24,133.31,135.81,133.24,134.72,186632300,134.846,317894
2008-03-25,134.82,135.55,133.77,134.85,163318400,134.796,309391
2008-03-26,134.46,134.59,133.11,133.2,170810400,133.931,292679
2008-03-27,134.19,134.44,132.36,132.78,195411800,133.435,355793
2008-03-28,133.0,133.36,131.06,131.51,154694500,132.309,280790
2008-03-31,130.76,132.73,130.76,131.97,148075800,131.993,243223
2008-04-01,132.52,136.84,131.28,136.61,223437700,135.385,376357
2008-04-02,137.06,137.67,135.98,136.7,193731300,136.904,355580
2008-04-03,135.94,137.44,135.71,137.04,151901500,136.597,269766
2008-04-04,136.95,137.96,136.12,136.89,160104400,137.029,299304
2008-04-07,137.87,138.57,136.74,136.96,139674300,137.625,267022
2008-04-08,136.18,136.92,135.95,136.82,136012100,136.454,240429
2008-04-09,136.61,136.8,134.89,135.83,173592700,135.636,294167
2008-04-10,135.4,136.67,134.9,136.02,172799900,135.982,288844
2008-04-11,134.46,135.12,133.01,133.38,186429500,134.07,295179
2008-04-14,133.19,133.54,132.55,132.93,143221200,133.005,265445
2008-04-15,133.57,133.69,132.33,133.24,145117900,132.964,286069
2008-04-16,134.54,136.94,134.4,136.85,160603400,135.441,277890
2008-04-17,136.02,137.25,135.66,137.05,153598800,136.246,282996
2008-04-18,138.95,139.56,138.26,138.48,181054100,138.907,287803
2008-04-21,138.21,138.98,136.87,138.55,104764600,138.39,206760
2008-04-22,138.19,138.37,136.64,137.94,143203000,137.564,265551
2008-04-23,138.09,138.78,137.12,137.72,166541200,137.9,289520
2008-04-24,138.09,139.74,137.04,138.32,203657700,138.557,341676
2008-04-25,139.4,139.89,137.91,139.6,171785900,138.955,290183
2008-04-28,139.88,140.25,139.35,139.63,96905700,139.868,186072
2008-04-29,139.4,139.73,138.61,139.08,116652500,139.175,204447
2008-04-30,139.28,140.59,138.26,138.26,181117600,139.439,308621
2008-05-01,138.39,141.12,138.27,141.12,168757900,139.901,290751
2008-05-02,142.33,142.37,140.56,141.51,153956500,141.376,291802
2008-05-05,141.05,141.61,140.41,140.83,109837900,140.841,191881
2008-05-06,140.0,142.2,139.69,142.05,159432000,141.074,266440
2008-05-07,141.89,142.04,139.13,139.52,173899300,140.52,323634
2008-05-08,139.74,140.35,138.98,139.16,154124600,139.628,301808
2008-05-09,138.6,139.39,138.45,138.9,135205000,138.882,280470
2008-05-12,139.25,140.57,138.73,140.46,135094500,139.782,263643
2008-05-13,140.81,140.89,139.73,140.48,136342600,140.289,260935
2008-05-14,141.09,142.2,140.46,140.77,157214800,141.538,250501
2008-05-15,141.04,142.95,140.83,142.53,148263700,141.646,275141
2008-05-16,142.86,142.87,141.61,142.66,181704100,142.266,287639
2008-05-19,142.81,144.3,142.3,143.05,155040600,143.312,293793
2008-05-20,142.26,142.34,141.0,141.89,153943300,141.625,281744
2008-05-21,141.81,142.26,139.0,139.49,232953100,140.595,400711
2008-05-22,139.43,140.17,139.0,139.51,156598800,139.671,274551
2008-05-23,139.04,139.2,137.5,137.64,154654400,138.145,299723
2008-05-27,137.8,139.0,137.53,138.66,142210400,138.312,254178
2008-05-28,139.18,140.0,138.0,139.3,148035400,138.712,270545
2008-05-29,139.13,140.93,139.08,140.0,159562900,140.059,309483
2008-05-30,140.47,140.74,139.94,140.35,99268100,140.383,181855
2008-06-02,139.82,139.86,138.0,138.9,158978700,138.718,290995
2008-06-03,139.33,139.62,137.0,138.09,244540000,138.458,409011
2008-06-04,137.77,139.25,137.46,138.02,224532800,138.282,379160
2008-06-05,138.58,140.89,138.32,140.78,204600800,139.736,334421
2008-06-06,139.56,139.8,136.22,136.29,316461300,138.009,503852
2008-06-09,136.84,137.5,135.0,136.62,209319000,136.494,341185
2008-06-10,135.67,137.1,135.35,135.94,229831600,136.228,421119
2008-06-11,135.97,136.09,133.91,133.94,246945000,134.791,430174
2008-06-12,134.6,135.87,133.52,134.45,215476900,134.81,400729
2008-06-13,135.17,136.52,134.61,136.15,215004300,135.586,399683
2008-06-16,135.56,136.93,135.46,136.23,161470700,136.288,310552
2008-06-17,137.06,137.12,135.37,135.57,168496600,136.178,309359
2008-06-18,134.7,135.08,133.71,134.25,239718600,134.389,391758
2008-06-19,134.15,135.24,132.0,134.42,274540400,134.326,469320
2008-06-20,132.84,133.09,131.22,131.58,253298300,132.153,439605
2008-06-23,132.04,132.23,131.32,131.45,136108300,131.699,261178
2008-06-24,131.03,132.44,130.19,131.19,239484300,131.382,438411
2008-06-25,131.71,133.4,131.24,131.81,249138900,132.4,459233
2008-06-26,130.57,131.42,128.08,128.23,272077600,129.434,521994
2008-06-27,128.28,128.86,127.04,127.53,274054700,127.946,488836
2008-06-30,127.89,128.91,127.3,127.98,234043300,128.24,408469
2008-07-01,126.52,128.48,125.93,128.38,337712200,127.331,619006
2008-07-02,128.79,129.16,125.95,126.18,268532900,127.855,508382
2008-07-03,126.52,127.22,124.99,126.31,220576100,126.322,394597
2008-07-07,126.79,127.34,123.92,125.02,332160900,125.537,631396
2008-07-08,124.98,127.39,124.2,127.24,336217900,125.584,583408
2008-07-09,127.49,127.74,124.39,124.79,305077000,126.535,529404
2008-07-10,124.44,125.79,123.58,125.3,387254400,124.639,766808
2008-07-11,123.93,125.9,122.49,123.84,431516000,123.763,894324
2008-07-14,125.26,125.5,122.4,122.72,297233600,123.585,602741
2008-07-15,121.82,123.49,120.02,120.99,448507400,121.831,861493
2008-07-16,121.45,124.57,121.1,123.96,315325600,122.772,641155
2008-07-17,125.15,126.26,124.09,125.2,317994200,125.29,640244
2008-07-18,126.16,126.42,125.15,125.98,209045900,125.689,413074
2008-07-21,126.51,126.8,125.19,126.05,185536900,126.129,368870
2008-07-22,125.14,127.8,124.85,127.48,273527200,126.11,496522
2008-07-23,127.9,129.15,127.55,128.17,280195600,128.253,549375
2008-07-24,128.34,128.41,125.16,125.51,232062500,126.642,480912
2008-07-25,125.88,126.49,125.17,125.48,191875300,125.764,407526
2008-07-28,125.49,126.06,123.42,123.64,181314700,124.702,369689
2008-07-29,123.99,126.38,123.64,126.28,240974900,125.183,467062
2008-07-30,127.01,128.6,126.28,128.53,322770900,127.441,590423
2008-07-31,127.39,128.57,126.63,126.83,246057600,127.771,510472
2008-08-01,127.12,127.28,125.46,126.16,219384600,126.131,452235
2008-08-04,126.04,126.14,124.76,124.99,178215200,125.395,356154
2008-08-05,126.01,128.56,124.97,128.36,227612400,127.277,464531
2008-08-06,128.01,129.3,127.48,128.93,193122000,128.461,404259
2008-08-07,127.96,129.05,126.54,127.01,218330000,127.717,426866
2008-08-08,126.59,129.93,126.38,129.37,238398700,128.605,481479
2008-08-11,129.45,131.51,129.23,130.71,228103800,130.447,458104
2008-08-12,130.28,130.7,128.73,129.35,200063500,129.761,413063
2008-08-13,128.79,129.65,127.67,128.57,243686000,128.531,510596
2008-08-14,127.84,130.28,127.75,129.54,206303000,129.291,461380
2008-08-15,129.91,130.5,129.3,130.17,166714100,129.96,351211
2008-08-18,130.44,130.48,127.66,128.39,159835100,128.836,365718
2008-08-19,127.43,128.12,126.53,126.99,165557800,127.014,390855
2008-08-20,127.39,127.95,126.34,127.58,208323100,127.137,428311
2008-08-21,126.74,128.44,126.6,127.8,167148800,127.542,363914
2008-08-22,128.69,129.65,127.8,129.65,143320300,129.17,312201
2008-08-25,128.78,129.65,126.75,127.02,156515300,127.616,331328
2008-08-26,127.01,127.87,126.58,127.39,150808600,127.195,331120
2008-08-27,127.55,128.83,127.3,128.63,154362800,128.192,350316
2008-08-28,129.2,130.41,128.63,130.19,145413300,129.748,322523
2008-08-29,129.68,130.14,128.51,128.79,167724700,129.274,343077
2008-09-02,130.06,130.71,127.52,127.99,226464500,129.029,457985
2008-09-03,127.89,128.5,126.93,127.88,240063400,127.616,478340
2008-09-04,126.97,127.23,123.96,124.03,306515300,125.317,617952
2008-09-05,123.3,124.95,122.0,124.42,251092500,123.535,568554
2008-09-08,128.05,128.24,124.42,126.99,329262900,126.546,657985
2008-09-09,127.1,127.36,122.8,123.22,342126200,125.161,643268
2008-09-10,123.89,124.9,122.55,123.72,262108600,123.746,557087
2008-09-11,122.12,125.74,121.6,125.51,333797800,123.471,688187
2008-09-12,124.29,126.21,123.83,126.09,264632300,125.078,545369
2008-09-15,121.84,125.65,119.83,120.09,389814500,122.273,853178
2008-09-16,117.2,122.4,117.0,122.1,466980200,119.715,1062415
2008-09-17,119.59,120.38,116.0,116.61,514055700,118.191,1178345
2008-09-18,118.06,121.79,113.8,120.07,665274900,117.638,1442560
2008-09-19,126.92,128.0,116.52,124.12,348627600,124.849,785452
2008-09-22,124.45,124.75,120.36,121.31,214741300,122.417,466241
2008-09-23,120.86,122.02,118.28,118.55,288655900,120.121,674727
2008-09-24,119.19,120.0,117.79,118.93,252702400,118.73,546845
2008-09-25,119.56,121.91,118.44,120.79,255792300,120.819,614559
2008-09-26,118.82,121.5,118.51,120.85,245757600,119.805,562484
2008-09-29,119.18,121.18,110.97,111.38,399725600,115.224,889984
2008-09-30,113.51,116.8,112.71,115.99,261026300,114.865,648609
2008-10-01,115.19,116.69,113.95,116.06,294989800,115.463,670640
2008-10-02,114.95,116.03,111.06,111.85,321948300,112.769,733030
2008-10-03,112.84,115.45,109.68,110.34,398127100,112.796,959733
2008-10-06,107.12,107.62,100.64,104.72,526529700,104.176,1350892
2008-10-07,106.82,107.33,99.65,100.03,471570600,103.477,1214658
2008-10-08,97.59,102.18,96.81,97.51,602343100,99.759,1542435
2008-10-09,99.66,100.62,90.25,90.7,479445800,96.236,1105004
2008-10-10,86.8,93.94,83.58,88.5,771963400,87.972,1637874
2008-10-13,93.87,101.35,89.95,101.35,405360200,96.213,897657
2008-10-14,104.71,105.53,97.11,99.85,473400900,100.566,1087986
2008-10-15,97.47,97.8,89.68,90.02,439449300,94.483,1054135
2008-10-16,91.29,94.77,86.54,93.77,626911100,90.486,1655835
2008-10-17,92.0,98.59,91.65,93.21,419672400,95.196,1022349
2008-10-20,95.35,99.11,94.0,98.81,290359900,96.377,737960
2008-10-21,96.96,98.64,93.51,95.86,320100500,96.898,885166
2008-10-22,93.2,95.56,87.53,90.64,427775400,91.119,1062088
2008-10-23,90.28,92.45,85.81,91.69,566424700,89.19,1403925
2008-10-24,84.0,89.92,83.81,87.04,506632700,87.411,1396919
2008-10-27,85.96,89.51,83.69,83.95,355875600,87.214,1045700
2008-10-28,87.34,94.24,84.53,93.76,503326800,88.505,1451623
2008-10-29,93.77,97.17,92.1,93.08,487478200,94.439,1406509
2008-10-30,95.77,96.55,92.9,96.3,372219800,94.762,1167588
2008-10-31,95.05,98.57,94.48,96.83,361210700,96.561,1076743
2008-11-03,96.75,97.69,95.95,97.11,176865200,96.826,575399
2008-11-04,99.02,100.86,96.71,100.41,309324000,99.771,884827
2008-11-05,99.1,100.71,95.0,96.19,351069400,97.88,1029568
2008-11-06,94.44,96.19,90.06,90.86,436787100,92.058,1237736
2008-11-07,91.6,94.03,90.86,93.86,330353600,92.275,998472
2008-11-10,95.21,95.53,90.92,92.63,262806600,92.788,779246
2008-11-11,90.76,92.04,88.65,89.77,383900700,90.047,1150263
2008-11-12,88.23,90.15,85.12,85.82,385916700,87.045,1106894
2008-11-13,86.14,91.73,82.09,91.17,681876700,86.446,1962398
2008-11-14,89.4,92.06,86.48,86.62,492042000,89.344,1435022
2008-11-17,86.38,88.56,85.16,85.47,376618400,86.708,1140672
2008-11-18,85.14,87.25,82.91,87.08,479159700,85.058,1446025
2008-11-19,85.92,86.87,80.92,81.5,499364000,83.613,1510923
2008-11-20,80.13,82.51,75.04,75.45,742211300,79.085,2266262
2008-11-21,77.46,80.9,74.34,79.52,643736500,76.894,1988247
2008-11-24,81.89,86.99,81.17,85.03,464448000,84.176,1306951
2008-11-25,87.3,87.51,83.82,85.66,400863200,85.778,1218988
2008-11-26,84.3,89.2,84.24,88.97,321391900,87.16,973412
2008-11-28,88.62,90.21,88.48,90.09,103174900,89.209,289747
2008-12-01,87.51,90.03,81.82,82.11,329933900,84.781,1003456
2008-12-02,83.45,85.5,82.23,85.27,423871600,83.965,1257351
2008-12-03,83.39,87.83,83.14,87.32,455766600,85.594,1310615
2008-12-04,86.06,88.05,83.74,85.3,385677600,86.303,1116299
2008-12-05,83.63,88.42,82.24,87.93,413517200,85.158,1218227
2008-12-08,90.34,92.38,89.8,91.0,377118400,91.048,1154836
2008-12-09,90.37,92.13,88.98,89.5,330159900,90.338,1004924
2008-12-10,90.3,91.36,89.0,90.11,323819600,90.143,916227
2008-12-11,89.56,91.0,87.37,87.94,323155700,89.284,842205
2008-12-12,85.51,89.2,85.2,88.99,354561000,87.339,1041011
2008-12-15,89.03,89.15,86.29,87.75,233698000,87.454,670809
2008-12-16,88.34,92.03,88.18,91.88,325222000,89.998,898622
2008-12-17,90.84,92.43,90.06,90.99,237668700,91.194,695119
2008-12-18,91.4,91.67,88.21,89.29,306223400,90.227,810564
2008-12-19,89.11,90.62,87.8,88.19,261354500,89.045,723026
2008-12-22,88.5,88.67,85.49,87.06,217546000,86.897,598721
2008-12-23,87.53,87.93,85.75,86.16,190437400,86.802,561978
2008-12-24,86.15,86.87,85.84,86.66,54952900,86.514,163064
2008-12-26,87.22,87.3,86.5,87.16,71543400,86.916,193470
2008-12-29,87.24,87.38,85.6,86.91,113088500,86.349,338311
2008-12-30,87.48,89.12,87.09,88.97,149497700,88.068,429818
2008-12-31,89.08,90.97,88.87,90.24,173031000,90.074,489755
2009-01-02,90.46,93.44,89.85,92.96,205042300,92.009,576989
2009-01-05,92.62,94.55,91.89,92.85,215011300,92.769,639155
2009-01-06,93.63,94.45,92.68,93.47,297184800,93.448,864173
2009-01-07,92.0,93.49,90.2,90.67,244515400,91.226,682548
2009-01-08,90.16,91.09,89.67,91.04,232374600,90.347,649555
2009-01-09,91.17,91.32,88.67,89.09,285879500,89.611,762402
2009-01-12,88.82,88.91,86.41,86.95,251231400,87.395,617851
2009-01-13,86.73,87.88,86.2,87.11,319943000,87.104,908810
2009-01-14,85.55,85.75,83.16,84.37,364403300,84.437,1014645
2009-01-15,84.11,85.25,81.72,84.4,460162500,83.451,1185041
2009-01-16,85.87,85.96,83.05,85.06,369600700,84.703,1024623
2009-01-20,84.24,85.06,80.05,80.57,359835400,82.183,997588
2009-01-21,81.94,84.24,80.47,84.05,330598300,82.165,913822
2009-01-22,82.41,84.04,81.17,82.75,382867700,82.504,1126146
2009-01-23,80.9,83.99,80.57,83.11,351951400,82.545,1020372
2009-01-26,83.6,85.36,82.81,83.68,296186300,84.155,887941
2009-01-27,84.13,85.15,83.3,84.59,247328700,84.458,719251
2009-01-28,86.4,87.95,86.07,87.38,294812400,86.964,805489
2009-01-29,86.12,86.36,84.46,84.57,258811800,85.404,706337
2009-01-30,84.98,85.4,82.21,82.69,322350200,83.404,953211
2009-02-02,81.56,83.18,81.31,82.52,258372900,82.264,725604
2009-02-03,83.11,84.36,82.22,83.72,257113300,83.245,753577
2009-02-04,84.3,85.37,83.04,83.33,291206100,84.135,868541
2009-02-05,82.7,85.29,82.12,84.57,364515800,84.21,982012
2009-02-06,84.86,87.34,84.68,86.98,328167100,86.559,871747
2009-02-09,86.96,87.74,86.32,87.13,219441400,87.029,602005
2009-02-10,86.27,87.03,82.45,82.92,444252200,84.251,1254495
2009-02-11,83.44,84.05,82.4,83.63,295003000,83.399,855129
2009-02-12,82.17,84.1,81.05,83.61,419365200,82.245,1201155
2009-02-13,83.55,84.24,82.35,82.74,268114000,83.437,795253
2009-02-17,80.16,82.96,79.04,79.19,423633700,79.742,1098558
2009-02-18,79.8,79.94,78.17,78.97,336411100,79.12,938994
2009-02-19,79.84,80.15,77.96,78.28,285250500,79.048,818416
2009-02-20,76.72,78.34,75.77,77.38,440200700,77.11,1201210
2009-02-23,78.25,78.27,74.47,74.65,353791800,75.951,1020697
2009-02-24,75.29,77.95,74.7,77.47,392661500,76.386,1083985
2009-02-25,77.14,78.42,75.63,76.83,416277700,76.766,1205491
2009-02-26,77.83,79.67,75.53,75.54,319817200,76.997,897986
2009-02-27,74.01,75.58,73.74,73.93,401908400,74.637,1090759
2009-03-02,72.51,72.92,70.37,70.58,368370000,71.47,1058034
2009-03-03,71.6,71.7,69.43,70.07,413141900,70.555,1177239
2009-03-04,71.24,72.87,70.07,71.67,403075300,71.565,1152477
2009-03-05,70.1,70.87,68.17,68.79,405592600,69.359,1205059
2009-03-06,69.39,70.45,67.1,68.84,421686400,68.433,1146956
2009-03-09,67.95,70.0,67.73,68.11,310493700,68.733,941737
2009-03-10,69.53,72.67,69.37,72.16,367705700,71.402,1063944
2009-03-11,73.02,73.75,71.83,72.61,324439500,72.835,981355
2009-03-12,72.62,75.75,71.97,75.53,335534700,74.131,989844
2009-03-13,76.0,76.39,74.73,76.15,301374900,75.7,881787
2009-03-16,76.95,77.97,75.81,75.96,293233900,77.037,847115
2009-03-17,76.06,78.53,75.45,78.24,323398100,76.978,821607
2009-03-18,77.8,80.9,77.07,79.89,416564300,78.898,1129929
2009-03-19,80.93,81.0,78.69,78.84,343606100,79.505,945131
2009-03-20,78.76,78.86,76.53,76.65,318028300,77.582,920675
2009-03-23,78.73,82.27,78.4,82.22,348149500,80.227,1071745
2009-03-24,81.25,82.36,80.51,80.6,298312300,81.476,965291
2009-03-25,81.22,82.7,79.06,81.32,398763800,81.094,1203411
2009-03-26,82.25,83.3,81.48,83.11,362693500,82.492,1062684
2009-03-27,82.04,82.53,81.31,81.61,289563500,81.916,892980
2009-03-30,79.79,79.88,77.96,78.76,297063400,78.761,900885
2009-03-31,79.56,81.08,79.05,79.44,328316900,79.986,949296
2009-04-01,78.53,81.42,78.33,81.0,320630000,80.283,956288
2009-04-02,83.08,84.61,82.73,83.39,379775300,83.716,1120294
2009-04-03,83.49,84.62,82.67,84.27,256030400,83.516,820558
2009-04-06,83.33,84.27,82.29,83.48,232176600,83.007,701345
2009-04-07,82.25,82.65,81.51,81.61,236568900,82.023,599577
2009-04-08,82.06,82.94,81.54,82.49,202931900,82.214,586294
2009-04-09,84.67,85.82,84.33,85.82,232619900,85.013,627556
2009-04-13,84.91,86.54,84.58,85.83,186496600,85.491,527212
2009-04-14,85.02,85.76,84.08,84.38,238095700,84.734,614651
2009-04-15,83.83,85.42,83.61,85.31,215731800,84.379,593215
2009-04-16,85.92,87.15,84.77,86.62,246023600,85.961,652462
2009-04-17,86.83,87.65,86.14,87.14,212687500,86.955,572136
2009-04-20,85.55,85.66,83.34,83.41,222914100,84.157,557715
2009-04-21,82.83,85.31,82.75,85.08,261420300,84.135,665311
2009-04-22,84.3,86.34,84.07,84.57,297264200,85.433,760388
2009-04-23,84.72,85.42,83.63,85.37,259120100,84.509,637384
2009-04-24,86.02,87.31,85.69,86.68,247949700,86.535,657862
2009-04-27,85.69,87.01,85.54,85.84,253608900,86.129,665047
2009-04-28,84.97,86.59,84.76,85.56,225359600,85.839,556694
2009-04-29,86.53,88.36,86.3,87.36,255615200,87.409,629846
2009-04-30,88.55,89.02,86.92,87.55,263773700,87.991,668526
2009-05-01,87.44,88.21,86.72,87.84,191659800,87.469,499544
2009-05-04,88.55,90.93,88.38,90.92,245141200,89.809,617055
2009-05-05,90.56,90.93,89.84,90.56,215523200,90.345,529833
2009-05-06,91.69,92.2,90.61,92.11,255904900,91.425,620212
2009-05-07,93.01,93.15,90.28,90.9,273491100,91.364,686386
2009-05-08,92.02,93.22,91.44,92.99,255022800,92.421,678393
2009-05-11,91.69,92.11,91.04,91.14,213505900,91.586,513475
2009-05-12,91.63,91.83,89.85,91.01,259160200,90.756,634618
2009-05-13,89.72,90.01,88.5,88.8,237777800,89.124,648138
2009-05-14,88.77,90.12,88.5,89.45,212884700,89.418,549421
2009-05-15,89.37,90.0,88.15,88.73,208003800,88.976,529571
2009-05-18,89.56,91.34,89.37,91.24,185975200,90.294,461895
2009-05-19,91.18,91.97,90.81,91.12,182972400,91.471,444140
2009-05-20,91.95,92.8,90.41,90.51,251894600,91.703,606165
2009-05-21,89.44,89.8,88.26,89.24,228469800,89.033,562844
2009-05-22,89.45,90.0,88.68,89.04,147955200,89.46,383335
2009-05-26,88.36,91.56,88.32,91.3,216583900,90.653,532908
2009-05-27,91.43,91.75,89.53,89.71,215516900,90.807,497024
2009-05-28,90.45,91.34,89.1,90.93,254813800,90.361,594633
2009-05-29,91.43,92.69,90.68,92.41,202680800,91.294,425484
2009-06-01,93.65,95.17,93.43,94.78,231109100,94.54,540208
2009-06-02,94.4,95.37,87.53,94.88,205833700,94.869,507046
2009-06-03,94.05,94.13,92.76,93.64,203955500,93.323,511114
2009-06-04,93.98,94.67,93.3,94.6,185672800,94.151,481825
2009-06-05,95.5,95.67,93.8,94.53,234479600,94.64,588027
2009-06-08,93.85,95.1,93.04,94.3,196845600,93.859,494707
2009-06-09,94.69,95.14,94.02,94.62,190574400,94.59,477613
2009-06-10,95.48,95.49,93.19,94.34,248703400,94.158,588790
2009-06-11,94.59,96.11,94.56,94.85,224489900,95.387,562318
2009-06-12,94.4,95.13,94.0,95.09,157306800,94.607,386760
2009-06-15,93.96,94.02,92.42,92.88,185303700,92.941,505887
2009-06-16,93.22,93.29,91.58,91.64,200230600,92.364,530483
2009-06-17,91.59,92.33,90.83,91.52,196558700,91.595,553400
2009-06-18,91.68,92.67,91.25,92.08,169193200,92.221,500404
2009-06-19,92.57,92.7,91.52,92.04,163593000,92.185,429651
2009-06-22,91.12,91.19,89.26,89.27,193953500,90.008,498879
2009-06-23,89.5,89.88,88.85,89.36,170707100,89.411,440072
2009-06-24,90.15,91.08,89.6,90.15,185173100,90.354,492327
2009-06-25,89.67,92.17,89.57,92.0,224220700,91.275,573968
2009-06-26,91.76,92.24,91.27,91.89,138146300,91.702,394935
2009-06-29,92.11,92.82,91.6,92.68,131361300,92.444,359146
2009-06-30,92.72,93.06,91.27,91.92,204387900,91.916,492932
2009-07-01,92.34,93.23,92.21,92.34,142028700,92.736,411299
2009-07-02,91.13,91.16,89.76,89.85,145917700,90.288,417429
2009-07-06,88.94,89.93,88.66,89.8,150244200,89.262,412290
2009-07-07,89.72,89.82,88.0,88.11,177256000,88.829,468573
2009-07-08,88.6,88.8,87.0,88.0,211467600,87.818,571685
2009-07-09,88.61,88.9,87.91,88.2,138315400,88.408,417473
2009-07-10,87.7,88.49,87.35,87.95,146593000,87.913,421303
2009-07-13,88.3,90.17,87.59,90.13,183221600,89.215,490623
2009-07-14,90.38,90.79,89.73,90.63,157482200,90.362,442934
2009-07-15,91.81,93.51,91.68,93.25,177476100,92.755,393959
2009-07-16,93.0,94.51,92.82,94.15,174451800,93.586,417008
2009-07-17,94.06,94.32,93.54,94.17,115785000,93.933,311840
2009-07-20,94.68,95.29,94.19,95.07,135015200,94.764,367217
2009-07-21,95.87,95.9,94.42,95.57,189249500,95.129,404950
2009-07-22,94.96,96.13,94.89,95.55,169241000,95.585,368179
2009-07-23,95.61,98.08,95.53,97.7,213250900,97.333,448753
2009-07-24,97.19,98.14,96.69,98.06,133140000,97.432,336938
2009-07-27,97.68,98.38,97.53,98.35,74013900,97.945,187877
2009-07-28,97.66,98.37,97.06,98.11,168405900,97.741,396491
2009-07-29,97.45,97.93,96.98,97.68,160872300,97.415,377239
2009-07-30,98.83,99.83,98.6,98.7,182652700,99.282,439762
2009-07-31,98.65,99.47,98.38,98.81,167560200,98.98,408481
2009-08-03,99.85,100.53,99.31,100.45,147684800,100.026,358010
2009-08-04,99.99,100.93,99.78,100.68,152975000,100.347,369463
2009-08-05,100.78,100.86,99.58,100.37,161364600,100.181,360348
2009-08-06,100.87,101.02,99.42,99.89,164468900,100.005,338303
2009-08-07,100.92,102.03,100.39,101.2,175780800,101.301,363380
2009-08-10,100.77,101.22,100.27,100.98,111413700,100.78,263217
2009-08-11,100.54,100.61,99.46,99.66,140193400,99.876,341211
2009-08-12,99.54,101.56,99.53,100.77,187618000,100.897,425420
2009-08-13,101.26,101.61,100.26,101.57,148869400,101.095,353684
2009-08-14,101.52,101.6,99.7,100.73,162804500,100.251,357230
2009-08-17,98.86,98.95,98.11,98.27,187078700,98.462,421821
2009-08-18,98.55,99.44,98.35,99.16,156010100,99.008,383081
2009-08-19,98.31,100.3,98.25,100.01,165459600,99.533,377097
2009-08-20,100.09,101.22,99.87,101.01,145032900,100.736,310108
2009-08-21,101.82,103.13,101.62,102.97,181587700,102.599,397905
2009-08-24,103.4,103.95,102.59,102.96,158188900,103.257,401940
2009-08-25,103.37,104.26,102.94,103.14,185044100,103.453,404698
2009-08-26,102.84,103.64,102.49,103.17,161892800,103.067,349196
2009-08-27,103.12,103.72,101.94,103.43,166640900,102.805,340019
2009-08-28,104.23,104.35,102.67,103.33,126768800,103.385,295746
2009-08-31,102.37,102.58,101.79,102.55,142872600,102.181,306563
2009-09-01,101.96,103.24,99.99,100.2,290196100,101.218,562069
2009-09-02,99.78,100.44,99.57,99.8,144612500,100.096,339807
2009-09-03,100.41,100.77,99.59,100.65,114618800,100.22,288696
2009-09-04,100.85,102.09,100.55,102.08,111351200,101.484,272880
2009-09-08,103.0,103.05,102.39,102.89,119204700,102.804,272035
2009-09-09,103.11,104.08,102.8,103.76,137948300,103.538,332968
2009-09-10,103.81,104.86,103.22,104.82,138848400,104.17,305611
2009-09-11,104.99,105.3,104.28,104.79,130180400,104.851,288988
2009-09-14,103.88,105.46,103.15,105.34,121896500,104.761,279082
2009-09-15,105.45,106.11,104.76,105.74,169733600,105.486,349414
2009-09-16,106.1,107.34,105.73,107.33,175039000,106.705,355115
2009-09-17,107.17,108.06,106.57,107.16,177052400,107.271,449685
2009-09-18,107.15,107.16,106.36,106.72,129265400,106.796,304550
2009-09-21,105.89,107.0,105.66,106.44,114408100,106.237,280081
2009-09-22,107.08,107.37,106.6,107.08,124969700,107.047,279318
2009-09-23,107.33,108.03,105.99,106.14,198787800,107.135,422952
2009-09-24,106.42,106.64,104.55,104.95,188738300,105.234,471677
2009-09-25,104.78,105.36,104.09,104.45,166564700,104.68,369883
2009-09-28,104.85,106.55,104.83,106.32,104198500,106.029,247626
2009-09-29,106.5,107.02,105.78,106.03,124983000,106.308,303805
2009-09-30,106.36,106.46,104.62,105.56,203118600,105.518,482955
2009-10-01,105.34,105.38,102.95,103.05,216196800,103.995,470110
2009-10-02,102.02,103.1,101.99,102.54,180073900,102.603,437177
2009-10-05,102.9,104.32,102.6,104.01,132810300,103.557,335137
2009-10-06,104.76,106.11,104.71,105.55,190567400,105.418,444782
2009-10-07,105.27,105.91,105.07,105.77,140010400,105.505,328901
2009-10-08,106.55,107.17,106.15,106.64,155590100,106.713,359741
2009-10-09,106.64,107.26,106.36,107.25,112327900,106.883,253925
2009-10-12,107.76,108.09,107.28,107.76,103824300,107.75,234416
2009-10-13,107.39,107.65,106.76,107.5,139457600,107.291,322604
2009-10-14,108.72,109.42,108.26,109.31,157659400,108.839,323011
2009-10-15,108.79,109.7,108.73,109.65,132503500,109.176,302230
2009-10-16,108.8,109.27,108.23,108.86,157184400,108.74,384267
2009-10-19,109.06,110.13,108.73,109.86,125101400,109.656,299961
2009-10-20,109.95,109.99,108.68,109.2,165788200,109.253,366766
2009-10-21,109.04,110.31,108.15,108.15,197200300,109.417,420847
2009-10-22,108.19,109.68,107.5,109.34,194618800,108.563,428665
2009-10-23,109.68,109.76,107.63,108.08,204288900,108.481,492741
2009-10-26,108.19,109.31,106.61,106.83,216007700,107.704,548900
2009-10-27,107.03,107.39,106.16,106.4,223107000,106.74,532301
2009-10-28,106.14,106.48,104.35,104.38,219243800,105.297,576399
2009-10-29,105.18,106.86,104.94,106.65,164596000,106.012,425189
2009-10-30,106.3,106.62,103.44,103.56,289860900,104.734,739091
2009-11-02,104.13,105.41,103.08,104.36,235049500,104.267,637950
2009-11-03,103.74,104.82,103.54,104.65,200339700,104.218,549050
2009-11-04,105.5,106.33,104.65,104.91,215715700,105.671,579506
2009-11-05,105.65,106.88,105.44,106.86,150987100,106.348,426486
2009-11-06,106.26,107.4,106.05,107.16,143110600,106.863,406278
2009-11-09,107.95,109.63,107.87,109.63,132223400,108.848,350857
2009-11-10,109.32,110.14,108.97,109.57,147832400,109.455,390986
2009-11-11,110.31,110.82,109.62,110.15,155275600,110.113,420691
2009-11-12,110.0,110.57,108.75,108.99,138682400,109.572,391798
2009-11-13,109.32,110.09,108.75,109.61,128649400,109.478,366092
2009-11-16,110.38,111.69,110.32,111.22,168718300,111.195,372712
2009-11-17,110.92,111.55,110.5,111.32,129711300,110.999,318981
2009-11-18,111.26,111.43,110.57,111.27,123542600,111.01,299275
2009-11-19,110.51,111.31,109.13,109.77,168517700,109.631,442463
2009-11-20,109.25,109.76,109.01,109.43,112123400,109.371,318415
2009-11-23,110.71,111.74,110.6,110.92,124941500,111.112,341128
2009-11-24,111.01,111.2,110.01,110.99,123945900,110.681,357875
2009-11-25,111.17,111.5,110.82,111.37,83903500,111.236,216529
2009-11-27,108.4,110.32,108.29,109.5,103490100,109.504,290114
2009-11-30,109.49,110.15,109.02,109.88,133906000,109.581,378794
2009-12-01,110.93,111.66,110.73,111.25,143281400,111.237,385768
2009-12-02,111.29,112.01,110.92,111.32,110418100,111.391,304108
2009-12-03,111.54,112.18,110.29,110.38,143413200,111.294,392926
2009-12-04,111.84,112.38,110.04,111.01,225640800,111.128,621143
2009-12-07,110.95,111.53,110.49,110.8,111273200,111.085,312232
2009-12-08,110.07,110.77,109.27,109.61,143650700,109.763,390427
2009-12-09,109.58,110.18,109.02,109.97,125649600,109.594,370733
2009-12-10,110.7,111.12,110.45,110.65,105177400,110.779,301078
2009-12-11,111.11,111.36,110.61,111.18,100870100,111.048,294383
2009-12-14,111.87,112.0,111.37,111.9,84615200,111.737,254910
2009-12-15,111.46,111.92,111.0,111.3,106323500,111.485,265024
2009-12-16,111.8,112.13,111.27,111.49,107537400,111.784,298648
2009-12-17,110.71,110.93,110.08,110.13,142659700,110.461,334440
2009-12-18,110.2,110.3,109.28,110.19,133876900,109.851,364243
2009-12-21,110.76,111.7,110.76,111.33,93357400,111.355,259840
2009-12-22,111.56,111.97,111.43,111.74,82735700,111.71,228679
2009-12-23,112.0,112.11,111.5,111.97,80159100,111.899,198907
2009-12-24,112.19,112.6,111.99,112.6,25581700,112.408,78749
2009-12-28,112.9,112.99,112.32,112.67,51364100,112.63,136572
2009-12-29,113.01,113.03,112.33,112.62,66111900,112.773,188766
2009-12-30,112.23,112.65,112.17,112.45,58643400,112.426,173957
2009-12-31,112.77,112.8,111.43,111.44,64296200,112.179,178473
2010-01-04,112.37,113.39,112.33,113.33,93429700,113.07,247680
2010-01-05,113.26,113.72,112.85,113.65,102606400,113.367,253436
2010-01-06,113.51,113.99,113.43,113.73,94360100,113.707,254745
2010-01-07,113.51,114.33,113.18,114.21,105439300,113.853,295859
2010-01-08,113.88,114.62,113.66,114.62,94393400,114.124,258221
2010-01-11,115.07,115.13,114.24,114.74,88388000,114.595,260406
2010-01-12,113.96,114.76,113.22,113.67,147522800,113.73,392603
2010-01-13,113.95,114.94,113.37,114.64,141503100,114.171,393367
2010-01-14,114.49,115.14,114.42,114.94,98393600,114.796,286411
2010-01-15,114.73,114.84,113.2,113.67,167948100,113.758,475697
2010-01-19,113.59,115.14,113.58,115.12,125089600,114.611,335606
2010-01-20,114.28,114.45,112.98,113.86,177551800,113.579,510476
2010-01-21,113.92,114.27,111.56,111.65,288283500,112.398,765927
2010-01-22,111.21,111.62,109.09,109.21,282080100,110.57,755747
2010-01-25,110.2,110.41,109.41,109.78,155246100,109.999,463184
2010-01-26,109.34,110.47,109.02,109.29,192826900,109.785,540630
2010-01-27,109.17,110.08,108.33,109.81,230534600,109.176,607224
2010-01-28,110.19,110.25,107.91,108.54,264612400,108.861,621957
2010-01-29,109.05,109.8,107.22,107.37,263685100,108.486,654035
2010-02-01,108.15,109.07,108.08,109.06,156953200,108.598,439376
2010-02-02,109.25,110.59,108.88,110.41,193576400,109.92,502340
2010-02-03,109.87,110.42,109.51,109.82,142060400,109.946,386624
2010-02-04,108.97,109.03,106.42,106.49,288175300,107.422,695456
2010-02-05,106.56,106.88,104.58,106.66,385881400,105.894,881843
2010-02-08,106.74,107.33,105.81,105.87,179858300,106.612,455005
2010-02-09,107.13,108.15,105.87,107.2,313995400,107.23,803099
2010-02-10,107.06,107.6,106.11,107.01,203911900,106.912,560295
2010-02-11,106.86,108.25,106.25,108.13,179512600,107.463,496999
2010-02-12,106.99,108.07,106.51,108.04,244226400,107.33,645513
2010-02-16,108.86,109.95,107.82,109.75,145719000,109.184,383373
2010-02-17,110.28,110.41,109.74,110.26,146364300,110.118,429649
2010-02-18,110.08,111.14,110.04,110.91,150471300,110.591,417542
2010-02-19,110.62,111.57,110.36,111.18,169721900,111.079,453901
2010-02-22,111.55,111.58,110.83,111.15,113204100,111.165,329296
2010-02-23,110.86,111.2,109.52,109.81,184908500,110.096,521092
2010-02-24,110.14,111.0,109.86,110.84,155968700,110.565,425577
2010-02-25,109.24,110.75,108.94,110.67,221088600,109.768,584920
2010-02-26,110.77,111.12,110.11,110.76,149025200,110.744,389743
2010-03-01,111.19,112.0,111.17,111.86,130716600,111.699,349447
2010-03-02,112.37,112.74,112.0,112.19,148743900,112.388,381509
2010-03-03,112.49,112.97,112.02,112.3,128777000,112.537,371555
2010-03-04,112.45,112.8,112.03,112.66,115660800,112.438,335127
2010-03-05,113.38,114.34,113.1,114.23,152839700,113.862,394677
2010-03-08,114.26,114.52,114.07,114.29,102257800,114.314,312985
2010-03-09,113.91,114.99,113.87,114.46,143210000,114.479,396809
2010-03-10,114.51,115.28,114.41,114.99,157787300,114.911,447446
2010-03-11,114.7,115.48,114.35,115.45,123538800,114.907,336630
2010-03-12,115.94,115.97,115.14,115.46,136704400,115.449,384814
2010-03-15,115.25,115.57,114.6,115.5,125975700,115.056,352469
2010-03-16,115.81,116.52,115.49,116.41,156808700,116.064,433822
2010-03-17,116.76,117.48,116.71,117.13,146751000,117.053,379143
2010-03-18,117.1,117.27,116.57,117.03,153675900,116.946,412839
2010-03-19,116.94,116.97,115.52,115.93,186681600,116.048,488284
2010-03-22,115.31,116.8,115.24,116.59,163513000,116.31,402177
2010-03-23,116.75,117.51,116.38,117.4,171215200,116.919,379614
2010-03-24,116.96,117.32,115.58,116.85,152567900,116.944,397790
2010-03-25,117.64,118.17,116.51,116.62,196106900,117.474,497276
2010-03-26,116.86,117.42,116.12,116.66,173386600,116.797,474181
2010-03-29,117.16,117.53,116.69,117.32,104622600,117.263,284643
2010-03-30,117.46,117.83,116.91,117.4,134758300,117.377,330102
2010-03-31,116.95,117.52,116.61,116.99,138683200,117.103,369044
2010-04-01,117.8,118.25,117.1,117.82,128441400,117.751,381507
2010-04-05,118.25,118.84,117.92,118.76,89130800,118.59,265270
2010-04-06,118.43,119.25,118.29,119.04,102731900,118.824,303697
2010-04-07,118.79,119.36,117.81,118.36,159145200,118.534,436396
2010-04-08,117.94,118.97,117.6,118.78,129811400,118.327,357450
2010-04-09,119.03,119.6,118.8,119.55,112110500,119.156,322922
2010-04-12,119.69,120.05,119.56,119.74,92462000,119.809,268725
2010-04-13,119.61,120.25,119.0,119.87,118690500,119.567,315624
2010-04-14,120.29,121.19,120.08,121.19,130332400,120.618,325174
2010-04-15,120.99,121.57,120.95,121.32,124182000,121.242,321230
2010-04-16,120.86,121.08,118.75,119.4,328437000,119.783,859801
2010-04-19,119.01,119.93,118.47,119.81,191410000,119.222,532308
2010-04-20,120.56,121.31,119.87,120.88,143514200,120.65,359602
2010-04-21,120.95,121.23,119.99,120.66,173417000,120.674,408426
2010-04-22,119.82,121.17,119.12,121.02,208532000,120.031,523850
2010-04-23,120.94,121.86,120.63,121.79,153291000,121.213,435674
2010-04-26,121.85,122.12,121.23,121.35,126703900,121.727,349781
2010-04-27,120.65,121.33,118.25,118.43,326972100,119.669,803529
2010-04-28,119.05,119.68,118.27,119.35,253446500,119.067,716598
2010-04-29,120.1,121.11,120.07,120.85,168819800,120.68,469126
2010-04-30,120.88,121.01,118.78,118.86,240134800,119.888,615425
2010-05-03,119.39,120.68,119.2,120.36,162691600,120.068,459615
2010-05-04,119.02,120.39,116.92,117.58,323621300,117.799,792986
2010-05-05,116.55,117.8,115.97,116.82,271780800,116.88,706504
2010-05-06,116.26,117.0,105.0,112.74,553908400,113.969,1480725
2010-05-07,112.64,113.77,109.41,111.0,555502700,111.747,1493601
2010-05-10,115.81,116.65,114.91,116.17,327237100,115.782,977523
2010-05-11,115.07,117.36,114.76,115.83,275110400,116.138,852517
2010-05-12,116.29,117.62,116.09,117.47,196453800,116.96,618899
2010-05-13,117.13,117.68,115.89,116.02,203038900,116.886,639303
2010-05-14,115.12,115.33,112.87,113.92,300080300,113.735,898120
2010-05-17,114.19,114.52,111.77,113.91,281327900,113.187,817733
2010-05-18,114.88,115.22,111.31,112.43,324903500,113.419,952462
2010-05-19,111.77,112.77,110.36,111.74,350194900,111.619,1096454
2010-05-20,109.38,109.89,107.48,107.55,446390500,108.854,1399031
2010-05-21,105.91,109.38,105.64,109.03,427230200,108.003,1258381
2010-05-24,108.52,109.39,107.61,107.7,223150000,108.655,656347
2010-05-25,105.11,108.95,104.38,107.8,351301100,106.127,1015759
2010-05-26,108.5,109.47,106.85,107.17,300290300,108.455,940499
2010-05-27,109.19,110.8,108.78,110.79,243555900,109.753,757340
2010-05-28,110.65,110.68,108.85,109.44,251567300,109.86,817224
2010-06-01,108.35,109.95,107.16,107.52,251952700,108.863,783526
2010-06-02,108.08,110.34,107.61,110.28,196639200,108.913,640527
2010-06-03,110.65,111.06,109.58,110.7,200276000,110.444,613955
2010-06-04,108.61,109.33,106.46,106.94,298653700,107.917,908706
2010-06-07,107.21,107.61,105.41,105.49,220249600,106.607,717027
2010-06-08,105.57,106.83,104.65,106.57,328102900,105.675,995467
2010-06-09,107.24,108.28,105.6,105.99,225435400,107.067,714908
2010-06-10,107.86,109.28,107.69,109.19,242404800,108.437,721781
2010-06-11,108.2,109.75,108.12,109.68,174107900,108.924,574852
2010-06-14,110.52,111.12,109.4,109.57,183085500,110.284,573308
2010-06-15,110.28,112.1,110.09,111.95,196006800,111.176,557466
2010-06-16,111.42,112.42,111.2,111.96,174755300,111.839,550684
2010-06-17,112.28,112.33,111.05,112.14,209061300,111.651,615726
2010-06-18,111.83,112.13,111.37,111.66,143397700,111.728,421189
2010-06-21,113.11,113.2,110.79,111.41,183989400,112.117,588362
2010-06-22,111.41,111.9,109.41,109.57,217204900,110.651,623267
2010-06-23,109.64,110.03,108.48,109.26,230601900,109.162,691953
2010-06-24,108.69,108.83,107.14,107.47,231764900,107.902,704061
2010-06-25,107.74,108.42,106.77,107.95,195848800,107.645,621553
2010-06-28,108.04,108.32,107.14,107.49,143202800,107.747,474254
2010-06-29,106.02,107.51,103.55,104.2,331886200,104.613,940742
2010-06-30,103.92,104.88,102.88,103.22,225140500,104.094,640657
2010-07-01,103.15,103.49,101.13,102.81,321785700,102.348,948159
2010-07-02,103.11,103.42,101.62,102.2,165740100,102.491,492902
2010-07-06,103.64,106.2,101.88,102.86,226819600,103.177,680820
2010-07-07,103.13,106.24,103.02,106.15,216396700,104.788,643157
2010-07-08,106.99,107.28,105.91,107.17,183478400,106.617,580415
2010-07-09,107.13,107.97,106.93,107.93,124343600,107.469,407391
2010-07-12,107.61,108.24,107.15,108.03,115501700,107.79,374373
2010-07-13,109.15,110.4,108.01,109.66,189177200,109.551,544797
2010-07-14,109.31,110.08,108.86,109.67,161916200,109.439,489442
2010-07-15,109.62,110.06,108.17,109.68,197273600,109.038,551653
2010-07-16,109.09,109.18,106.45,106.63,227420800,107.406,651465
2010-07-19,107.05,107.63,106.22,107.29,158359200,106.995,457874
2010-07-20,105.87,109.05,105.82,108.48,218422300,107.305,581455
2010-07-21,109.03,109.07,106.63,107.07,223520300,107.742,680610
2010-07-22,108.34,109.94,108.33,109.48,207706600,109.402,589526
2010-07-23,109.25,110.57,108.93,110.41,190200800,109.799,546520
2010-07-26,110.59,111.67,110.29,111.57,141273500,111.173,385488
2010-07-27,112.17,112.29,111.11,111.55,182713900,111.64,513384
2010-07-28,111.33,111.66,110.46,110.8,137653500,111.058,411539
2010-07-29,111.52,111.82,109.41,110.29,189716500,110.529,533063
2010-07-30,109.17,110.86,108.98,110.27,183098200,110.075,503249
2010-08-02,111.98,112.94,111.54,112.76,137824700,112.4,376566
2010-08-03,112.48,112.77,111.85,112.22,134323600,112.289,381406
2010-08-04,112.53,113.11,112.16,112.97,133084900,112.69,378995
2010-08-05,112.24,112.91,112.08,112.85,114082200,112.535,320594
2010-08-06,111.73,112.57,110.92,112.41,196670500,111.751,566295
2010-08-09,112.92,113.18,112.32,113.01,88503000,112.81,274744
2010-08-10,112.03,113.03,111.37,112.39,209372000,112.21,577377
2010-08-11,110.65,110.69,109.12,109.3,221819800,109.674,615015
2010-08-12,107.64,109.02,107.6,108.6,189065300,108.561,532069
2010-08-13,108.29,108.96,108.18,108.28,129682200,108.549,375789
2010-08-16,107.57,108.61,107.18,108.26,126708500,108.119,404538
2010-08-17,109.18,110.39,108.26,109.59,155193600,109.682,417686
2010-08-18,109.54,110.38,108.91,109.78,157206600,109.654,433917
2010-08-19,109.22,109.49,107.43,107.88,200156000,108.144,510540
2010-08-20,107.56,107.94,106.75,107.53,157214500,107.298,413228
2010-08-23,108.04,108.57,107.07,107.13,125584000,107.718,361046
2010-08-24,105.96,107.11,104.97,105.56,241696700,105.814,617108
2010-08-25,104.94,106.34,104.29,105.88,202416300,105.308,529458
2010-08-26,106.44,106.58,104.88,105.23,187451300,105.75,492013
2010-08-27,105.89,106.97,104.31,106.82,225938100,105.954,574754
2010-08-30,106.58,106.91,105.3,105.34,133059300,106.147,361569
2010-08-31,104.92,105.98,104.49,105.47,240592900,105.335,601700
2010-09-01,106.73,108.61,106.66,108.44,209679400,108.002,554109
2010-09-02,108.72,109.49,108.49,109.47,132785800,109.008,371933
2010-09-03,110.54,110.99,109.95,110.92,164395900,110.55,423655
2010-09-07,110.37,110.93,109.55,109.68,124236400,109.966,354526
2010-09-08,109.86,110.85,109.81,110.41,125908500,110.427,372627
2010-09-09,111.65,111.68,110.62,110.94,122474600,111.147,326151
2010-09-10,111.12,111.61,110.87,111.54,100168300,111.333,286841
2010-09-13,112.58,112.95,112.13,112.72,125569800,112.589,338784
2010-09-14,112.5,113.29,112.08,112.65,177073300,112.786,456259
2010-09-15,112.33,113.21,111.98,113.14,138747600,112.707,387199
2010-09-16,112.74,113.12,112.35,113.1,135389300,112.747,406555
2010-09-17,113.03,113.15,112.18,112.51,149920500,112.564,415250
2010-09-20,112.88,114.46,112.62,114.23,165031300,113.733,420518
2010-09-21,114.3,114.84,113.51,114.0,228864500,114.111,588748
2010-09-22,113.8,114.44,113.1,113.43,163673900,113.601,502207
2010-09-23,112.49,113.67,112.18,112.5,172535100,112.929,501112
2010-09-24,113.74,114.9,113.65,114.79,151279000,114.54,438955
2010-09-27,114.87,114.99,114.16,114.32,106574900,114.57,323655
2010-09-28,114.42,115.04,113.18,114.67,185086600,114.236,568850
2010-09-29,114.38,114.91,114.02,114.41,152634300,114.441,469609
2010-09-30,115.05,115.79,113.59,114.12,241314600,114.576,692380
2010-10-01,114.97,115.12,113.93,114.61,152794000,114.545,493340
2010-10-04,114.37,114.85,113.18,113.75,146389700,113.902,452110
2010-10-05,114.8,116.32,113.73,116.05,183376100,115.638,540262
2010-10-06,116.02,116.33,115.56,116.06,121859400,115.969,412072
2010-10-07,116.5,116.53,115.19,115.89,139116700,115.838,453616
2010-10-08,116.05,116.86,115.61,116.56,135616700,116.331,427052
2010-10-11,116.73,116.97,116.25,116.66,85207500,116.682,281713
2010-10-12,116.27,117.35,115.65,116.99,153081500,116.567,472538
2010-10-13,117.66,118.55,117.38,117.88,155104000,118.042,456403
2010-10-14,117.81,118.01,116.72,117.55,173784000,117.378,549699
2010-10-15,118.28,118.35,116.76,117.72,203255000,117.473,600280
2010-10-18,117.73,118.67,117.31,118.28,105024000,118.14,330561
2010-10-19,117.19,118.56,116.02,116.71,240296800,116.918,626684
2010-10-20,116.94,118.44,116.87,117.87,167117400,117.836,482744
2010-10-21,118.4,119.09,117.21,118.12,196240800,118.209,567727
2010-10-22,118.3,118.53,118.0,118.38,92817800,118.256,290037
2010-10-25,119.14,119.76,118.61,118.69,126436900,119.104,394525
2010-10-26,118.09,118.9,117.87,118.73,133068000,118.492,390011
2010-10-27,117.89,118.51,117.26,118.38,156130400,117.828,466217
2010-10-28,119.06,119.11,117.83,118.4,141572900,118.398,426687
2010-10-29,118.28,118.72,118.07,118.53,123926500,118.443,383736
2010-11-01,119.07,119.75,117.85,118.53,143596300,118.88,441280
2010-11-02,119.42,120.11,119.1,119.49,128625300,119.46,363699
2010-11-03,119.68,120.02,118.45,120.01,200048800,119.397,612004
2010-11-04,121.28,122.32,121.13,122.26,183427700,121.762,485663
2010-11-05,122.34,122.92,122.18,122.74,150930500,122.516,441668
2010-11-08,122.34,122.69,121.94,122.54,118984700,122.344,335915
2010-11-09,122.82,122.95,121.12,121.6,174245400,122.059,489024
2010-11-10,121.58,122.16,120.66,122.09,190015800,121.441,530738
2010-11-11,121.05,121.82,120.68,121.66,136456900,121.263,392417
2010-11-12,120.81,121.35,119.65,120.18,216722500,120.336,588982
2010-11-15,120.58,121.05,119.98,120.04,138420200,120.571,399725
2010-11-16,119.29,119.49,117.59,118.12,264687300,118.332,732782
2010-11-17,118.21,118.71,117.86,118.21,140913700,118.349,422989
2010-11-18,119.36,120.39,119.35,120.02,141239100,120.027,404122
2010-11-19,119.9,120.34,119.25,120.26,113994600,119.838,353570
2010-11-22,119.69,120.24,118.77,120.19,152647600,119.595,438685
2010-11-23,118.77,119.01,117.99,118.42,180120800,118.457,517190
2010-11-24,119.2,120.23,119.17,120.19,109602700,119.846,348791
2010-11-26,119.16,119.81,119.03,119.27,51300900,119.426,164484
2010-11-29,118.52,119.48,117.74,119.16,177682200,118.468,501968
2010-11-30,117.97,119.17,117.81,118.48,184208500,118.598,530258
2010-12-01,120.2,121.24,120.19,121.0,161002900,120.8,482863
2010-12-02,121.2,122.65,121.13,122.57,144962900,122.175,426396
2010-12-03,122.14,123.03,122.11,122.86,113453300,122.47,366396
2010-12-06,122.62,123.04,122.5,122.74,88169700,122.745,286612
2010-12-07,123.94,124.01,122.76,122.83,168245500,123.402,521794
2010-12-08,122.99,123.38,122.41,123.29,116402700,122.994,350846
2010-12-09,123.97,124.02,123.15,123.82,96881700,123.593,305164
2010-12-10,124.13,124.6,123.73,124.5,97167700,124.236,286759
2010-12-13,125.05,125.2,124.52,124.56,100411800,124.915,304163
2010-12-14,124.75,125.23,124.29,124.65,116723800,124.844,343859
2010-12-15,124.45,124.93,123.89,124.12,124948200,124.425,364841
2010-12-16,124.18,124.91,123.75,124.82,129257400,124.492,348605
2010-12-17,124.08,124.46,123.82,124.38,99322100,124.155,285047
2010-12-20,124.64,124.9,123.98,124.57,87757500,124.494,260504
2010-12-21,124.99,125.47,124.87,125.39,71649900,125.206,208314
2010-12-22,125.48,125.82,125.41,125.79,62388000,125.632,178235
2010-12-23,125.64,125.78,125.29,125.61,57829200,125.571,167648
2010-12-27,125.13,125.77,125.04,125.65,48008700,125.451,128758
2010-12-28,125.89,125.95,125.5,125.8,47261100,125.719,142492
2010-12-29,125.98,126.2,125.9,125.92,45302100,126.066,126393
2010-12-30,125.79,126.13,125.53,125.72,58592700,125.77,141012
2010-12-31,125.51,125.87,125.33,125.78,68305100,125.678,169104
2011-01-03,126.71,127.6,126.66,127.01,111493000,127.207,273321
2011-01-04,127.33,127.37,126.19,126.93,117583300,126.745,319225
2011-01-05,126.57,127.72,126.46,127.64,98489300,127.273,269928
2011-01-06,127.69,127.83,127.01,127.39,97122600,127.379,286012
2011-01-07,127.56,127.77,126.15,127.13,129020600,126.99,360511
2011-01-10,126.59,127.16,126.2,127.01,103595600,126.732,318107
2011-01-11,127.44,127.74,126.95,127.43,97523200,127.408,299198
2011-01-12,128.22,128.72,127.99,128.64,82791200,128.428,262826
2011-01-13,128.63,128.69,128.05,128.45,100789700,128.386,292914
2011-01-14,128.2,129.33,128.1,129.28,96668600,128.829,293848
2011-01-18,129.18,129.64,129.03,129.53,87149800,129.362,256963
2011-01-19,129.41,129.5,127.91,128.27,127688500,128.543,366908
2011-01-20,127.96,128.4,127.13,128.14,149486100,127.79,424243
2011-01-21,128.88,129.17,128.23,128.36,119506600,128.614,322231
2011-01-24,128.28,129.25,128.26,129.16,90231500,128.851,283206
2011-01-25,128.75,129.28,128.11,129.16,143346800,128.67,412551
2011-01-26,129.49,130.05,129.23,129.69,114990000,129.721,367753
2011-01-27,129.7,130.21,129.47,130.03,99534300,129.871,315120
2011-01-28,130.14,130.35,127.51,127.72,233432200,128.437,673432
2011-01-31,128.07,128.78,127.75,128.67,124104900,128.336,375374
2011-02-01,129.46,130.97,129.38,130.71,133770000,130.393,390075
2011-02-02,130.4,130.84,130.33,130.48,97049200,130.564,290468
2011-02-03,130.26,130.98,129.57,130.76,121200000,130.363,345047
2011-02-04,130.83,131.2,130.23,131.17,102467900,130.791,303399
2011-02-07,131.44,132.4,131.43,132.0,89708300,132.024,260088
2011-02-08,132.1,132.64,131.73,132.59,85148000,132.249,249124
2011-02-09,132.21,132.63,131.61,132.32,120767600,132.106,338293
2011-02-10,131.6,132.47,131.3,132.33,139526300,131.999,395980
2011-02-11,131.8,133.28,131.77,133.15,112339800,132.704,323157
2011-02-14,133.03,133.54,132.88,133.43,75558600,133.221,225018
2011-02-15,133.02,133.22,132.66,133.04,87592000,132.95,276185
2011-02-16,133.45,134.01,133.19,133.82,112136400,133.69,333095
2011-02-17,133.46,134.43,133.34,134.22,93107700,134.007,278688
2011-02-18,134.37,134.69,134.06,134.57,99190600,134.378,291825
2011-02-22,133.12,133.86,131.47,131.8,190620200,132.535,549507
2011-02-23,131.75,132.07,130.21,131.01,198334300,131.149,577497
2011-02-24,130.88,131.44,129.7,130.92,196768700,130.703,592454
2011-02-25,131.49,132.41,131.4,132.32,117057500,132.069,367226
2011-02-28,132.82,133.32,132.38,133.15,107804100,132.912,324694
2011-03-01,133.57,133.69,130.89,130.89,181027600,132.014,549642
2011-03-02,130.75,131.82,130.35,131.16,165800500,131.219,445499
2011-03-03,132.39,133.62,132.39,133.47,133463200,133.104,404013
2011-03-04,133.37,133.63,131.6,132.47,204546700,132.345,575553
2011-03-07,132.86,133.16,130.74,131.37,177737200,131.738,494577
2011-03-08,131.64,133.0,131.07,132.56,131138700,132.306,395118
2011-03-09,132.31,132.8,131.6,132.39,136275700,132.255,438705
2011-03-10,130.99,131.18,129.81,129.93,232257900,130.329,651385
2011-03-11,129.52,131.31,129.49,130.84,162971900,130.402,449365
2011-03-14,129.99,130.48,129.06,130.05,179267600,129.766,478498
2011-03-15,126.58,129.33,126.5,128.56,254400000,127.916,758847
2011-03-16,128.15,128.57,125.28,126.21,377139800,127.013,1003922
2011-03-17,128.0,128.39,127.1,127.85,176739200,127.807,536555
2011-03-18,128.84,128.88,127.51,127.76,160491000,128.163,469887
2011-03-21,129.36,130.01,129.2,129.74,119502700,129.705,360769
2011-03-22,129.72,129.89,129.17,129.3,100983600,129.469,322350
2011-03-23,128.92,130.0,128.32,129.64,127253500,129.141,378914
2011-03-24,130.4,131.09,129.67,130.9,127485000,130.508,393804
2011-03-25,131.24,131.87,130.89,131.29,116145100,131.464,343745
2011-03-28,131.59,131.92,130.94,130.94,86633200,131.488,255266
2011-03-29,130.88,131.9,130.44,131.86,100586100,131.29,305773
2011-03-30,132.53,133.16,132.36,132.7,99740600,132.775,307590
2011-03-31,132.59,132.96,132.45,132.51,103916300,132.736,309165
2011-04-01,133.41,133.77,132.83,133.15,119038600,133.349,362684
2011-04-04,133.43,133.67,132.88,133.24,83154900,133.237,261171
2011-04-05,132.98,133.83,132.94,133.24,105158000,133.426,318858
2011-04-06,133.88,134.0,133.12,133.66,100167200,133.568,306784
2011-04-07,133.42,133.94,132.66,133.32,156289100,133.251,448127
2011-04-08,133.9,133.99,132.31,132.86,122042000,133.09,361993
2011-04-11,133.0,133.45,132.14,132.47,107271700,132.8,317697
2011-04-12,131.72,132.49,130.99,131.45,145511300,131.43,434138
2011-04-13,132.07,132.18,130.96,131.45,129961900,131.584,382807
2011-04-14,130.7,131.76,130.27,131.56,128938400,131.138,381065
2011-04-15,131.8,132.37,131.41,132.12,118379800,131.934,338742
2011-04-18,130.57,131.31,129.51,130.53,161201400,130.166,523973
2011-04-19,130.76,131.35,130.44,131.28,103016400,130.914,320681
2011-04-20,132.88,133.39,132.79,133.16,118639600,133.061,361902
2011-04-21,133.79,133.84,133.35,133.74,90651100,133.646,278590
2011-04-25,133.67,133.86,133.2,133.62,50947700,133.532,173363
2011-04-26,134.05,135.06,133.91,134.79,100698700,134.607,298706
2011-04-27,135.05,135.87,134.5,135.63,114312400,135.073,339663
2011-04-28,135.43,136.29,135.41,136.04,103638900,135.836,288528
2011-04-29,136.16,136.57,135.98,136.54,83618400,136.318,220855
2011-05-02,137.07,137.18,135.95,136.25,111972900,136.571,339611
2011-05-03,135.96,136.19,135.05,135.71,119387000,135.679,374158
2011-05-04,135.68,135.73,134.23,134.86,158142500,134.811,494573
2011-05-05,134.08,134.95,133.02,133.63,181918800,134.011,524262
2011-05-06,134.94,135.63,133.22,134.2,185411400,134.698,555013
2011-05-09,134.19,135.11,133.98,134.72,98382200,134.586,288336
2011-05-10,135.17,136.11,135.0,135.87,93918200,135.609,303346
2011-05-11,135.67,135.69,133.82,134.45,155411100,134.605,513810
2011-05-12,134.08,135.36,133.39,135.1,142602300,134.422,427534
2011-05-13,135.15,135.34,133.56,134.04,132527900,134.315,401155
2011-05-16,133.57,134.61,132.97,133.19,120027200,133.754,370323
2011-05-17,132.68,133.35,132.12,133.17,160855100,132.806,465510
2011-05-18,133.24,134.5,132.95,134.38,106109400,133.907,305452
2011-05-19,134.8,135.03,133.94,134.66,104097700,134.498,327442
2011-05-20,134.33,134.52,133.36,133.67,135133100,133.934,394377
2011-05-23,131.98,132.46,131.59,132.04,142226800,132.034,427674
2011-05-24,132.44,132.73,131.7,131.95,117161400,132.198,384969
2011-05-25,131.42,132.94,131.38,132.37,123755800,132.257,387341
2011-05-26,132.03,133.24,131.78,133.01,137857400,132.533,394738
2011-05-27,133.37,133.87,133.19,133.54,97858000,133.524,319469
2011-05-31,134.77,134.91,133.84,134.89,131094700,134.386,364398
2011-06-01,134.5,134.6,131.76,131.85,183119600,133.047,547439
2011-06-02,131.97,132.24,130.96,131.69,166477700,131.72,477188
2011-06-03,130.15,131.42,130.08,130.4,169919900,130.751,466659
2011-06-06,130.08,130.36,128.87,129.05,150450500,129.605,439687
2011-06-07,129.69,130.07,128.85,128.85,135571000,129.588,393540
2011-06-08,128.77,129.19,128.18,128.4,169630700,128.682,500560
2011-06-09,128.77,129.93,128.46,129.4,121324300,129.385,363328
2011-06-10,128.84,128.93,127.26,127.56,192738100,127.957,538365
2011-06-13,127.88,128.24,127.05,127.67,155882400,127.81,431259
2011-06-14,128.86,129.77,128.82,129.32,126982800,129.331,372856
2011-06-15,128.24,128.65,126.68,127.02,242101500,127.472,660014
2011-06-16,127.06,127.97,126.32,127.28,230605000,127.265,626772
2011-06-17,127.93,127.94,126.62,127.02,193680600,127.324,499828
2011-06-20,126.62,127.97,126.58,127.7,127933300,127.5,360288
2011-06-21,128.36,129.7,128.19,129.42,157296500,129.176,433795
2011-06-22,129.05,129.81,128.59,128.7,150855200,129.301,461914
2011-06-23,127.16,128.37,126.19,128.29,272764600,127.147,752842
2011-06-24,128.27,128.37,126.62,126.81,186676400,127.195,514965
2011-06-27,126.89,128.43,126.64,127.94,140651300,127.772,399381
2011-06-28,128.43,129.63,128.27,129.61,132375500,129.153,402450
2011-06-29,130.21,130.93,129.71,130.75,190240500,130.444,550531
2011-06-30,131.14,132.18,130.99,131.97,164435600,131.799,431145
2011-07-01,132.01,134.1,131.78,133.96,170704400,133.193,452170
2011-07-05,133.78,134.08,133.39,133.71,139870700,133.748,367042
2011-07-06,133.49,134.14,133.11,133.94,116995800,133.689,362726
2011-07-07,135.16,135.7,134.88,135.46,124509000,135.286,344896
2011-07-08,133.82,134.44,133.39,134.4,138257600,133.963,388477
2011-07-11,132.76,133.18,131.66,131.96,151732500,132.213,448520
2011-07-12,131.69,132.78,131.36,131.43,177883300,132.022,479299
2011-07-13,132.09,133.22,131.52,131.85,163236900,132.468,460988
2011-07-14,132.17,132.78,130.68,130.94,194674800,131.569,540183
2011-07-15,131.66,131.87,130.77,131.74,166152300,131.311,446458
2011-07-18,131.08,131.28,129.63,130.58,150990200,130.295,414893
2011-07-19,131.35,132.89,131.31,132.78,140147400,132.159,399593
2011-07-20,133.07,133.15,132.42,132.65,108289600,132.782,321221
2011-07-21,133.4,134.82,133.14,134.52,191530800,134.318,540520
2011-07-22,134.52,134.72,133.76,134.61,96737400,134.371,296364
2011-07-25,133.3,134.49,133.16,133.83,117201700,133.945,345865
2011-07-26,133.75,133.96,133.03,133.36,110253700,133.483,319456
2011-07-27,132.59,132.6,130.43,130.6,210112800,131.384,572515
2011-07-28,130.59,131.77,130.01,130.16,168987400,130.92,444679
2011-07-29,128.9,130.55,127.97,129.05,239527500,129.528,618385
2011-08-01,130.84,130.96,127.53,128.71,254121500,128.635,672343
2011-08-02,127.8,128.5,125.49,125.49,264220300,126.95,691355
2011-08-03,125.66,126.31,123.53,126.21,325011000,125.12,876702
2011-08-04,124.42,124.62,120.06,120.18,430343800,122.406,1153706
2011-08-05,121.76,122.07,116.86,119.98,561388300,119.794,1460377
2011-08-08,116.92,118.35,112.02,112.26,572862700,115.111,1604230
2011-08-09,114.06,117.5,110.27,117.37,584199200,113.869,1596029
2011-08-10,115.26,116.28,111.95,112.35,490921600,114.04,1503171
2011-08-11,113.26,118.92,112.85,117.28,379003900,116.105,1091303
2011-08-12,118.41,119.22,117.28,118.15,255568100,118.248,744175
2011-08-15,119.18,120.74,119.0,120.55,205258600,119.941,622525
2011-08-16,119.47,120.69,118.31,119.56,235454900,119.546,752205
2011-08-17,120.24,121.2,118.72,119.67,185640400,119.918,512082
2011-08-18,116.51,116.64,113.39,114.61,389833300,114.65,1068370
2011-08-19,112.96,115.88,112.5,112.68,336652500,113.898,904293
2011-08-22,115.16,115.23,112.41,112.73,234581800,113.459,668045
2011-08-23,113.15,116.54,112.58,116.46,281089100,114.736,830295
2011-08-24,116.19,118.24,115.92,118.13,207948100,117.105,685878
2011-08-25,118.74,119.4,115.87,116.31,253153400,117.029,809333
2011-08-26,115.68,118.51,113.85,118.04,265759100,116.627,817779
2011-08-29,119.56,121.43,119.48,121.38,144223200,120.542,442178
2011-08-30,120.84,122.43,119.26,121.62,212202000,121.199,676307
2011-08-31,122.44,123.51,121.3,122.06,246609500,122.54,755075
2011-09-01,122.29,123.4,120.78,120.96,226955200,121.985,793227
2011-09-02,118.43,119.08,117.43,117.84,193675000,118.314,568163
2011-09-06,114.39,117.16,114.38,116.99,235952200,115.693,718409
2011-09-07,118.75,120.34,118.36,120.27,175380900,119.465,528885
2011-09-08,119.56,120.94,118.77,119.02,205390100,119.781,659449
2011-09-09,117.68,118.1,115.28,115.86,311288000,116.474,970313
2011-09-12,114.48,116.76,114.05,116.66,260407700,115.198,827381
2011-09-13,117.05,118.18,116.22,117.58,229110800,117.376,739385
2011-09-14,118.34,120.8,116.72,119.36,250657800,118.843,751048
2011-09-15,120.64,121.47,119.57,121.47,221235000,120.696,627563
2011-09-16,121.29,121.97,120.32,121.58,224922300,121.209,633053
2011-09-19,119.53,120.93,118.72,120.31,199977100,119.66,604374
2011-09-20,120.82,121.99,120.01,120.17,186712500,121.076,596937
2011-09-21,120.23,120.6,116.5,116.51,265333700,118.939,804548
2011-09-22,113.24,114.21,111.3,112.8,401089500,112.82,1211697
2011-09-23,112.12,114.16,112.02,113.54,247783600,113.233,780532
2011-09-26,114.61,116.4,112.98,116.25,221764300,114.492,693040
2011-09-27,118.53,119.56,116.84,117.6,251397700,118.515,762292
2011-09-28,117.78,118.49,114.97,115.16,245963500,116.74,778734
2011-09-29,117.05,117.63,113.93,116.02,261417600,115.743,841471
2011-09-30,114.45,115.45,113.07,113.17,236303700,114.352,748616
2011-10-03,112.48,113.95,109.81,109.93,303898400,111.678,958052
2011-10-04,108.34,112.58,107.43,112.13,396616100,109.221,1306153
2011-10-05,112.62,114.72,111.58,114.5,247667700,113.208,774332
2011-10-06,114.35,116.66,113.51,116.51,218688400,115.347,703041
2011-10-07,117.17,117.25,115.06,115.75,243982200,116.221,742984
2011-10-10,117.68,119.59,117.67,119.59,182756000,118.721,516075
2011-10-11,118.88,120.04,118.75,119.68,178906600,119.522,562346
2011-10-12,120.6,122.14,120.33,120.67,232585000,121.263,729770
2011-10-13,120.0,120.87,119.12,120.47,192194100,119.874,579685
2011-10-14,121.91,122.6,121.23,122.56,164741200,121.883,505238
2011-10-17,121.99,122.06,119.93,120.24,160722800,120.871,462769
2011-10-18,120.13,123.5,119.2,122.61,264112100,121.598,748282
2011-10-19,122.38,123.08,120.71,121.14,196018300,121.991,570448
2011-10-20,121.43,122.1,119.82,121.69,231191500,121.101,653276
2011-10-21,123.09,124.12,122.72,123.91,202969800,123.459,531698
2011-10-24,124.17,125.8,124.06,125.49,166576800,125.195,443550
2011-10-25,124.88,124.95,122.78,123.08,230929500,123.953,657502
2011-10-26,124.35,124.77,122.21,124.33,241318600,123.646,677042
2011-10-27,127.63,129.42,126.61,128.53,282445900,127.976,735220
2011-10-28,128.01,128.85,127.8,128.68,167565700,128.339,496488
2011-10-31,127.16,127.26,125.36,125.45,179613100,126.617,508741
2011-11-01,122.04,123.51,121.52,122.08,344812500,122.478,925315
2011-11-02,123.83,124.4,122.79,123.99,208707800,123.674,612083
2011-11-03,125.26,126.5,123.59,126.24,230139200,125.263,640705
2011-11-04,125.24,125.7,124.01,125.45,182214900,124.934,511963
2011-11-07,125.38,126.39,124.2,126.28,173189500,125.358,495476
2011-11-08,126.92,128.02,125.71,127.86,193531400,126.91,587423
2011-11-09,124.89,125.47,122.86,123.19,263945500,124.142,710704
2011-11-10,124.8,124.94,123.02,124.32,197154400,124.112,554605
2011-11-11,125.82,126.99,125.79,126.62,143845800,126.538,424390
2011-11-14,126.19,126.36,124.92,125.46,125320400,125.614,364357
2011-11-15,125.18,126.75,124.72,126.12,150252700,125.808,432860
2011-11-16,124.83,126.34,123.9,124.05,188869300,125.164,511103
2011-11-17,123.84,124.16,121.23,122.18,261198700,122.51,674846
2011-11-18,122.51,122.75,121.47,121.99,174677500,122.144,477433
2011-11-21,120.2,120.35,118.65,119.62,193079700,119.471,529769
2011-11-22,119.39,120.1,118.52,119.19,190681600,119.345,510717
2011-11-23,118.06,118.21,116.56,116.56,180906500,117.239,508068
2011-11-25,116.38,117.7,116.2,116.2,83139300,117.049,240579
2011-11-28,119.54,120.18,118.82,119.7,170040500,119.602,449505
2011-11-29,120.05,121.0,119.61,120.08,161454500,120.304,460543
2011-11-30,123.48,125.22,123.22,125.11,226795900,124.17,561677
2011-12-01,124.85,125.64,124.43,124.98,150696700,124.985,411569
2011-12-02,126.12,126.5,124.78,124.86,157969200,125.66,442018
2011-12-05,126.84,127.18,125.44,126.21,179756600,126.439,509250
2011-12-06,126.2,127.11,125.76,126.26,132604700,126.381,406128
2011-12-07,125.84,127.26,124.97,126.75,173015100,126.005,489670
2011-12-08,125.9,126.18,123.65,123.98,193552200,124.896,544329
2011-12-09,124.51,126.37,124.4,126.03,162194900,125.676,460336
2011-12-12,124.95,124.97,123.16,124.24,166019500,123.884,452321
2011-12-13,124.86,125.57,122.45,123.11,204161800,124.17,588499
2011-12-14,122.56,123.03,121.47,121.71,192907300,122.026,557450
2011-12-15,123.03,123.2,121.99,122.15,143603200,122.469,407421
2011-12-16,122.22,122.95,121.3,121.57,172869000,122.014,445304
2011-12-19,122.06,122.32,120.03,120.32,145786000,121.103,400335
2011-12-20,122.18,124.14,120.37,123.88,160843500,123.443,389028
2011-12-21,123.93,124.36,122.75,124.17,152485900,123.545,411872
2011-12-22,124.63,125.39,124.36,125.33,100189600,125.029,281310
2011-12-23,125.69,126.43,125.41,126.39,63714200,125.913,181955
2011-12-27,126.17,126.82,126.06,126.49,62263900,126.573,171556
2011-12-28,126.51,126.53,124.73,124.92,102058600,125.294,251462
2011-12-29,125.24,126.25,125.18,126.1,85595000,125.776,213318
2011-12-30,126.0,126.33,125.5,125.5,67727400,125.988,168205
2012-01-03,127.77,128.38,127.43,127.49,140132900,127.908,365653
2012-01-04,127.2,127.81,126.71,127.63,99109400,127.358,280506
2012-01-05,127.01,128.23,126.43,128.1,139809500,127.404,375596
2012-01-06,128.2,128.22,127.29,127.82,118193300,127.802,332015
2012-01-09,128.0,128.18,127.41,127.99,83240900,127.871,249017
2012-01-10,129.4,129.65,128.95,129.13,100848700,129.263,279211
2012-01-11,128.74,129.37,128.52,129.25,94963800,128.97,261548
2012-01-12,129.58,129.7,128.54,129.51,100645100,129.2,308293
2012-01-13,128.62,129.01,127.72,129.01,152859400,128.394,396241
2012-01-17,130.09,130.32,129.06,129.31,106490000,129.755,281129
2012-01-18,129.31,130.84,129.08,130.8,116978900,130.204,310163
2012-01-19,131.21,131.57,130.8,131.48,99755900,131.304,292132
2012-01-20,131.23,131.95,130.92,131.95,95311400,131.231,235605
2012-01-23,131.51,132.25,130.98,131.58,107615800,131.619,288095
2012-01-24,130.8,131.5,130.6,131.46,84741000,131.173,233931
2012-01-25,131.26,132.87,130.75,132.57,159261200,131.81,391796
2012-01-26,133.16,133.4,131.36,131.9,147606100,132.277,394943
2012-01-27,131.24,132.05,131.15,131.73,114778300,131.584,292143
2012-01-30,130.52,131.44,130.06,131.38,122179400,130.774,305779
2012-01-31,132.02,132.18,130.68,131.21,131965600,131.285,340809
2012-02-01,132.29,133.14,132.13,132.47,134212000,132.689,349388
2012-02-02,132.72,133.02,132.21,132.68,94528000,132.647,260527
2012-02-03,134.0,134.62,133.77,134.57,117338300,134.318,293649
2012-02-06,133.99,134.5,133.83,134.46,83857000,134.233,214436
2012-02-07,134.17,135.02,133.64,134.79,113696700,134.514,279292
2012-02-08,134.86,135.22,134.31,135.19,113103400,134.855,282072
2012-02-09,135.41,135.59,134.56,135.34,123178000,135.186,312422
2012-02-10,134.16,134.47,133.84,134.43,134064700,134.153,320763
2012-02-13,135.32,135.52,134.74,135.36,98185700,135.188,261521
2012-02-14,134.99,135.27,134.25,135.19,139579900,134.79,358328
2012-02-15,135.63,135.83,134.29,134.54,169830800,135.1,446863
2012-02-16,134.58,136.17,134.33,136.04,146799100,135.441,383923
2012-02-17,136.52,136.57,135.96,136.41,101152600,136.301,264123
2012-02-21,136.74,137.05,136.05,136.46,106260600,136.574,282888
2012-02-22,136.25,136.55,135.79,136.02,108423000,136.179,293563
2012-02-23,135.96,136.73,135.5,136.61,112651200,136.262,296634
2012-02-24,136.93,137.2,136.63,136.93,92920600,136.919,256251
2012-02-27,136.03,137.53,135.8,137.16,123547300,136.831,303118
2012-02-28,137.2,137.72,136.93,137.56,112989000,137.374,308552
2012-02-29,137.76,138.19,136.72,136.87,152789000,137.37,397101
2012-03-01,137.31,137.99,137.12,137.77,121947500,137.575,338596
2012-03-02,137.65,137.82,137.0,137.32,95927100,137.398,265016
2012-03-05,137.1,137.2,136.28,136.75,112712300,136.702,318493
2012-03-06,135.34,135.43,134.36,134.67,164402400,134.867,403251
2012-03-07,135.06,135.91,134.93,135.69,115422800,135.483,289251
2012-03-08,136.52,137.32,136.24,137.02,94086800,136.819,248885
2012-03-09,137.31,137.93,137.13,137.57,99914600,137.609,261559
2012-03-12,137.54,137.76,137.09,137.58,83063400,137.431,230418
2012-03-13,138.32,140.13,138.09,140.06,149044300,139.038,366645
2012-03-14,140.1,140.44,139.48,139.91,118296100,139.981,325348
2012-03-15,140.13,140.78,139.76,140.72,126540800,140.373,342739
2012-03-16,140.36,140.48,140.0,140.27,106168200,140.288,257189
2012-03-19,140.23,141.28,140.11,140.88,96061900,140.782,290596
2012-03-20,140.05,140.61,139.64,140.41,102738600,140.199,320724
2012-03-21,140.53,140.65,139.92,140.16,99561800,140.336,305633
2012-03-22,139.18,139.55,138.74,139.16,118103700,139.181,339634
2012-03-23,139.32,139.81,138.55,139.69,96473900,139.333,266709
2012-03-26,140.65,141.61,140.6,141.61,92327800,141.106,241060
2012-03-27,141.74,141.83,141.08,141.13,85514700,141.549,272727
2012-03-28,141.1,141.32,139.64,140.43,123992400,140.357,320290
2012-03-29,139.63,140.49,139.09,140.22,134433700,139.619,325825
2012-03-30,140.92,141.05,140.05,140.72,107289100,140.697,306745
2012-04-02,140.64,142.21,140.36,141.79,115975600,141.547,335676
2012-04-03,141.64,141.88,140.43,141.26,131673800,141.17,390734
2012-04-04,140.2,140.34,139.34,139.84,128561900,139.832,336282
2012-04-05,139.38,140.2,139.26,139.78,98141700,139.803,280543
2012-04-09,138.02,138.78,137.84,138.23,94211800,138.275,251968
2012-04-10,137.95,138.34,135.76,135.84,209834500,136.686,512971
2012-04-11,137.29,137.54,136.75,136.9,125325600,137.136,335008
2012-04-12,137.12,138.9,137.03,138.85,129061900,138.268,362183
2012-04-13,138.47,138.48,137.01,137.13,133828800,137.707,345033
2012-04-16,137.84,138.04,136.58,136.93,133598400,137.169,354748
2012-04-17,137.85,139.36,137.7,139.09,117981400,138.754,318683
2012-04-18,138.46,139.08,138.38,138.59,107392700,138.726,285637
2012-04-19,138.63,139.15,137.07,137.75,168642100,138.136,457793
2012-04-20,138.33,138.83,137.87,137.95,111975500,138.354,339189
2012-04-23,136.54,136.91,135.94,136.79,127701000,136.442,348885
2012-04-24,136.91,137.66,136.8,137.31,114855800,137.243,311031
2012-04-25,138.64,139.25,138.53,139.24,126303300,138.898,356174
2012-04-26,138.89,140.32,138.81,140.17,109388800,139.628,296539
2012-04-27,140.6,140.79,139.8,140.39,98445500,140.326,260394
2012-04-30,140.1,140.21,139.49,139.77,90027900,139.794,247868
2012-05-01,139.79,141.66,139.63,140.74,104741400,140.922,299919
2012-05-02,139.91,140.46,139.46,140.28,95755000,140.037,276781
2012-05-03,140.34,140.45,138.99,139.25,117517800,139.644,341547
2012-05-04,138.51,138.66,136.92,136.96,148480500,137.519,367208
2012-05-07,136.51,137.56,136.46,137.1,102571900,137.055,270633
2012-05-08,136.28,136.77,134.92,136.5,182043600,135.803,466244
2012-05-09,135.1,136.61,134.49,135.74,194126800,135.615,510098
2012-05-10,136.69,136.85,135.71,135.95,124469000,136.323,342992
2012-05-11,135.17,136.87,135.11,135.56,129666500,136.056,355425
2012-05-14,134.31,135.03,133.91,134.13,129322100,134.405,363314
2012-05-15,134.02,134.81,133.13,133.35,163678900,134.02,434637
2012-05-16,133.95,134.55,132.8,132.88,176391600,133.602,467142
2012-05-17,132.87,133.02,130.81,130.87,204399700,131.956,550953
2012-05-18,131.37,131.6,129.55,129.74,228617900,130.594,581424
2012-05-21,130.16,132.02,129.95,132.02,142694400,131.132,384953
2012-05-22,132.32,133.23,131.34,132.2,158672900,132.458,465739
2012-05-23,131.25,132.46,129.99,132.27,183142200,131.037,520523
2012-05-24,132.64,132.84,131.42,132.53,140976700,132.111,391350
2012-05-25,132.48,132.85,131.78,132.1,107349500,132.403,291632
2012-05-29,133.16,135.71,132.75,133.7,129279000,133.321,344592
2012-05-30,132.56,132.62,131.49,131.73,130126900,131.999,344089
2012-05-31,131.71,132.45,130.34,131.49,170352200,131.308,447090
2012-06-01,129.41,129.86,128.16,128.16,188481800,128.856,497509
2012-06-04,128.38,128.74,127.14,128.1,155800200,127.92,419633
2012-06-05,127.83,129.26,127.78,129.03,132986700,128.697,334912
2012-06-06,129.97,132.03,129.93,132.02,151683900,131.167,392616
2012-06-07,133.47,133.53,131.78,132.05,152620700,132.741,450276
2012-06-08,131.71,133.13,131.29,133.12,112846500,132.304,319934
2012-06-11,134.17,134.25,131.28,131.45,139000500,132.719,388826
2012-06-12,131.79,133.01,131.16,133.01,148856400,132.112,407676
2012-06-13,132.52,133.36,131.62,132.1,136368000,132.593,395535
2012-06-14,132.34,134.0,131.98,133.57,175143900,133.106,456284
2012-06-15,133.38,134.26,133.1,134.1,133501200,133.66,333833
2012-06-18,133.57,134.73,133.28,134.43,111963000,134.158,319861
2012-06-19,135.07,136.25,134.93,135.69,116594600,135.7,331528
2012-06-20,135.71,136.1,134.27,135.44,177067100,135.308,501207
2012-06-21,135.64,135.78,132.33,132.44,174020400,133.765,457105
2012-06-22,133.13,133.71,132.62,133.42,105393800,133.124,274047
2012-06-25,132.05,132.1,130.85,131.26,119002000,131.376,313884
2012-06-26,131.7,132.38,130.93,132.0,122780600,131.755,322268
2012-06-27,132.42,133.43,132.31,133.17,90779800,132.985,254874
2012-06-28,132.29,132.99,131.28,132.79,144531500,132.035,381608
2012-06-29,135.2,136.27,134.85,136.27,149280300,135.515,381169
2012-07-02,136.48,136.65,135.52,136.46,107119300,136.042,315289
2012-07-03,136.49,137.51,136.34,137.47,66578600,137.091,180312
2012-07-05,136.9,137.4,136.29,136.84,98354600,136.911,282494
2012-07-06,135.47,135.77,134.85,135.59,109978700,135.342,301605
2012-07-09,135.38,135.57,134.7,135.32,86428100,135.079,254686
2012-07-10,136.01,136.23,133.68,134.14,125930800,134.777,332886
2012-07-11,134.21,134.6,133.38,134.16,123738700,134.103,346558
2012-07-12,133.37,134.1,132.6,133.51,115579100,133.406,323272
2012-07-13,133.86,135.89,133.84,135.75,108201500,135.267,292775
2012-07-16,135.44,135.83,134.9,135.39,77905500,135.424,234483
2012-07-17,135.97,136.64,134.55,136.36,114868900,135.761,335810
2012-07-18,136.04,137.64,135.96,137.41,96009600,137.135,274136
2012-07-19,137.65,138.18,137.21,137.74,103829800,137.696,292491
2012-07-20,136.95,137.16,136.32,136.47,102053800,136.711,285012
2012-07-23,134.47,135.46,133.84,135.09,106158100,134.618,301750
2012-07-24,135.19,135.25,133.03,134.03,133036800,133.886,368908
2012-07-25,134.21,134.56,133.25,133.95,99932700,133.949,286168
2012-07-26,135.89,136.46,135.26,136.17,116099000,135.935,344925
2012-07-27,136.89,139.07,136.65,138.8,168903500,138.123,426796
2012-07-30,138.52,139.34,138.27,138.68,91342200,138.679,259965
2012-07-31,138.49,138.87,137.71,137.71,98812300,138.444,265767
2012-08-01,138.7,138.73,137.4,137.59,113211700,138.107,337904
2012-08-02,136.55,137.7,135.58,136.64,146857900,136.548,406520
2012-08-03,138.56,139.64,138.49,139.39,109460800,139.216,311545
2012-08-06,139.72,140.17,139.56,139.62,69206300,139.962,203488
2012-08-07,140.18,140.92,140.15,140.32,86572000,140.551,229585
2012-08-08,139.85,140.65,139.81,140.49,75082400,140.291,206835
2012-08-09,140.29,140.89,140.15,140.63,74469800,140.561,199204
2012-08-10,140.04,140.89,139.81,140.84,84125000,140.347,215790
2012-08-13,140.59,140.84,140.04,140.77,67629100,140.454,179184
2012-08-14,141.29,141.38,140.37,140.79,81845100,140.968,215751
2012-08-15,140.64,141.19,140.55,140.95,60567800,140.907,163611
2012-08-16,141.15,142.16,140.8,142.01,83566300,141.606,224167
2012-08-17,142.23,142.3,141.86,142.22,69421000,142.043,192185
2012-08-20,141.98,142.22,141.59,142.22,61702300,141.956,171938
2012-08-21,142.53,143.09,141.45,141.76,85828100,142.324,246738
2012-08-22,141.39,142.05,141.07,141.82,94213400,141.545,267398
2012-08-23,141.47,141.48,140.44,140.68,87818600,140.929,233828
2012-08-24,140.31,141.83,140.22,141.52,79828300,141.152,211187
2012-08-27,141.89,142.08,141.34,141.54,57114400,141.675,157394
2012-08-28,141.18,141.84,140.97,141.4,65318700,141.468,189047
2012-08-29,141.52,141.89,141.12,141.51,56667700,141.541,161680
2012-08-30,140.89,140.94,140.19,140.49,75904300,140.589,201300
2012-08-31,141.29,141.82,140.36,141.24,126797400,141.168,354286
2012-09-04,141.05,141.46,140.13,140.87,87157600,140.79,242557
2012-09-05,141.09,141.47,140.63,140.94,81134400,141.004,234502
2012-09-06,141.76,143.78,141.75,143.78,118916500,143.24,309088
2012-09-07,144.01,144.39,143.88,144.39,78738400,144.158,229047
2012-09-10,144.19,144.44,143.46,143.51,66534800,144.044,195056
2012-09-11,143.6,144.37,143.56,143.89,68282600,144.012,185495
2012-09-12,144.39,144.55,143.9,144.39,73759600,144.271,200927
2012-09-13,144.37,147.04,143.99,146.7,165692800,145.665,432203
2012-09-14,146.88,148.11,146.76,147.24,136039600,147.336,336568
2012-09-17,146.94,147.19,146.37,146.74,76462200,146.802,208695
2012-09-18,146.49,146.81,146.25,146.62,71138900,146.48,196872
2012-09-19,146.79,147.17,146.41,146.74,75941900,146.86,193940
2012-09-20,146.03,146.79,145.63,146.75,98101400,146.311,257705
2012-09-21,146.65,146.67,145.81,145.89,77331800,146.26,194491
2012-09-24,145.16,145.98,145.04,145.59,75190800,145.495,193455
2012-09-25,145.96,146.24,144.06,144.19,109843600,145.224,275382
2012-09-26,144.06,144.11,142.95,143.29,117695800,143.519,281516
2012-09-27,143.89,144.97,143.51,144.72,86806800,144.251,227336
2012-09-28,144.09,144.56,143.46,143.93,116365400,143.939,303903
2012-10-01,144.52,145.69,144.02,144.24,116218400,144.887,295749
2012-10-02,144.92,145.15,143.83,144.5,99182100,144.354,260653
2012-10-03,144.89,145.43,144.13,145.07,98380400,144.909,249300
2012-10-04,145.63,146.34,145.44,146.27,103130400,145.982,260716
2012-10-05,146.91,147.16,145.7,146.13,95496500,146.495,240702
2012-10-08,145.61,145.89,145.31,145.66,66820800,145.574,170186
2012-10-09,145.53,145.65,144.15,144.25,122832700,144.717,291623
2012-10-10,144.18,144.32,143.09,143.28,106885800,143.594,268773
2012-10-11,144.28,144.49,143.36,143.36,98940400,143.897,237702
2012-10-12,143.46,143.95,142.58,142.84,100195500,143.131,241068
2012-10-15,143.23,144.23,142.77,144.01,85074100,143.538,211726
2012-10-16,144.76,145.64,144.66,145.58,90548600,145.28,241100
2012-10-17,145.64,146.32,145.42,146.16,87675200,146.033,218692
2012-10-18,145.82,146.52,145.33,145.86,117506100,145.889,283211
2012-10-19,145.56,145.56,143.05,143.3,147232600,143.983,347146
2012-10-22,143.15,143.67,142.28,143.41,103714000,142.995,254491
2012-10-23,141.86,142.06,140.83,141.35,151255600,141.484,358834
2012-10-24,141.93,142.1,140.8,141.05,96735500,141.413,251518
2012-10-25,142.02,142.28,140.57,141.43,109234300,141.334,283900
2012-10-26,141.3,141.84,140.39,141.35,109754500,141.161,282342
2012-10-31,141.85,142.03,140.68,141.18,80326900,141.308,203533
2012-11-01,141.64,143.01,141.52,142.91,85078100,142.605,233782
2012-11-02,143.68,143.72,141.41,141.56,106332000,142.405,292823
2012-11-05,141.35,142.17,140.93,141.9,74033200,141.479,201886
2012-11-06,142.29,143.52,142.13,142.93,90012400,142.883,231481
2012-11-07,141.67,141.68,139.06,139.78,212978900,140.233,517602
2012-11-08,139.7,140.41,137.95,137.95,148701200,139.11,402099
2012-11-09,137.62,139.44,137.55,138.16,167404800,138.536,405559
2012-11-12,138.59,138.81,137.96,138.24,76677500,138.393,213803
2012-11-13,137.53,139.25,137.36,137.8,105417700,138.424,293523
2012-11-14,138.21,138.43,135.62,135.98,162671700,136.965,410195
2012-11-15,135.98,136.49,135.18,135.7,152836800,135.743,400910
2012-11-16,135.9,136.64,134.7,136.35,181974100,135.79,445966
2012-11-19,137.9,139.15,137.82,139.15,108934600,138.535,294679
2012-11-20,138.91,139.42,138.08,139.28,96612600,138.881,283409
2012-11-21,139.31,139.57,139.03,139.45,61574800,139.347,188920
2012-11-23,140.14,141.4,140.04,141.33,52654700,140.687,137708
2012-11-26,140.65,141.36,140.19,141.17,80057300,140.687,243453
2012-11-27,140.91,141.39,140.24,140.38,106116100,140.809,303460
2012-11-28,139.76,141.54,139.0,141.48,144753900,140.396,414070
2012-11-29,141.99,142.51,141.37,142.16,127909300,142.031,358798
2012-11-30,142.14,142.42,141.66,142.06,106384900,141.995,301115
2012-12-03,142.8,142.92,141.34,141.47,97092100,142.043,289001
2012-12-04,141.44,141.87,140.87,141.22,109187100,141.308,293367
2012-12-05,141.37,142.16,140.37,141.5,123259200,141.481,328866
2012-12-06,141.37,142.04,141.16,141.91,76355000,141.666,220102
2012-12-07,142.53,142.69,141.67,142.4,83401100,142.17,259146
2012-12-10,142.2,142.81,142.15,142.52,72882800,142.526,212448
2012-12-11,143.07,144.11,142.99,143.42,107521000,143.553,292201
2012-12-12,144.0,144.55,143.31,143.54,110349000,143.911,318334
2012-12-13,143.42,143.83,142.28,142.66,107441900,142.952,285442
2012-12-14,142.32,142.58,141.88,142.12,96116800,142.244,238759
2012-12-17,142.47,143.85,142.43,143.79,104244400,143.189,272355
2012-12-18,144.0,145.5,143.79,145.41,130905700,144.816,345731
2012-12-19,145.53,145.58,144.24,144.27,106867000,144.936,269784
2012-12-20,144.38,145.14,143.98,145.14,102096900,144.61,275987
2012-12-21,142.16,143.1,141.94,142.77,167905800,142.519,419707
2012-12-24,142.48,142.56,142.19,142.33,36801900,142.367,96550
2012-12-26,142.64,142.71,141.35,141.65,76634400,141.894,196468
2012-12-27,141.79,142.08,139.92,141.59,147006400,140.911,403400
2012-12-28,140.64,141.42,139.87,139.87,111145400,140.676,301500
2012-12-31,139.66,142.56,139.54,142.52,199691900,141.104,553791
2013-01-02,145.11,146.15,144.73,146.15,150057600,145.216,403753
2013-01-03,145.99,146.37,145.34,145.73,118350600,145.866,320100
2013-01-04,145.97,146.61,145.67,146.45,88116900,146.174,227781
2013-01-07,145.85,146.11,145.43,145.92,70352900,145.766,197697
2013-01-08,145.71,145.91,144.98,145.53,88956000,145.372,242409
2013-01-09,145.86,146.32,145.64,145.99,72653700,145.978,200750
2013-01-10,146.73,147.09,145.97,147.07,93087300,146.559,249181
2013-01-11,147.04,147.15,146.61,147.07,72862600,146.887,189765
2013-01-14,146.89,147.07,146.43,146.96,72502400,146.776,195441
2013-01-15,146.29,147.21,146.2,147.07,72243100,146.713,186525
2013-01-16,146.77,147.28,146.61,147.05,74302500,147.003,181041
2013-01-17,147.7,148.42,147.23,147.97,99174700,147.939,240345
2013-01-18,147.98,148.49,147.43,148.33,104179900,147.964,246229
2013-01-22,148.34,149.13,147.98,149.1,75984800,148.572,195844
2013-01-23,149.13,149.5,148.86,149.37,71918800,149.19,179921
2013-01-24,149.15,150.14,149.01,149.42,106641600,149.576,259772
2013-01-25,149.88,150.25,149.46,150.25,86556600,149.907,212694
2013-01-28,150.29,150.33,149.51,150.07,70218000,149.979,194302
2013-01-29,149.77,150.85,149.67,150.66,84445700,150.332,213624
2013-01-30,150.65,150.94,149.93,150.08,101722700,150.421,250085
2013-01-31,149.89,150.38,149.6,149.7,87450700,149.957,231422
2013-02-01,150.65,151.42,150.39,151.28,104627100,150.999,245258
2013-02-04,150.32,150.58,149.43,149.53,99435400,149.94,249892
2013-02-05,150.35,151.48,150.29,151.08,95784500,150.954,241644
2013-02-06,150.5,151.26,150.41,151.18,91481400,150.886,212853
2013-02-07,151.21,151.35,149.86,150.96,124121400,150.557,301745
2013-02-08,151.22,151.89,151.22,151.8,79198100,151.674,190831
2013-02-11,151.75,151.9,151.39,151.77,54608900,151.668,151211
2013-02-12,151.78,152.3,151.61,152.0,53900700,151.959,143781
2013-02-13,152.33,152.61,151.72,152.15,68862800,152.154,167988
2013-02-14,151.69,152.47,151.52,152.31,56231400,152.131,141907
2013-02-15,152.44,152.59,151.55,152.17,97992300,152.092,227817
2013-02-19,152.37,153.28,152.36,153.2,64440700,152.889,166500
2013-02-20,153.14,153.19,151.26,151.26,127918000,152.229,281153
2013-02-21,150.96,150.96,149.94,150.4,139476700,150.481,338676
2013-02-22,151.15,151.89,150.76,151.89,82614500,151.327,206498
2013-02-25,152.63,152.86,149.0,149.01,177303700,151.05,416388
2013-02-26,149.74,150.2,148.73,150.02,154306400,149.588,414201
2013-02-27,149.89,152.33,149.76,151.91,107518500,151.376,290121
2013-02-28,151.89,152.87,151.53,151.53,99928900,152.27,244766
2013-03-01,151.09,152.34,150.41,152.11,138077800,151.635,344315
2013-03-04,151.76,152.92,151.52,152.92,78553500,152.149,209415
2013-03-05,153.66,154.7,153.64,154.29,101234200,154.259,261935
2013-03-06,154.85,154.92,154.16,154.5,77091800,154.552,218711
2013-03-07,154.7,154.98,154.52,154.82,58602400,154.78,161294
2013-03-08,155.46,155.65,154.66,155.44,91425800,155.215,237471
2013-03-11,155.32,156.04,155.13,156.03,59218700,155.642,155365
2013-03-12,155.92,156.1,155.21,155.64,79908600,155.631,205598
2013-03-13,155.75,156.12,155.23,155.84,66360400,155.74,176357
2013-03-14,156.3,156.8,156.22,156.73,76568200,156.528,185980
2013-03-15,155.85,156.04,155.31,155.88,97553200,155.71,232883
2013-03-18,154.34,155.64,154.2,154.97,104245100,155.032,264643
2013-03-19,155.3,155.51,153.59,154.61,147977500,154.446,376478
2013-03-20,155.52,155.95,155.26,155.63,93351800,155.563,252490
2013-03-21,154.76,155.31,154.1,154.34,108273800,154.74,278670
2013-03-22,154.85,155.6,154.25,155.6,86167500,155.2,222941
2013-03-25,156.01,156.27,154.35,155.07,119059600,155.149,299122
2013-03-26,155.59,156.23,155.42,156.15,75028100,155.842,204452
2013-03-27,155.26,156.25,155.0,156.16,82444100,155.714,226239
2013-03-28,156.09,156.85,155.75,156.55,80029400,156.457,224093
2013-04-01,156.59,156.91,155.67,156.05,77190600,156.129,201317
2013-04-02,156.61,157.21,156.37,156.82,84959200,156.874,232997
2013-04-03,156.91,157.03,154.82,155.15,133211500,155.715,352326
2013-04-04,155.43,156.17,155.09,155.85,104638300,155.633,301531
2013-04-05,153.95,155.35,153.77,155.18,123096000,154.477,320138
2013-04-08,155.27,156.22,154.75,156.21,69303500,155.4,197390
2013-04-09,156.5,157.32,155.98,156.75,86553200,156.699,240847
2013-04-10,157.17,158.87,157.13,158.73,103883600,158.315,290419
2013-04-11,158.71,159.71,158.54,159.22,88821600,159.243,250301
2013-04-12,158.68,159.04,157.92,158.78,94832900,158.522,260386
2013-04-15,158.01,158.13,155.1,155.17,184886100,156.598,498916
2013-04-16,156.3,157.49,155.91,157.42,120966100,156.721,336654
2013-04-17,156.29,156.32,154.28,155.04,176635400,155.184,478581
2013-04-18,155.37,155.41,153.55,154.14,136256000,154.427,405584
2013-04-19,154.5,155.55,154.12,155.48,108573200,154.997,305188
2013-04-22,155.78,156.54,154.75,156.2,85290700,155.637,245668
2013-04-23,156.94,157.93,156.17,157.79,135129600,157.407,379616
2013-04-24,157.83,158.3,157.54,157.9,75630800,157.943,214711
2013-04-25,158.33,159.27,158.1,158.61,103778700,158.714,268707
2013-04-26,158.33,158.6,157.73,158.26,80335500,158.194,227713
2013-04-29,158.67,159.65,158.42,159.3,73550900,159.202,198737
2013-04-30,159.27,159.72,158.61,159.68,90149700,159.297,236287
2013-05-01,159.33,159.41,158.1,158.32,106345000,158.82,286939
2013-05-02,158.68,159.89,158.53,159.72,76690800,159.448,220768
2013-05-03,161.14,161.88,161.04,161.32,107398000,161.568,272473
2013-05-06,161.49,162.01,161.42,161.78,55627200,161.722,162459
2013-05-07,162.12,162.65,161.67,162.63,75632000,162.283,224744
2013-05-08,162.42,163.39,162.33,163.34,78631700,162.991,220699
2013-05-09,163.27,163.7,162.47,162.93,88559500,163.086,240932
2013-05-10,162.99,163.49,162.51,163.41,82119600,163.029,217907
2013-05-13,163.2,163.81,162.82,163.54,65560100,163.399,173637
2013-05-14,163.67,165.35,163.67,165.28,88777900,164.758,218341
2013-05-15,164.96,166.45,164.91,166.15,96822000,165.738,241452
2013-05-16,165.77,166.36,165.09,165.34,87434000,165.825,239126
2013-05-17,165.95,167.04,165.73,166.97,99908100,166.403,263571
2013-05-20,166.78,167.58,166.61,166.97,72759500,167.044,205709
2013-05-21,167.08,167.8,166.5,167.11,78541000,167.205,223344
2013-05-22,167.34,169.07,165.17,165.92,202930000,167.161,590145
2013-05-23,164.17,165.91,163.94,165.45,176973200,165.017,478712
2013-05-24,164.46,165.38,163.98,165.33,107548600,164.705,273189
2013-05-28,167.04,167.78,165.29,166.3,121362800,166.767,317166
2013-05-29,165.42,165.8,164.34,165.22,141109700,165.156,388910
2013-05-30,165.35,166.59,165.22,165.89,89702700,166.082,265686
2013-05-31,165.37,166.31,163.13,163.24,135542300,165.091,371232
2013-06-03,163.83,164.46,162.66,164.38,140943700,163.501,412912
2013-06-04,164.44,165.1,162.73,163.56,134705900,163.933,384159
2013-06-05,163.09,163.42,161.13,161.18,175056300,162.031,494709
2013-06-06,161.2,162.74,160.25,162.64,160003300,161.467,455083
2013-06-07,163.85,164.95,163.14,164.81,141159300,164.233,379588
2013-06-10,165.3,165.4,164.37,164.8,81782800,164.857,256997
2013-06-11,163.26,164.54,162.74,163.12,132884200,163.562,393305
2013-06-12,164.22,164.39,161.6,161.75,143731900,162.619,412734
2013-06-13,161.65,164.5,161.3,164.22,127443100,162.882,364053
2013-06-14,164.05,164.67,162.91,163.17,109845800,163.605,322388
2013-06-17,164.29,165.22,163.55,164.5,110912400,164.525,329978
2013-06-18,164.52,165.99,164.52,165.69,82346800,165.452,242551
2013-06-19,165.61,165.89,163.38,163.54,164176300,164.9,474762
2013-06-20,161.86,162.1,158.98,159.27,257040200,160.493,737081
2013-06-21,159.63,159.76,157.47,159.05,219841400,158.722,660140
2013-06-24,157.42,158.43,155.73,156.99,195875800,156.889,607156
2013-06-25,158.48,160.1,157.42,158.65,134267200,158.366,408064
2013-06-26,159.87,160.5,159.25,160.17,116181100,159.954,361344
2013-06-27,161.1,161.82,160.95,161.13,114189200,161.339,348596
2013-06-28,160.62,161.4,159.86,160.01,126720600,160.819,391574
2013-07-01,161.25,162.48,161.08,161.4,110437100,161.863,359866
2013-07-02,161.12,162.3,160.5,161.16,112697700,161.493,334976
2013-07-03,160.46,161.77,160.22,161.28,57877300,160.983,183852
2013-07-05,162.47,163.08,161.3,163.05,91911400,162.276,296903
2013-07-08,163.86,164.39,163.58,163.94,88107400,163.951,294550
2013-07-09,164.98,165.33,164.27,165.08,100611700,164.924,291154
2013-07-10,164.98,165.75,164.63,165.21,103679100,165.084,306352
2013-07-11,167.11,167.61,166.53,167.51,101344000,167.029,284919
2013-07-12,167.39,167.85,167.13,167.51,76117300,167.441,220847
2013-07-15,167.97,168.39,167.68,168.22,59553800,168.072,176750
2013-07-16,168.26,168.36,167.07,167.5,68351400,167.608,199133
2013-07-17,168.16,168.48,167.73,167.97,74221000,168.049,232916
2013-07-18,168.31,169.27,168.2,168.88,77069000,168.881,232873
2013-07-19,168.52,169.23,168.31,169.23,80046700,168.768,213427
2013-07-22,169.41,169.74,169.01,169.5,62886100,169.395,185242
2013-07-23,169.8,169.83,169.05,169.14,66071400,169.399,196843
2013-07-24,169.79,169.86,168.18,168.55,97745300,168.75,278113
2013-07-25,168.22,169.08,167.94,168.93,81169300,168.54,239841
2013-07-26,168.22,169.16,167.52,169.11,83892700,168.372,247819
2013-07-29,168.68,169.06,168.11,168.53,66603600,168.565,209165
2013-07-30,169.1,169.28,168.19,168.6,73255600,168.764,218524
2013-07-31,168.96,169.85,168.49,168.66,114606100,169.159,330143
2013-08-01,169.99,170.81,169.9,170.65,89541200,170.419,271613
2013-08-02,170.28,170.96,170.05,170.95,66591200,170.49,200927
2013-08-05,170.57,170.96,170.35,170.8,41469600,170.683,136246
2013-08-06,170.37,170.52,169.35,169.73,67577700,169.84,203408
2013-08-07,169.19,169.43,168.55,169.18,69790600,169.031,223958
2013-08-08,169.98,170.18,168.93,169.81,70170200,169.709,209554
2013-08-09,169.58,170.1,168.72,169.3,77381000,169.416,223897
2013-08-12,168.46,169.31,168.38,169.1,53777900,168.994,167651
2013-08-13,169.41,169.9,168.41,169.69,71623800,169.25,211716
2013-08-14,169.53,169.8,168.7,168.74,65331300,169.089,206869
2013-08-15,167.42,167.43,166.09,166.27,120687400,166.605,334739
2013-08-16,166.06,166.63,165.5,165.87,97110500,166.096,270326
2013-08-19,165.64,166.21,164.76,164.76,74639600,165.521,235481
2013-08-20,165.04,166.2,164.86,165.59,73307000,165.634,227026
2013-08-21,165.14,166.03,164.19,164.56,126537300,165.071,383943
2013-08-22,164.9,166.3,164.89,166.06,75405300,165.696,224769
2013-08-23,166.55,166.83,165.77,166.67,65068800,166.346,196165
2013-08-26,166.79,167.3,165.89,165.97,65849600,166.655,200849
2013-08-27,164.36,164.98,163.21,163.29,122632000,164.057,367347
2013-08-28,163.26,164.49,163.05,163.91,79739800,163.941,249292
2013-08-29,163.55,165.04,163.4,164.22,81572100,164.453,242915
2013-08-30,164.51,164.53,163.17,163.65,99725200,163.73,289498
2013-09-03,165.26,165.58,163.7,164.38,106960100,164.551,334147
2013-09-04,164.43,166.03,164.14,165.82,81376900,165.485,243948
2013-09-05,165.85,166.4,165.73,165.86,53167400,166.081,171038
2013-09-06,166.51,166.98,164.48,166.04,128865900,165.955,375242
2013-09-09,166.44,167.73,166.44,167.67,70507800,167.178,219605
2013-09-10,168.64,168.9,168.26,168.84,84610000,168.643,246777
2013-09-11,168.64,169.4,168.35,169.37,72268200,168.916,211888
2013-09-12,169.35,169.56,168.72,169.04,68343500,169.128,205893
2013-09-13,169.14,169.46,168.74,169.33,57965300,169.203,180019
2013-09-16,171.16,171.24,170.04,170.38,83152000,170.597,247331
2013-09-17,170.46,171.11,170.46,171.07,57982000,170.9,167773
2013-09-18,171.01,173.52,170.58,173.14,148677100,172.204,425543
2013-09-19,173.52,173.6,172.59,172.81,101465000,173.014,278784
2013-09-20,172.33,172.33,170.58,170.62,105480200,171.328,281614
2013-09-23,170.5,170.65,169.39,169.94,80943100,169.979,242244
2013-09-24,169.91,170.53,169.21,169.57,79406700,169.894,237416
2013-09-25,169.63,169.98,168.89,169.11,95235500,169.337,281466
2013-09-26,169.32,170.17,169.05,169.69,64981700,169.52,202825
2013-09-27,168.83,169.14,168.47,168.95,77216200,168.854,226282
2013-09-30,167.48,168.54,167.15,168.1,120381600,167.925,348657
2013-10-01,168.14,169.5,168.0,169.34,94713700,168.9,279150
2013-10-02,168.35,169.21,167.83,169.18,79908800,168.617,249556
2013-10-03,168.79,168.94,166.84,167.62,143831200,167.749,417778
2013-10-04,167.75,169.06,167.53,168.89,80464700,168.486,237665
2013-10-07,167.41,168.45,167.25,167.43,76058200,167.918,241726
2013-10-08,167.4,167.62,165.36,165.48,145663600,166.365,443113
2013-10-09,165.81,166.2,164.53,165.6,141505400,165.533,438344
2013-10-10,167.29,169.26,167.23,169.17,147623700,168.285,444779
2013-10-11,168.9,170.32,168.77,170.26,86009700,169.728,275437
2013-10-14,169.21,171.08,169.08,170.94,90656400,170.213,284247
2013-10-15,170.52,171.15,169.47,169.7,128960400,170.317,404821
2013-10-16,170.72,172.16,170.64,172.07,122442000,171.692,368279
2013-10-17,171.36,173.32,171.34,173.22,102764700,172.496,306071
2013-10-18,173.86,174.51,173.51,174.39,110375500,174.057,307237
2013-10-21,174.43,174.75,174.01,174.4,64769700,174.335,192198
2013-10-22,174.91,175.93,174.66,175.41,104376500,175.335,307884
2013-10-23,174.81,174.89,173.96,174.57,89595100,174.478,283758
2013-10-24,174.92,175.37,174.51,175.15,59258100,174.989,197001
2013-10-25,175.51,175.96,175.17,175.95,73130800,175.556,225408
2013-10-28,175.89,176.47,175.7,176.23,63060200,176.092,200156
2013-10-29,176.63,177.23,176.38,177.17,63403800,176.8,207536
2013-10-30,177.38,177.51,175.66,176.29,111365000,176.635,353301
2013-10-31,176.15,176.89,175.53,175.79,100763100,176.2,298144
2013-11-01,176.03,176.61,175.22,176.21,105944000,175.932,341354
2013-11-04,176.69,176.9,176.15,176.83,53170700,176.515,167134
2013-11-05,176.14,176.75,175.57,176.27,67252000,176.275,217434
2013-11-06,177.03,177.5,176.54,177.17,65185300,177.02,211290
2013-11-07,177.5,177.64,174.76,174.93,123604600,175.936,378096
2013-11-08,174.86,177.29,174.85,177.29,106166600,176.23,326386
2013-11-11,177.13,177.53,176.91,177.32,49981500,177.267,163946
2013-11-12,176.94,177.36,176.37,176.96,69934000,176.869,217205
2013-11-13,176.09,178.41,176.09,178.38,76682100,177.338,231169
2013-11-14,178.54,179.42,178.25,179.27,81009000,178.955,245595
2013-11-15,179.57,180.07,179.33,180.05,65529500,179.674,191695
2013-11-18,180.35,180.5,179.02,179.42,77280000,179.83,238668
2013-11-19,179.32,179.87,178.72,179.03,78282200,179.256,247473
2013-11-20,179.41,179.93,177.98,178.47,104374900,178.956,324337
2013-11-21,178.97,180.05,178.86,179.91,66998700,179.602,201282
2013-11-22,179.97,180.83,179.77,180.81,57911200,180.404,174988
2013-11-25,181.13,181.17,180.37,180.63,59502100,180.809,173653
2013-11-26,180.73,181.22,180.41,180.68,63810300,180.875,178230
2013-11-27,180.88,181.24,180.65,181.12,46016900,181.027,144585
2013-11-29,181.32,181.75,180.8,181.0,39424800,181.38,110405
2013-12-02,181.09,181.43,180.25,180.53,69050000,180.846,205607
2013-12-03,179.94,180.39,179.17,179.75,79542300,179.808,249991
2013-12-04,179.1,180.48,178.35,179.73,102878500,179.566,311553
2013-12-05,179.41,179.74,178.77,178.94,80549500,179.191,252032
2013-12-06,180.66,181.11,180.15,180.94,85417700,180.71,251242
2013-12-09,181.47,181.67,181.16,181.4,55630300,181.398,204250
2013-12-10,180.98,181.36,180.64,180.75,59766600,180.962,208718
2013-12-11,180.81,180.85,178.5,178.72,104556200,179.43,350120
2013-12-12,178.62,178.86,177.76,178.13,94517200,178.364,317607
2013-12-13,178.5,178.66,177.77,178.11,79885300,178.191,252854
2013-12-16,178.94,179.81,178.9,179.22,71908900,179.376,233829
2013-12-17,179.36,179.41,178.25,178.65,66442300,178.737,233563
2013-12-18,178.92,181.73,177.32,181.7,188064300,179.79,577100
2013-12-19,181.19,181.7,180.71,181.49,92767000,181.326,312130
2013-12-20,180.67,181.99,180.66,181.56,113135800,181.57,322422
2013-12-23,182.27,182.64,182.15,182.53,50797200,182.41,191797
2013-12-24,182.54,183.01,182.53,182.93,30887200,182.808,101613
2013-12-26,183.33,183.96,183.32,183.85,47908700,183.665,171062
2013-12-27,184.1,184.18,183.66,183.84,46427700,183.886,160785
2013-12-30,183.86,184.02,183.58,183.82,41482100,183.738,165308
2013-12-31,184.07,184.69,183.93,184.69,64040900,184.314,203331
2014-01-02,183.98,184.07,182.48,182.92,86353000,183.211,309980
2014-01-03,183.21,183.6,182.63,182.88,63426800,183.126,218382
2014-01-06,183.47,183.56,182.08,182.36,71935900,182.651,236228
2014-01-07,183.09,183.79,182.95,183.48,64709200,183.454,205017
2014-01-08,183.45,183.83,182.89,183.52,74855300,183.436,238361
2014-01-09,184.1,184.14,182.8,183.64,69280600,183.443,223469
2014-01-10,183.97,184.22,183.01,184.14,72080800,183.613,222507
2014-01-13,183.71,184.18,181.34,181.69,107474500,182.599,310008
2014-01-14,182.28,183.77,181.95,183.67,78311400,183.049,238749
2014-01-15,184.1,184.94,184.01,184.66,70600500,184.558,209631
2014-01-16,184.26,184.5,183.83,184.42,52603400,184.231,166278
2014-01-17,184.1,184.45,183.32,183.63,69283300,183.904,203834
2014-01-21,184.7,184.77,183.05,184.18,68495900,183.93,215082
2014-01-22,184.49,184.57,183.91,184.3,50689000,184.279,164373
2014-01-23,183.36,183.4,181.82,182.79,94212900,182.54,298910
2014-01-24,181.6,181.66,178.87,178.89,158940600,180.213,486481
2014-01-27,179.06,179.52,177.12,178.01,152031000,178.441,500780
2014-01-28,178.16,179.3,178.12,179.07,81308200,178.871,283067
2014-01-29,177.56,178.55,176.88,177.35,163114400,177.752,527067
2014-01-30,178.86,179.81,178.26,179.23,90598300,179.143,304241
2014-01-31,177.02,179.29,176.92,178.18,137129100,178.185,404336
2014-02-03,177.95,178.37,173.83,174.17,208403200,175.39,662676
2014-02-04,174.96,175.84,174.34,175.38,132457100,175.2,411689
2014-02-05,174.79,175.56,173.71,175.17,131050400,174.848,398703
2014-02-06,175.58,177.48,175.22,177.48,92402300,176.892,290536
2014-02-07,178.31,179.87,177.73,179.68,120047200,178.873,356494
2014-02-10,179.7,180.07,179.21,180.01,59317700,179.684,193723
2014-02-11,180.16,182.44,180.06,181.98,95258100,181.43,291727
2014-02-12,182.22,182.83,181.71,182.07,79323000,182.18,241645
2014-02-13,180.85,183.2,180.83,183.01,81531100,182.437,248531
2014-02-14,182.84,184.36,182.62,184.02,68875100,183.679,200039
2014-02-18,184.19,184.49,183.65,184.24,57636500,184.236,182434
2014-02-19,183.76,184.95,182.87,183.02,95942700,183.956,294157
2014-02-20,183.27,184.52,182.6,184.1,79226000,183.815,243589
2014-02-21,184.49,184.89,183.8,183.89,73272500,184.39,222098
2014-02-24,184.28,186.15,184.2,184.91,86037800,185.475,264343
2014-02-25,185.03,185.59,184.23,184.84,90239000,184.878,270291
2014-02-26,185.12,185.6,184.33,184.85,79359500,184.987,262278
2014-02-27,184.58,185.84,184.37,185.82,75435000,185.237,238104
2014-02-28,185.78,187.15,185.05,186.29,118779200,186.31,356679
2014-03-03,184.69,185.45,183.75,184.98,130514300,184.68,438565
2014-03-04,186.75,187.98,186.75,187.58,139060700,187.433,406002
2014-03-05,187.72,188.07,187.45,187.75,65177900,187.735,217846
2014-03-06,188.21,188.61,187.89,188.18,68031700,188.296,211309
2014-03-07,188.86,188.96,187.43,188.26,89535300,188.072,281212
2014-03-10,187.94,188.23,187.08,188.16,62999400,187.739,197467
2014-03-11,188.44,188.71,186.8,187.23,83373100,187.653,259419
2014-03-12,186.31,187.35,185.9,187.28,86962700,186.772,251842
2014-03-13,187.84,187.99,184.66,185.18,128532100,185.932,413290
2014-03-14,184.79,185.8,184.44,184.66,125025000,185.09,397164
2014-03-17,185.59,186.77,185.51,186.33,82509400,186.302,276705
2014-03-18,186.7,187.91,186.51,187.66,76974900,187.453,266011
2014-03-19,187.7,187.94,185.47,186.66,112210100,187.062,366842
2014-03-20,186.25,187.89,185.92,187.75,88031100,187.199,285935
2014-03-21,187.72,188.17,186.03,186.2,116109400,187.161,345326
2014-03-24,186.81,187.07,184.62,185.43,105765700,185.469,372124
2014-03-25,186.37,186.94,185.27,186.31,89727500,186.199,320742
2014-03-26,187.03,187.34,184.95,184.97,96606900,186.212,330870
2014-03-27,184.77,185.34,183.9,184.58,115830300,184.611,388282
2014-03-28,185.11,186.42,185.0,185.49,80410500,185.731,261377
2014-03-31,186.65,187.3,186.47,187.01,77503200,186.948,264930
2014-04-01,187.62,188.36,187.45,188.25,68632900,187.897,216957
2014-04-02,188.5,189.13,188.14,188.88,64160400,188.651,218141
2014-04-03,189.17,189.22,188.05,188.63,63506800,188.642,223799
2014-04-04,189.64,189.7,186.1,186.4,136844500,187.685,453869
2014-04-07,185.9,186.26,183.96,184.34,118026000,184.938,394752
2014-04-08,184.21,185.4,183.59,185.1,96884400,184.706,316600
2014-04-09,185.6,187.15,185.06,187.09,81221400,186.134,267570
2014-04-10,187.09,187.17,182.93,183.16,136988900,184.693,452092
2014-04-11,182.17,183.42,181.31,181.51,139801000,182.25,464329
2014-04-14,182.93,183.37,181.44,182.94,102540500,182.622,343901
2014-04-15,183.32,184.33,181.51,184.2,136326300,183.127,473409
2014-04-16,185.47,186.14,184.65,186.13,80322600,185.401,276186
2014-04-17,185.88,186.91,185.56,186.39,74646300,186.323,249546
2014-04-21,186.44,187.1,186.21,187.04,50099100,186.789,167475
2014-04-22,187.23,188.4,187.13,187.89,68727200,187.927,229631
2014-04-23,187.81,187.92,187.3,187.45,58550600,187.592,202662
2014-04-24,188.37,188.39,186.93,187.83,74294300,187.733,251929
2014-04-25,187.21,187.33,185.87,186.29,81982100,186.512,271992
2014-04-28,187.05,187.69,184.96,186.88,111979400,186.484,359800
2014-04-29,187.48,188.04,187.08,187.75,67527600,187.692,233570
2014-04-30,187.44,188.5,187.18,188.31,81688700,187.897,272400
2014-05-01,188.22,188.84,187.73,188.33,75502100,188.292,247472
2014-05-02,188.31,189.14,187.78,188.06,74179300,188.383,265630
2014-05-05,187.14,188.55,186.62,188.42,59209500,187.834,195886
2014-05-06,188.0,188.13,186.74,186.78,61495600,187.373,213705
2014-05-07,187.43,187.97,186.01,187.88,89899200,187.17,295693
2014-05-08,187.67,189.05,187.08,187.68,84014700,188.161,294012
2014-05-09,187.69,188.04,186.83,187.96,68908400,187.449,244750
2014-05-12,188.76,189.88,188.75,189.78,62684500,189.465,212071
2014-05-13,190.01,190.42,189.77,189.96,55493400,190.027,191215
2014-05-14,189.79,189.88,188.79,189.06,56924900,189.394,191115
2014-05-15,188.67,188.72,186.48,187.4,126025900,187.254,376839
2014-05-16,187.51,188.13,186.72,188.05,76747700,187.439,235096
2014-05-19,187.69,188.89,187.52,188.74,47843700,188.48,159520
2014-05-20,188.65,188.67,187.07,187.55,85327800,187.856,263289
2014-05-21,188.1,189.22,188.06,189.13,73077400,188.724,233552
2014-05-22,189.18,189.98,188.86,189.59,49949900,189.603,158668
2014-05-23,189.75,190.48,189.68,190.35,46976300,190.19,142636
2014-05-27,191.05,191.58,190.95,191.52,49754500,191.32,157620
2014-05-28,191.52,191.82,191.06,191.38,50955000,191.5,156219
2014-05-29,191.82,192.38,191.33,192.37,50620900,191.92,150200
2014-05-30,192.18,192.8,192.03,192.68,58685400,192.405,153278
2014-06-02,192.95,192.99,191.97,192.9,49991600,192.649,159275
2014-06-03,192.4,192.9,192.25,192.8,43801100,192.622,133553
2014-06-04,192.46,193.3,192.27,193.19,39549000,192.966,127481
2014-06-05,193.41,194.65,192.7,194.45,69232300,193.886,211547
2014-06-06,194.87,195.43,194.78,195.38,54637800,195.213,153884
2014-06-09,195.35,196.05,195.17,195.58,51570600,195.583,143571
2014-06-10,195.33,195.6,194.92,195.6,39186200,195.325,116712
2014-06-11,194.9,195.12,194.48,194.92,43887600,194.858,135125
2014-06-12,194.65,194.8,193.11,193.54,73848600,193.879,202755
2014-06-13,193.9,194.32,193.3,194.13,57071500,193.921,159694
2014-06-16,193.89,194.7,193.66,194.29,54056100,194.224,153576
2014-06-17,194.02,194.97,193.81,194.83,55878100,194.569,156478
2014-06-18,194.83,196.37,194.4,196.25,80226100,195.28,228816
2014-06-19,196.43,196.6,195.8,196.48,62685000,196.238,174563
2014-06-20,196.03,196.06,195.7,195.94,63170200,195.881,161298
2014-06-23,195.97,196.05,195.52,195.88,46730200,195.792,134072
2014-06-24,195.53,196.5,194.48,194.7,83615700,195.544,208730
2014-06-25,194.25,195.78,194.25,195.58,65596600,195.17,181581
2014-06-26,195.61,195.63,194.13,195.44,64136600,194.87,171148
2014-06-27,194.98,195.88,194.89,195.82,53208400,195.402,144452
2014-06-30,195.7,196.17,195.53,195.72,52254800,195.824,144318
2014-07-01,196.19,197.63,196.13,197.03,74162800,197.04,211540
2014-07-02,197.05,197.48,196.96,197.23,42194600,197.177,132159
2014-07-03,197.79,198.29,197.64,198.2,36060700,198.016,103499
2014-07-07,197.82,197.98,197.22,197.51,46740500,197.541,142023
2014-07-08,197.15,197.22,195.76,196.24,78904800,196.32,235551
2014-07-09,196.73,197.3,196.31,197.12,61675900,196.834,182229
2014-07-10,195.22,196.86,195.06,196.34,77914700,195.978,228813
2014-07-11,196.21,196.75,195.78,196.61,49129300,196.264,146623
2014-07-14,197.61,197.86,197.44,197.6,42584000,197.646,115148
2014-07-15,197.72,198.1,196.36,197.23,87687200,197.252,234636
2014-07-16,198.11,198.26,197.42,197.96,59724300,197.902,170961
2014-07-17,197.35,198.1,195.43,195.71,113803400,196.79,305505
2014-07-18,196.35,197.91,196.24,197.71,80055900,197.103,213413
2014-07-21,197.09,197.5,196.43,197.34,55714900,197.021,155836
2014-07-22,198.01,198.56,197.87,198.2,47908800,198.268,144017
2014-07-23,198.5,198.85,198.1,198.64,44930000,198.578,138944
2014-07-24,198.84,199.06,198.45,198.65,45449200,198.758,145988
2014-07-25,198.09,198.26,197.33,197.72,62734100,197.768,180844
2014-07-28,197.76,198.09,196.62,197.8,55291300,197.42,159987
2014-07-29,198.17,198.45,196.94,196.95,65516500,197.675,199497
2014-07-30,197.65,197.91,196.16,196.98,86699700,196.957,279976
2014-07-31,195.61,195.78,193.04,193.09,136330400,194.197,402665
2014-08-01,192.57,193.76,191.57,192.5,145693800,192.643,452507
2014-08-04,192.87,194.3,192.05,193.89,74389200,193.156,232950
2014-08-05,193.1,193.6,191.31,192.01,113346400,192.407,345117
2014-08-06,191.11,192.89,191.08,192.07,81213100,192.171,276110
2014-08-07,192.94,193.13,190.55,191.03,103739100,191.663,329960
2014-08-08,191.46,193.37,190.95,193.24,88379900,192.204,283099
2014-08-11,193.97,194.66,193.71,193.8,61947600,194.131,202470
2014-08-12,193.61,194.15,192.94,193.53,60252300,193.512,199313
2014-08-13,194.29,195.06,193.96,194.84,52300200,194.631,169574
2014-08-14,195.17,195.76,194.98,195.76,47471100,195.421,145770
2014-08-15,196.47,196.65,194.31,195.72,114107000,195.472,358819
2014-08-18,196.8,197.45,196.69,197.36,53315400,197.2,167357
2014-08-19,197.83,198.54,197.65,198.39,44675400,198.183,144782
2014-08-20,198.13,199.16,198.08,198.92,58763100,198.645,178347
2014-08-21,199.09,199.76,198.93,199.5,47808200,199.41,142030
2014-08-22,199.33,199.69,198.74,199.19,60144800,199.265,181831
2014-08-25,200.14,200.59,199.86,200.2,44914100,200.192,129832
2014-08-26,200.33,200.82,200.28,200.33,36627000,200.507,113179
2014-08-27,200.44,200.57,199.94,200.25,35303800,200.271,104315
2014-08-28,199.59,200.27,199.39,200.14,41119000,199.907,133915
2014-08-29,200.45,200.73,199.82,200.71,47415800,200.406,143874
2014-09-02,200.97,201.0,199.86,200.61,53464500,200.467,170225
2014-09-03,201.39,201.41,200.22,200.5,45219400,200.775,147360
2014-09-04,200.84,201.58,199.66,200.21,64455600,200.704,194817
2014-09-05,200.16,201.19,199.41,201.11,66461900,200.401,206837
2014-09-08,200.92,201.21,200.0,200.59,50827100,200.621,156377
2014-09-09,200.41,200.55,198.91,199.32,71330300,199.754,212436
2014-09-10,199.43,200.2,198.77,200.07,57976400,199.549,181179
2014-09-11,199.27,200.33,199.12,200.3,55325300,199.803,171510
2014-09-12,200.1,200.12,198.56,199.13,79673000,199.267,236480
2014-09-15,199.16,199.32,198.38,198.98,55293600,198.837,192840
2014-09-16,198.61,200.84,198.5,200.48,79098700,199.992,247810
2014-09-17,200.77,201.68,199.75,200.75,111440400,200.804,332285
2014-09-18,201.36,201.85,201.1,201.82,61565700,201.566,195423
2014-09-19,201.52,201.73,200.29,200.7,82611700,201.028,237823
2014-09-22,200.35,200.38,198.73,199.15,90650500,199.303,270077
2014-09-23,198.43,199.26,197.95,198.01,83377500,198.592,230383
2014-09-24,198.05,199.69,197.52,199.56,79160100,198.719,226696
2014-09-25,199.04,199.05,196.32,196.34,120034800,197.136,362411
2014-09-26,196.69,198.39,196.42,197.9,83132600,197.292,249213
2014-09-29,196.2,197.89,196.05,197.54,72984200,197.12,235739
2014-09-30,197.69,198.3,196.61,197.02,94029400,197.369,296806
2014-10-01,196.7,196.77,193.91,194.35,150358400,195.111,465971
2014-10-02,194.17,195.06,192.35,194.38,136349900,193.931,437535
2014-10-03,195.68,196.94,195.08,196.52,92882600,196.284,286412
2014-10-06,197.34,197.6,195.58,196.29,87953600,196.555,293587
2014-10-07,195.28,195.72,193.25,193.26,107932100,194.583,354319
2014-10-08,193.38,196.92,192.36,196.64,157954000,194.564,506633
2014-10-09,196.33,196.6,192.58,192.74,170171500,194.102,567755
2014-10-10,192.69,193.65,190.51,190.54,180476500,192.11,625627
2014-10-13,190.46,191.15,187.3,187.41,185919300,189.589,644284
2014-10-14,188.42,189.82,187.04,187.7,178003400,188.371,623498
2014-10-15,185.16,186.88,181.92,186.43,300660900,184.719,1048363
2014-10-16,183.06,187.58,182.89,186.27,211640500,185.682,772857
2014-10-17,188.42,189.75,187.62,188.47,168779600,188.675,564465
2014-10-20,188.13,190.45,188.07,190.3,91779800,189.395,325930
2014-10-21,191.68,194.2,191.48,194.07,128299000,193.027,408481
2014-10-22,194.41,194.91,192.61,192.69,121478500,193.79,405618
2014-10-23,194.62,196.2,194.26,194.93,121586200,195.204,406061
2014-10-24,195.22,196.49,194.49,196.43,95134700,195.691,324887
2014-10-27,195.73,196.45,195.03,196.16,70408600,195.834,255842
2014-10-28,196.82,198.42,196.73,198.41,84749100,197.491,273138
2014-10-29,198.55,199.12,196.8,198.11,121077600,198.025,414747
2014-10-30,197.58,199.95,197.4,199.38,92648500,198.73,311186
2014-10-31,201.78,201.82,200.77,201.66,102585700,201.337,325548
2014-11-03,201.92,202.45,201.31,201.77,77221000,201.83,273705
2014-11-04,201.23,201.6,200.06,201.07,76001500,200.945,256027
2014-11-05,202.53,202.59,201.45,202.34,73234400,202.049,247403
2014-11-06,202.39,203.26,201.64,203.15,65261700,202.601,225111
2014-11-07,203.18,203.6,202.61,203.34,64931100,203.143,203748
2014-11-10,203.38,204.04,203.13,203.98,52717800,203.67,173732
2014-11-11,204.06,204.31,203.65,204.18,42570300,203.966,134829
2014-11-12,203.35,204.24,203.31,203.96,54715500,203.864,168836
2014-11-13,204.17,204.83,203.21,204.19,72285900,204.077,239683
2014-11-14,204.1,204.49,203.72,204.24,56196700,204.117,189312
2014-11-17,203.85,204.58,203.65,204.37,55289400,204.186,185432
2014-11-18,204.44,205.92,204.44,205.55,59327700,205.374,183243
2014-11-19,205.31,205.55,204.3,205.22,66374200,204.936,220257
2014-11-20,204.26,205.71,204.18,205.58,58442800,205.274,179179
2014-11-21,207.64,207.72,205.98,206.68,83469400,206.825,250378
2014-11-24,207.17,207.39,206.91,207.26,48010100,207.147,156609
2014-11-25,207.53,207.79,206.8,207.11,56589000,207.272,176085
2014-11-26,207.29,207.76,207.03,207.64,41131900,207.381,136606
2014-11-28,207.49,207.87,206.91,207.2,38666400,207.413,120846
2014-12-01,206.39,206.54,205.38,205.76,81985800,205.923,270444
2014-12-02,205.81,207.34,205.79,207.09,61519800,206.722,191462
2014-12-03,207.3,208.15,207.1,207.89,51863400,207.659,170875
2014-12-04,207.54,208.27,206.7,207.66,73447300,207.53,221016
2014-12-05,207.87,208.47,207.55,208.0,64453900,208.03,182466
2014-12-08,207.52,208.12,205.93,206.61,79432000,207.027,258347
2014-12-09,204.37,206.6,203.91,206.47,100162200,205.216,319368
2014-12-10,205.91,205.98,202.93,203.16,127645700,204.273,403090
2014-12-11,203.89,206.19,203.71,204.19,121396400,205.123,388331
2014-12-12,202.64,203.82,200.85,200.89,149388200,202.394,460944
2014-12-15,201.98,202.53,198.78,199.51,167419200,200.385,574662
2014-12-16,198.57,202.4,197.86,197.91,183960800,199.907,632385
2014-12-17,198.45,202.34,198.29,201.79,187776200,200.416,619133
2014-12-18,204.74,212.97,203.92,206.78,181772400,205.268,517236
2014-12-19,206.43,207.33,205.62,206.52,141250100,206.416,442372
2014-12-22,206.74,207.47,206.46,207.47,87911400,206.932,283375
2014-12-23,208.17,208.23,207.51,207.75,73495200,207.94,240631
2014-12-24,208.02,208.34,207.72,207.77,31943400,208.127,115601
2014-12-26,208.3,208.85,208.25,208.44,40342100,208.614,132562
2014-12-29,208.22,208.97,208.14,208.72,52187400,208.734,186594
2014-12-30,208.21,208.37,207.51,207.6,55342100,207.932,196844
2014-12-31,208.0,208.19,205.39,205.54,90990500,206.87,302894
2015-01-02,206.38,206.88,204.18,205.43,93319000,205.38,334180
2015-01-05,204.17,204.37,201.35,201.72,131084800,202.398,442693
2015-01-06,202.09,202.72,198.85,199.82,164934000,200.593,570317
2015-01-07,201.42,202.72,200.88,202.31,101882100,201.895,381558
2015-01-08,204.0,206.16,203.99,205.9,110983700,205.448,358005
2015-01-09,206.4,206.42,203.51,204.25,122540700,204.557,407448
2015-01-12,204.41,204.6,201.92,202.65,102869600,202.715,351350
2015-01-13,204.12,205.48,200.51,202.08,163309200,202.868,543980
2015-01-14,199.65,201.1,198.57,200.86,147294700,200.116,526257
2015-01-15,201.63,202.01,198.88,199.02,130011800,199.988,494660
2015-01-16,198.77,201.82,198.55,201.63,134982400,200.28,446713
2015-01-20,202.4,202.72,200.17,202.06,98721600,201.381,362203
2015-01-21,201.5,203.66,200.94,203.08,105124300,202.578,356094
2015-01-22,203.99,206.26,202.33,206.1,123250200,204.647,374282
2015-01-23,205.79,206.1,204.81,204.97,89542900,205.515,325895
2015-01-26,204.71,205.56,203.85,205.45,70419900,204.894,267403
2015-01-27,202.97,204.12,201.74,202.74,108344400,202.923,418338
2015-01-28,204.17,204.29,199.91,200.14,125881500,202.211,478561
2015-01-29,200.38,202.3,198.68,201.99,129449400,200.25,491843
2015-01-30,200.57,202.17,199.13,199.45,142236100,200.574,522068
2015-02-02,200.06,202.03,197.86,201.92,131442400,199.825,499885
2015-02-03,203.0,204.85,202.55,204.84,103520400,203.754,362164
2015-02-04,203.92,205.38,203.51,204.06,105915600,204.364,348424
2015-02-05,204.86,206.3,204.77,206.12,77856500,205.698,260728
2015-02-06,206.56,207.24,204.92,205.55,96465600,206.222,336912
2015-02-09,204.77,205.64,204.13,204.63,65940100,204.977,259100
2015-02-10,205.88,207.12,204.82,206.81,71622200,206.027,266546
2015-02-11,206.61,207.45,205.83,206.93,71559400,206.666,266046
2015-02-12,207.89,208.99,207.68,208.92,76676500,208.445,260669
2015-02-13,209.07,209.84,208.76,209.78,70793100,209.371,237048
2015-02-17,209.4,210.32,209.1,210.11,59772400,209.777,217624
2015-02-18,209.66,210.22,209.34,210.13,61834100,209.805,204685
2015-02-19,209.41,210.42,209.24,209.98,66874200,209.915,211462
2015-02-20,209.48,211.33,208.73,211.24,101871400,210.225,312585
2015-02-23,210.95,211.21,210.48,211.21,49574400,210.859,161154
2015-02-24,211.12,212.05,210.76,211.81,59623400,211.537,202313
2015-02-25,211.66,212.24,211.22,211.63,60232100,211.667,186921
2015-02-26,211.52,211.71,210.65,211.38,57609200,211.289,194460
2015-02-27,211.26,211.58,210.64,210.66,70278200,211.086,219026
2015-03-02,210.78,212.06,210.72,211.99,66648800,211.571,200255
2015-03-03,211.47,211.59,210.08,211.12,82530700,210.888,243904
2015-03-04,210.4,210.49,209.06,210.23,82381400,209.927,255572
2015-03-05,210.62,210.8,209.85,210.46,60351300,210.443,189116
2015-03-06,209.42,209.94,207.1,207.5,117981200,208.248,378246
2015-03-09,207.74,208.79,207.58,208.36,69583600,208.224,215313
2015-03-10,206.71,206.81,204.97,204.98,109393800,205.743,354964
2015-03-11,205.29,205.5,204.4,204.5,86479700,204.956,277719
2015-03-12,205.26,207.18,205.2,207.1,74672700,206.502,242207
2015-03-13,206.78,206.93,204.58,205.83,112303400,205.514,382901
2015-03-16,206.71,208.69,206.68,208.58,91676700,207.993,264323
2015-03-17,207.69,208.42,206.98,207.96,76790500,207.75,243099
2015-03-18,207.37,211.27,206.62,210.46,166937900,209.219,579008
2015-03-19,209.96,210.29,209.03,209.5,83840600,209.59,290590
2015-03-20,209.7,211.02,209.61,210.41,101841300,210.447,304298
2015-03-23,210.42,211.11,210.0,210.0,47166400,210.664,175020
2015-03-24,209.85,210.4,208.74,208.82,59436400,209.544,216607
2015-03-25,209.07,209.35,205.71,205.76,123026900,207.141,384219
2015-03-26,204.96,206.37,204.12,205.27,114292600,205.289,366906
2015-03-27,205.14,205.95,204.9,205.74,89917500,205.567,275908
2015-03-30,206.98,208.61,206.96,208.25,69842700,208.037,237138
2015-03-31,207.26,208.1,206.36,206.43,91415400,207.162,270854
2015-04-01,206.39,206.42,204.51,205.7,105523400,205.384,363885
2015-04-02,205.62,206.98,205.4,206.44,70264100,206.399,236337
2015-04-06,205.37,208.45,205.21,207.83,78560200,207.518,255691
2015-04-07,207.86,208.76,207.24,207.28,56206100,208.17,197692
2015-04-08,207.55,208.51,207.08,207.97,73982000,207.881,279507
2015-04-09,207.78,209.18,207.19,208.9,66977100,208.257,248430
2015-04-10,209.19,210.09,208.96,210.04,51510900,209.695,176141
2015-04-13,209.87,210.63,209.03,209.09,52783900,209.887,174157
2015-04-14,208.85,209.71,208.1,209.49,57699100,209.068,207567
2015-04-15,210.05,211.04,209.95,210.43,69820900,210.584,227895
2015-04-16,210.03,210.98,209.79,210.37,54833800,210.342,184030
2015-04-17,208.95,209.23,207.01,207.95,125030900,207.975,418481
2015-04-20,209.06,210.25,208.96,209.85,61918000,209.852,219712
2015-04-21,210.67,210.86,209.24,209.6,52728900,209.874,202083
2015-04-22,210.02,210.85,208.9,210.63,61347400,210.122,217682
2015-04-23,210.16,211.94,210.01,211.16,73655800,211.157,255236
2015-04-24,211.66,211.97,211.11,211.65,46806300,211.589,169309
2015-04-27,212.33,212.48,210.54,210.77,62115500,211.433,222992
2015-04-28,210.74,211.5,209.33,211.44,71321800,210.72,275762
2015-04-29,210.37,211.29,209.6,210.57,96609700,210.533,342596
2015-04-30,209.88,210.35,207.62,208.46,112664000,208.972,413109
2015-05-01,209.41,210.77,209.28,210.72,79107600,210.036,275686
2015-05-04,211.23,212.02,211.1,211.32,55380300,211.57,202417
2015-05-05,211.03,211.46,208.73,208.9,90538200,209.751,347596
2015-05-06,209.56,209.93,206.76,208.04,100601500,207.979,392320
2015-05-07,207.92,209.38,207.52,208.87,69419800,208.576,262701
2015-05-08,210.87,211.86,210.78,211.62,92202700,211.48,309496
2015-05-11,211.57,211.89,210.52,210.61,57517600,211.216,227323
2015-05-12,209.61,210.63,208.62,209.98,87410300,209.755,341115
2015-05-13,210.47,211.22,209.74,210.02,66526400,210.299,244432
2015-05-14,211.24,212.32,210.91,212.21,67383100,211.781,215640
2015-05-15,212.44,212.61,211.86,212.44,52175800,212.223,196053
2015-05-18,212.24,213.4,212.16,213.1,50293900,212.846,169547
2015-05-19,213.24,213.57,212.69,213.03,52470600,213.093,180223
2015-05-20,213.15,213.78,212.5,212.88,60306000,213.03,218187
2015-05-21,212.71,213.75,212.51,213.5,53584700,213.332,172295
2015-05-22,213.04,213.54,212.91,212.99,43326700,213.203,148117
2015-05-26,212.4,212.5,210.2,210.7,85211200,210.936,299631
2015-05-27,211.25,212.98,210.85,212.7,74283500,212.251,244318
2015-05-28,212.33,212.59,211.63,212.46,56703700,212.147,204293
2015-05-29,212.38,212.43,210.82,211.14,88172300,211.489,307964
2015-06-01,211.94,212.34,210.62,211.57,76327234,211.561,282001
2015-06-02,211.04,212.19,210.27,211.36,75673778,211.305,259624
2015-06-03,211.98,212.67,211.33,211.92,70586088,211.981,242658
2015-06-04,211.07,211.86,209.75,210.13,106534907,210.457,359161
2015-06-05,209.95,210.58,208.98,209.77,83002659,209.853,287538
2015-06-08,209.64,209.82,208.39,208.48,71519762,209.022,245319
2015-06-09,208.45,209.1,207.69,208.45,78197415,208.474,282102
2015-06-10,209.37,211.41,209.31,210.95,101102542,210.816,314195
2015-06-11,211.5,212.09,211.2,211.63,58287145,211.61,202807
2015-06-12,210.64,210.84,209.68,210.01,83637959,210.138,275296
2015-06-15,208.64,209.45,207.79,209.11,90475226,208.743,316874
2015-06-16,208.93,210.35,208.72,210.25,61057890,209.726,225490
2015-06-17,210.62,211.32,209.36,210.59,96911390,210.531,330641
2015-06-18,211.31,213.34,211.17,212.78,112008996,212.62,360981
2015-06-19,211.46,211.55,210.44,210.5,78931737,211.081,274252
2015-06-22,211.9,212.59,211.64,211.89,57507654,212.051,209416
2015-06-23,212.14,212.44,211.57,212.04,49012390,211.981,169281
2015-06-24,211.72,212.17,210.48,210.5,65769747,211.144,233569
2015-06-25,211.11,211.25,209.77,209.86,63340647,210.492,224065
2015-06-26,210.29,210.58,209.16,209.82,77189281,209.892,250735
2015-06-29,208.04,208.82,205.33,205.42,141671700,206.962,476329
2015-06-30,207.26,207.32,205.28,205.85,127266976,206.265,439945
2015-07-01,207.75,208.03,206.56,207.5,94712789,207.288,306616
2015-07-02,208.07,208.27,206.81,207.31,72178648,207.43,246184
2015-07-06,205.77,207.65,205.53,206.72,90806045,206.478,341367
2015-07-07,206.96,208.17,204.11,208.02,150017886,206.155,535690
2015-07-08,206.42,206.76,204.25,204.53,133334924,205.348,493152
2015-07-09,207.04,207.35,204.88,204.9,107366136,205.988,367047
2015-07-10,207.29,207.98,206.49,207.48,95677917,207.41,324937
2015-07-13,208.99,209.9,208.94,209.77,79006719,209.461,260036
2015-07-14,209.72,211.05,209.65,210.68,64297076,210.542,210948
2015-07-15,210.73,211.28,210.04,210.61,74388088,210.693,238408
2015-07-16,211.87,212.3,211.58,212.3,71767125,211.993,219946
2015-07-17,212.29,212.55,211.8,212.48,61939707,212.164,200925
2015-07-20,212.75,213.18,212.21,212.59,54373230,212.73,181641
2015-07-21,212.43,212.74,211.39,211.75,62674429,211.937,200735
2015-07-22,210.93,211.77,210.89,211.37,71187915,211.282,217996
2015-07-23,211.53,211.65,209.75,210.18,73134782,210.554,249907
2015-07-24,210.3,210.37,207.6,208.0,89744242,208.677,291269
2015-07-27,206.94,207.55,206.26,206.79,98209610,206.771,321123
2015-07-28,207.78,209.5,206.8,209.33,97997914,208.318,308203
2015-07-29,209.48,211.04,209.31,210.77,87885818,210.327,293324
2015-07-30,210.16,211.02,209.42,210.82,70965852,210.426,235749
2015-07-31,211.42,211.45,210.16,210.5,77849055,210.712,247451
2015-08-03,210.46,210.53,208.65,209.79,90371862,209.536,315249
2015-08-04,209.7,210.25,208.8,209.38,70364176,209.531,241949
2015-08-05,210.45,211.31,209.73,210.07,67217983,210.515,244496
2015-08-06,210.29,210.42,207.65,208.35,87630877,208.604,292840
2015-08-07,208.16,208.34,206.87,207.95,87669578,207.572,292053
2015-08-10,209.28,210.67,209.28,210.57,66755771,210.171,230373
2015-08-11,208.98,209.47,207.76,208.67,87922097,208.579,308657
2015-08-12,207.11,209.14,205.36,208.92,136156330,207.147,429970
2015-08-13,208.73,209.55,208.01,208.66,77197796,208.842,241733
2015-08-14,208.45,209.51,208.26,209.42,58555694,209.025,183763
2015-08-17,208.71,210.59,208.16,210.59,67266912,209.678,218160
2015-08-18,210.27,210.68,209.69,209.98,53829266,210.099,187500
2015-08-19,209.1,210.01,207.35,208.32,137796369,208.5,454826
2015-08-20,206.51,207.17,203.91,203.97,146368696,205.472,492143
2015-08-21,201.73,202.92,197.53,197.83,259386697,200.23,885834
2015-08-24,187.33,195.84,182.4,189.55,353822135,191.562,1477119
2015-08-25,195.43,195.45,187.06,187.27,273826859,192.311,1132210
2015-08-26,192.08,194.79,188.37,194.46,255761551,191.239,1082561
2015-08-27,197.02,199.41,195.21,199.27,226787722,197.672,839784
2015-08-28,198.5,199.84,197.92,199.28,111959716,198.802,472360
2015-08-31,198.11,199.13,197.01,197.67,108020882,197.989,403458
2015-09-01,193.12,194.77,190.73,191.77,173955986,192.963,662741
2015-09-02,194.65,195.46,192.42,195.41,121033137,193.821,438763
2015-09-03,196.26,198.05,194.96,195.55,117199589,196.396,419050
2015-09-04,192.85,193.86,191.61,192.59,122018169,192.76,432497
2015-09-08,195.94,197.61,195.17,197.43,92715665,196.39,340353
2015-09-09,199.34,199.47,194.35,194.79,110639557,196.892,406121
2015-09-10,194.54,197.22,194.25,195.85,120040185,195.626,406616
2015-09-11,195.38,196.77,194.53,196.74,82020134,195.673,287553
2015-09-14,196.97,197.01,195.43,196.01,56856167,195.957,209124
2015-09-15,196.6,198.99,196.09,198.46,80712145,197.911,278216
2015-09-16,198.82,200.41,198.41,200.18,73930161,199.573,260189
2015-09-17,200.02,202.89,199.28,199.73,194008406,200.688,632455
2015-09-18,195.7,197.56,194.96,195.45,145482216,196.153,496305
2015-09-21,196.44,197.68,195.21,196.46,82723603,196.488,326244
2015-09-22,193.88,194.46,192.56,193.91,105335035,193.496,414479
2015-09-23,194.11,194.67,192.91,193.6,72994102,193.71,290581
2015-09-24,192.15,193.45,190.56,192.9,131892631,191.927,451274
2015-09-25,194.64,195.0,191.81,192.85,122360793,193.653,438330
2015-09-28,191.78,191.91,187.64,188.01,138210704,189.21,499508
2015-09-29,188.26,189.74,186.93,188.12,132883837,188.25,498081
2015-09-30,190.37,191.83,189.44,191.63,123349399,190.894,449634
2015-10-01,192.08,192.49,189.82,192.13,109999808,191.173,413073
2015-10-02,189.77,195.0,189.12,195.0,155626796,192.029,548870
2015-10-05,196.46,198.74,196.33,198.47,109396833,197.761,363571
2015-10-06,198.31,198.98,197.0,197.79,88716656,197.912,339288
2015-10-07,198.9,199.83,197.48,199.41,106302444,198.755,372055
2015-10-08,198.95,201.55,198.59,201.21,125998639,199.981,411070
2015-10-09,201.37,201.9,200.58,201.33,74424197,201.291,259862
2015-10-12,201.42,201.76,200.91,201.52,42032919,201.374,159161
2015-10-13,200.65,202.16,200.05,200.25,72077283,201.033,268186
2015-10-14,200.18,200.87,198.94,199.29,82856686,199.728,288842
2015-10-15,200.08,202.35,199.64,202.35,95987113,201.083,341636
2015-10-16,202.83,203.29,201.92,203.27,79272775,202.707,262396
2015-10-19,202.5,203.37,202.13,203.37,61257529,202.876,213887
2015-10-20,202.85,203.84,202.54,203.09,60081645,203.115,212960
2015-10-21,203.61,203.79,201.65,201.85,83703839,202.737,287881
2015-10-22,202.98,205.51,202.81,205.26,121670959,204.615,390102
2015-10-23,207.25,207.95,206.3,207.51,103135843,207.235,342406
2015-10-26,207.3,207.37,206.56,207.0,51484803,207.029,182251
2015-10-27,206.2,207.0,205.79,206.6,62899472,206.324,224431
2015-10-28,206.97,208.97,206.21,208.95,115480988,207.639,359985
2015-10-29,208.34,209.27,208.21,208.83,64052955,208.719,226940
2015-10-30,209.06,209.44,207.83,207.93,91064404,208.705,292001
2015-11-02,208.32,210.62,208.17,210.39,70110547,209.601,220922
2015-11-03,209.97,211.66,209.7,211.0,69592217,210.763,242972
2015-11-04,211.35,211.5,209.72,210.36,75445431,210.461,270727
2015-11-05,210.43,210.98,209.09,210.15,63371991,210.009,231345
2015-11-06,209.74,210.32,208.46,210.04,87622905,209.434,311689
2015-11-09,209.31,209.49,206.95,208.08,96627592,207.963,333310
2015-11-10,207.5,208.6,207.19,208.56,60954178,207.952,230263
2015-11-11,208.88,208.94,207.66,207.74,58689076,208.214,223680
2015-11-12,206.5,207.06,204.82,204.84,95299175,205.989,318562
2015-11-13,204.35,204.67,202.43,202.54,120335951,203.362,410787
2015-11-16,202.32,205.64,202.18,205.62,90592338,203.962,342135
2015-11-17,205.99,207.04,204.88,205.47,100519237,205.889,354263
2015-11-18,206.04,208.9,205.99,208.73,94448031,207.394,327301
2015-11-19,208.59,209.05,208.2,208.55,62018401,208.639,230772
2015-11-20,209.45,210.12,208.86,209.31,67027713,209.524,244195
2015-11-23,209.38,209.98,208.52,209.07,54738008,209.338,206824
2015-11-24,207.87,209.83,207.41,209.35,81748691,208.803,285418
2015-11-25,209.5,209.74,209.01,209.32,42760518,209.481,169968
2015-11-27,209.43,209.8,208.86,209.56,27557173,209.428,101931
2015-11-30,209.75,209.89,208.56,208.69,78991545,209.04,267701
2015-12-01,209.44,210.82,209.11,210.68,80426519,209.973,287211
2015-12-02,210.61,211.0,208.23,208.53,88379373,209.489,309669
2015-12-03,208.83,209.15,204.75,205.61,125711864,206.585,451145
2015-12-04,206.08,209.97,205.93,209.62,138260765,208.567,464067
2015-12-07,209.22,209.25,207.2,208.35,80572379,208.073,311757
2015-12-08,206.48,208.04,205.78,206.95,85182207,206.885,322582
2015-12-09,206.19,208.68,204.18,205.34,130282422,206.001,492485
2015-12-10,205.44,207.43,205.14,205.87,87012644,206.221,332863
2015-12-11,203.36,204.14,201.51,201.88,153424767,202.686,556018
2015-12-14,202.07,203.05,199.95,202.9,147054185,201.647,601407
2015-12-15,204.7,206.11,202.86,205.03,113374768,205.334,408503
2015-12-16,206.37,208.39,204.8,208.03,145601696,206.66,555648
2015-12-17,208.4,208.48,204.84,204.86,123906600,206.359,469424
2015-12-18,202.75,202.93,199.95,200.02,172261942,201.435,695009
2015-12-21,201.43,201.88,200.09,201.67,80957845,201.033,310510
2015-12-22,202.72,203.85,201.55,203.5,84530393,202.798,316954
2015-12-23,204.71,206.07,204.58,206.02,79878686,205.412,293860
2015-12-24,205.72,206.33,205.42,205.68,31975061,205.873,130006
2015-12-28,204.86,205.26,203.94,205.21,50365046,204.699,218569
2015-12-29,206.51,207.79,206.47,207.4,63679628,207.256,245862
2015-12-30,207.11,207.21,205.76,205.93,45511770,206.597,193437
2015-12-31,205.13,205.89,203.87,203.87,78733988,204.814,315374
2016-01-04,200.5,201.03,198.59,201.02,151558064,199.712,547301
2016-01-05,201.4,201.9,200.05,201.36,90100834,201.075,342989
2016-01-06,198.34,200.06,197.6,198.82,118917648,198.841,453793
2016-01-07,195.33,197.44,193.59,194.05,174183242,195.224,660994
2016-01-08,195.19,195.85,191.58,191.93,157703921,193.724,622836
2016-01-11,193.01,193.41,189.82,192.11,149915591,191.648,589441
2016-01-12,193.82,194.55,191.14,193.66,139522550,192.848,533801
2016-01-13,194.45,194.86,188.38,188.83,183466041,191.071,679434
2016-01-14,189.56,193.26,187.66,191.93,186907832,190.91,694632
2016-01-15,186.77,188.76,185.52,187.81,240841028,187.384,933868
2016-01-19,189.96,190.11,186.2,188.06,151432268,188.317,588172
2016-01-20,185.03,187.5,181.02,185.65,245668826,184.004,930828
2016-01-21,186.21,188.87,184.64,186.69,154915662,187.033,665259
2016-01-22,189.78,190.76,188.88,190.52,132419551,189.932,512834
2016-01-25,189.93,190.15,187.41,187.64,99220305,189.012,400206
2016-01-26,188.42,190.53,188.02,190.2,115313355,189.655,409321
2016-01-27,189.58,191.56,187.06,188.13,157117414,189.317,604493
2016-01-28,189.96,190.2,187.16,189.11,118949538,188.954,502164
2016-01-29,190.02,193.75,189.88,193.72,145411223,192.207,527171
2016-02-01,192.53,194.58,191.84,193.65,98332834,193.182,401296
2016-02-02,191.96,191.97,189.54,190.16,128928554,190.697,501663
2016-02-03,191.41,191.78,187.1,191.3,182398341,189.505,758878
2016-02-04,190.71,192.75,189.96,191.6,120427877,191.285,525224
2016-02-05,190.99,191.08,187.2,187.95,141735613,188.626,558999
2016-02-08,185.77,186.12,182.8,185.42,165203327,184.345,654537
2016-02-09,183.37,186.94,183.2,185.43,155563198,185.055,660121
2016-02-10,186.41,188.34,185.12,185.27,125015717,186.683,538532
2016-02-11,182.34,184.1,181.09,182.86,176496672,182.64,735850
2016-02-12,184.98,186.65,183.96,186.63,102758358,185.525,434522
2016-02-16,188.77,189.78,187.63,189.78,89697353,188.973,371416
2016-02-17,191.15,193.32,191.01,192.88,107576134,192.449,445832
2016-02-18,193.2,193.27,191.72,192.09,86054863,192.361,384992
2016-02-19,191.17,192.18,190.45,192.0,79561103,191.515,346689
2016-02-22,193.88,194.95,193.79,194.78,74800771,194.514,300925
2016-02-23,194.0,194.32,192.18,192.32,87931415,193,365258
2016-02-24,190.63,193.53,189.32,193.2,119110441,191.172,490391
2016-02-25,193.73,195.54,192.83,195.54,86360609,194.157,341858
2016-02-26,196.57,196.68,194.9,195.09,94017751,195.747,383347
2016-02-29,195.1,196.23,193.44,193.56,89686326,194.829,355689
2016-03-01,195.0,198.18,194.45,198.11,103620927,196.75,415957
2016-03-02,197.74,199.06,197.25,199.0,77503599,198.137,341448
2016-03-03,198.79,199.8,198.11,199.78,70563778,198.902,310270
2016-03-04,200.01,201.35,199.03,200.43,93257150,200.289,405110
2016-03-07,199.34,201.07,199.25,200.59,73294565,200.156,311231
2016-03-08,199.33,199.92,198.21,198.4,94858774,199.045,415702
2016-03-09,199.36,199.79,198.43,199.38,70054724,199.184,299613
2016-03-10,199.96,201.07,197.38,199.54,124663641,199.057,511614
2016-03-11,201.26,202.81,201.12,202.76,91382999,202.094,358519
2016-03-14,202.16,203.04,201.77,202.5,60547506,202.463,249745
2016-03-15,201.36,202.2,201.05,202.17,63249335,201.659,264409
2016-03-16,201.6,203.82,201.55,203.34,98925348,202.744,399368
2016-03-17,203.24,205.23,202.77,204.63,89066302,204.27,352167
2016-03-18,204.17,204.78,203.8,204.38,94923527,204.366,377260
2016-03-21,204.07,204.94,203.8,204.67,55121416,204.457,237319
2016-03-22,203.76,205.23,203.57,204.56,71729610,204.603,279440
2016-03-23,204.11,204.33,203.01,203.21,67124272,203.664,290566
2016-03-24,202.0,203.16,201.74,203.12,63975239,202.482,254547
2016-03-28,203.61,203.86,202.7,203.24,51054477,203.32,223955
2016-03-29,202.78,205.21,202.4,205.12,78764103,204.07,311559
2016-03-30,206.29,206.87,205.59,206.02,67160952,206.27,282176
2016-03-31,205.91,206.41,205.33,205.52,66645303,205.898,276473
2016-04-01,204.34,207.14,203.98,206.92,82800637,205.923,333840
2016-04-04,206.83,207.07,205.89,206.25,47329510,206.421,204277
2016-04-05,204.67,205.26,203.89,204.19,67894686,204.55,294714
2016-04-06,204.29,206.49,203.98,206.42,75909390,205.342,314592
2016-04-07,205.14,205.56,203.09,203.95,90240651,204.179,349434
2016-04-08,205.34,205.85,203.87,204.5,72436668,204.862,294539
2016-04-11,205.25,206.07,203.91,204.02,65845541,205.019,274692
2016-04-12,204.22,206.25,203.7,205.92,82559799,205.223,323047
2016-04-13,207.0,208.1,206.84,208.0,77593294,207.494,298320
2016-04-14,208.06,208.6,207.6,208.01,52850065,208.092,217819
2016-04-15,208.01,208.11,207.4,207.78,49339952,207.807,207729
2016-04-18,207.13,209.28,207.0,209.24,57240483,208.643,219479
2016-04-19,209.74,210.2,208.94,209.9,67101047,209.678,269849
2016-04-20,209.95,210.92,209.39,210.1,55699861,210.224,217715
2016-04-21,210.12,210.25,208.65,208.97,58075225,209.371,243783
2016-04-22,208.56,209.29,207.91,208.97,65504515,208.645,256338
2016-04-25,208.26,208.62,207.54,208.61,50022102,208.091,208992
2016-04-26,209.04,209.52,208.36,208.92,49336777,208.867,199955
2016-04-27,208.47,209.81,208.05,209.35,65338431,208.959,265708
2016-04-28,208.45,209.76,206.96,207.44,74979972,208.466,305788
2016-04-29,206.72,207.13,205.03,206.33,105904806,205.989,415394
2016-05-02,206.92,208.18,206.41,207.97,52149923,207.294,221053
2016-05-03,206.52,206.8,205.28,206.16,79397652,206.043,326338
2016-05-04,204.99,205.85,204.42,205.01,73747383,205.045,293803
2016-05-05,205.56,205.98,204.47,204.97,58270810,205.137,234521
2016-05-06,204.06,205.77,203.88,205.72,69470460,204.886,283520
2016-05-09,205.57,206.4,205.36,205.89,53888569,205.918,224980
2016-05-10,206.72,208.46,206.64,208.45,55896067,207.743,222793
2016-05-11,207.91,208.54,206.5,206.5,64239291,207.358,250942
2016-05-12,207.29,207.49,205.37,206.56,74951582,206.411,295395
2016-05-13,206.21,206.86,204.38,204.76,79114901,205.581,301403
2016-05-16,204.96,207.34,204.89,206.78,60847734,206.398,243841
2016-05-17,206.46,206.8,204.23,204.85,93793897,205.357,357280
2016-05-18,204.44,206.3,203.63,204.91,106529779,204.884,419790
2016-05-19,204.06,204.54,202.78,204.2,92622709,203.594,379489
2016-05-20,204.92,206.1,204.86,205.49,68885800,205.544,279717
2016-05-23,205.5,205.84,204.98,205.21,45280424,205.432,195836
2016-05-24,206.17,208.24,206.14,207.87,65703675,207.54,260013
2016-05-25,208.67,209.77,208.62,209.28,59681556,209.345,241745
2016-05-26,209.44,209.71,208.97,209.34,41188372,209.326,169066
2016-05-27,209.53,210.24,209.47,210.24,48878450,209.883,199512
2016-05-31,210.55,210.69,209.18,209.84,74321735,209.967,295756
2016-06-01,209.12,210.48,208.89,210.27,57039288,209.802,240419
2016-06-02,209.8,210.91,209.23,210.91,51546006,210.166,212396
2016-06-03,210.25,210.69,208.86,210.28,77282968,209.903,307017
2016-06-06,210.69,211.77,210.51,211.35,52605029,211.255,221193
2016-06-07,211.53,212.34,211.5,211.68,49042160,211.906,194427
2016-06-08,211.83,212.52,211.68,212.37,52096485,212.171,209872
2016-06-09,211.51,212.22,211.19,212.08,54695399,211.668,222221
2016-06-10,210.46,210.86,209.43,210.07,80505173,210.135,313370
2016-06-13,209.36,210.37,208.35,208.45,82155781,209.342,339816
2016-06-14,208.0,208.74,206.91,208.04,102154228,207.69,430899
2016-06-15,208.54,209.36,207.53,207.75,82993959,208.537,339641
2016-06-16,206.73,208.57,205.59,208.37,111547942,207.103,445698
2016-06-17,207.17,207.2,205.75,206.52,86460918,206.554,335589
2016-06-20,208.82,209.61,207.75,207.85,68067744,208.809,306418
2016-06-21,208.29,208.92,207.78,208.44,58575025,208.362,251794
2016-06-22,208.65,209.5,207.93,208.1,74757737,208.636,324701
2016-06-23,209.81,210.85,209.27,210.81,72282078,210.047,291437
2016-06-24,203.63,206.91,202.72,203.13,243539208,204.694,1046130
2016-06-27,201.59,201.6,198.65,199.6,183846802,199.698,791798
2016-06-28,201.5,203.2,201.12,203.2,123612836,202.086,507942
2016-06-29,204.82,206.93,204.72,206.66,107108393,206.008,417726
2016-06-30,207.21,209.54,206.56,209.47,116972308,208.345,446445
2016-07-01,209.36,210.49,209.29,209.92,78984781,209.997,319563
2016-07-05,208.96,209.08,207.71,208.41,84414697,208.33,338701
2016-07-06,207.83,209.8,207.06,209.66,81019066,208.596,337808
2016-07-07,209.87,210.65,208.63,209.53,68073147,209.588,282641
2016-07-08,211.05,212.94,210.77,212.65,89820510,212.098,347785
2016-07-11,213.19,214.07,212.95,213.4,58385635,213.626,224688
2016-07-12,214.52,215.3,214.25,214.95,69764775,214.905,266159
2016-07-13,215.44,215.45,214.35,214.92,62326105,214.91,240286
2016-07-14,216.4,216.67,215.66,216.12,67714587,216.227,249718
2016-07-15,216.78,216.82,215.3,215.83,61845914,215.954,224890
2016-07-18,215.97,216.6,215.67,216.41,38158136,216.326,163289
2016-07-19,215.92,216.23,215.63,216.19,39236669,215.922,157036
2016-07-20,216.75,217.37,216.24,217.09,42881930,217.012,158039
2016-07-21,216.94,217.22,215.75,216.27,51636428,216.505,195583
2016-07-22,216.41,217.3,216.1,217.24,46216015,216.887,175275
2016-07-25,217.0,217.06,215.97,216.65,42875443,216.382,162746
2016-07-26,216.53,217.17,215.76,216.75,56544823,216.474,213218
2016-07-27,217.19,217.27,215.62,216.52,63323659,216.481,237677
2016-07-28,216.28,217.11,215.75,216.77,54279457,216.398,196794
2016-07-29,216.46,217.54,216.13,217.12,60580868,217.052,222172
2016-08-01,217.19,217.65,216.4,216.94,59329540,216.899,226432
2016-08-02,216.65,216.83,214.57,215.55,72796484,215.422,281350
2016-08-03,215.48,216.25,215.13,216.18,41852984,215.797,158459
2016-08-04,216.3,216.78,214.25,216.41,38372335,216.354,158688
2016-08-05,217.21,218.23,217.07,218.18,48585434,217.935,194896
2016-08-08,218.4,218.52,217.74,218.05,33419531,218.057,135258
2016-08-09,218.13,218.76,217.8,218.18,42688744,218.28,159741
2016-08-10,218.3,218.41,217.23,217.64,45610104,217.719,175141
2016-08-11,218.26,218.94,217.95,218.65,48188152,218.628,179015
2016-08-12,218.29,218.71,217.99,218.46,41738139,218.383,152406
2016-08-15,218.9,219.5,218.88,219.09,38941060,219.269,148683
2016-08-16,218.58,218.68,217.96,217.96,46004375,218.332,180917
2016-08-17,218.0,218.53,217.02,218.37,60761552,217.799,232360
2016-08-18,218.33,218.9,218.21,218.86,42850145,218.603,157996
2016-08-19,218.31,218.75,217.74,218.54,52238224,218.368,190881
2016-08-22,218.27,218.8,217.83,218.53,48628907,218.342,187423
2016-08-23,219.25,219.6,218.9,218.97,41980682,219.26,163216
2016-08-24,218.82,218.91,217.36,217.85,50351503,218.209,187228
2016-08-25,217.4,218.19,217.22,217.7,48750122,217.673,172760
2016-08-26,217.92,219.12,216.25,217.29,101652467,217.574,376391
2016-08-29,217.44,218.67,217.4,218.36,48419113,218.282,174887
2016-08-30,218.26,218.59,217.35,218.0,43366791,217.874,175700
2016-08-31,217.61,217.75,216.46,217.38,60857559,217.184,241416
2016-09-01,217.37,217.73,216.03,217.39,71631778,216.934,278630
2016-09-02,218.39,218.87,217.7,218.37,64073411,218.334,239307
2016-09-06,218.7,219.09,217.86,219.03,42651333,218.538,161073
2016-09-07,218.84,219.22,218.3,219.01,46345359,218.826,170565
2016-09-08,218.62,218.94,218.15,218.51,55321372,218.558,203847
2016-09-09,216.96,217.03,213.25,213.28,157885288,215.056,545476
2016-09-12,212.39,216.81,212.31,216.34,132808699,214.965,482173
2016-09-13,214.84,215.15,212.5,213.23,136831489,213.519,535805
2016-09-14,213.29,214.7,212.5,213.15,102337918,213.484,374445
2016-09-15,212.96,215.73,212.75,215.28,97534372,214.595,363806
2016-09-16,213.48,213.69,212.57,213.37,91486798,213.138,328853
2016-09-19,214.13,214.88,213.03,213.41,60843666,213.949,239265
2016-09-20,214.41,214.59,213.38,213.42,46616233,213.951,183975
2016-09-21,214.24,216.03,213.44,215.82,93952778,214.624,358953
2016-09-22,217.0,217.53,216.71,217.18,63837973,217.185,237736
2016-09-23,216.71,216.88,215.88,215.99,52377280,216.378,202708
2016-09-26,215.02,215.23,214.01,214.24,64134417,214.505,248944
2016-09-27,214.05,215.68,213.62,215.57,58508961,215.002,214642
2016-09-28,215.83,216.82,214.71,216.64,66741256,215.839,233672
2016-09-29,216.41,216.87,214.04,214.68,107494612,215.396,416556
2016-09-30,215.65,217.12,215.36,216.3,79393514,216.418,285458
2016-10-03,215.82,216.04,215.04,215.78,55840146,215.548,207692
2016-10-04,215.91,216.17,213.99,214.68,87088383,215.096,321109
2016-10-05,215.41,216.13,215.33,215.63,57366693,215.755,210828
2016-10-06,215.37,216.04,214.73,215.78,49004176,215.486,185019
2016-10-07,216.1,216.3,214.19,215.04,73335441,215.117,266254
2016-10-10,216.15,216.7,215.98,216.16,38008402,216.367,152527
2016-10-11,215.66,215.74,212.58,213.43,97351296,213.815,371885
2016-10-12,213.59,214.32,213.01,213.71,59594936,213.728,226221
2016-10-13,212.16,213.59,211.21,213.01,82701384,212.373,299142
2016-10-14,214.16,214.69,213.03,213.12,71665455,213.727,265277
2016-10-17,213.09,213.39,212.17,212.38,48268582,212.657,195402
2016-10-18,214.26,214.31,213.27,213.71,55643301,213.889,192114
2016-10-19,214.03,214.64,213.6,214.28,47063555,214.247,159890
2016-10-20,213.87,214.53,213.11,213.88,60502435,213.87,214308
2016-10-21,212.95,214.08,212.76,213.98,52458377,213.54,182995
2016-10-24,214.96,215.32,214.48,214.89,42805749,214.921,154496
2016-10-25,214.69,214.98,213.98,214.17,51704113,214.343,191935
2016-10-26,213.21,214.42,212.93,213.74,61693175,213.692,229025
2016-10-27,214.58,214.62,213.08,213.17,60252170,213.599,224668
2016-10-28,213.14,213.93,211.71,212.54,114965359,212.79,399880
2016-10-31,212.93,213.19,212.36,212.55,47327612,212.717,176843
2016-11-01,212.93,212.99,209.6,211.01,95507331,211.079,356117
2016-11-02,210.67,211.1,209.23,209.74,80583448,210.205,320442
2016-11-03,209.99,210.24,208.46,208.78,70957633,209.373,277122
2016-11-04,208.91,209.89,208.38,208.55,79845877,209.14,319729
2016-11-07,211.45,213.19,211.3,213.15,78745469,212.446,292616
2016-11-08,212.7,214.77,212.38,214.11,88031433,213.877,320050
2016-11-09,212.37,217.1,212.34,216.38,200214534,214.977,776665
2016-11-10,217.32,218.31,215.22,216.92,148168902,216.764,583851
2016-11-11,216.11,216.7,215.32,216.42,76988033,216.124,315445
2016-11-14,217.03,217.27,215.72,216.59,79223224,216.471,320259
2016-11-15,217.04,218.28,216.8,218.28,64734582,217.524,260722
2016-11-16,217.56,218.14,217.42,217.87,47942625,217.778,195951
2016-11-17,218.05,219.06,217.92,218.99,53215320,218.662,201884
2016-11-18,219.07,219.27,218.29,218.5,49246579,218.631,183285
2016-11-21,219.17,220.18,219.0,220.15,51964493,219.729,201408
2016-11-22,220.51,220.79,219.73,220.58,51663253,220.337,192505
2016-11-23,219.98,220.76,219.75,220.7,42625530,220.318,171217
2016-11-25,221.1,221.55,221.01,221.52,24425750,221.278,90548
2016-11-28,221.17,221.48,220.36,220.48,52233237,220.879,205859
2016-11-29,220.53,221.44,220.17,220.91,45896419,220.897,174697
2016-11-30,221.63,221.82,220.31,220.38,73936613,221.026,279431
2016-12-01,220.71,220.73,219.15,219.57,64128334,219.86,254716
2016-12-02,219.67,220.25,219.26,219.68,54564756,219.702,216118
2016-12-05,220.65,221.4,220.42,221.0,49535522,220.911,201885
2016-12-06,221.22,221.75,220.66,221.7,43883504,221.228,170550
2016-12-07,221.52,224.67,221.38,224.6,82503622,223.317,301481
2016-12-08,224.58,225.7,224.26,225.15,69979601,224.97,267344
2016-12-09,225.41,226.51,225.37,226.51,59930498,225.963,226257
2016-12-12,226.4,226.96,225.76,226.25,61783330,226.218,242021
2016-12-13,227.01,228.34,227.0,227.76,69707216,227.655,253329
2016-12-14,227.41,228.23,225.36,225.88,103710263,226.843,394234
2016-12-15,226.15,227.81,226.01,226.81,77403557,226.96,306992
2016-12-16,226.01,226.08,224.67,225.04,73809076,225.266,268040
2016-12-19,225.25,226.02,225.08,225.53,49697438,225.536,194178
2016-12-20,226.15,226.57,225.88,226.4,38674493,226.24,156141
2016-12-21,226.25,226.45,225.77,225.77,34923169,226.089,129513
2016-12-22,225.6,225.74,224.92,225.38,36366477,225.297,138049
2016-12-23,225.43,225.72,225.21,225.71,24299567,225.493,94048
2016-12-27,226.02,226.73,226.0,226.27,56318668,226.394,226302
2016-12-28,226.57,226.59,224.27,224.4,42633770,225.038,159172
2016-12-29,224.48,224.89,223.84,224.35,33883977,224.328,133838
2016-12-30,224.73,224.83,222.73,223.53,72735202,223.476,259762
2017-01-03,225.04,225.83,223.88,225.24,65816978,224.728,260249
2017-01-04,225.62,226.75,225.61,226.58,53682773,226.344,215852
2017-01-05,226.27,226.58,225.48,226.4,43631714,226.125,178459
2017-01-06,226.53,227.75,225.9,227.21,53296582,227.162,193399
2017-01-09,226.91,227.08,226.41,226.46,34343772,226.705,129246
2017-01-10,226.48,227.45,226.01,226.46,45365944,226.726,155214
2017-01-11,226.36,227.1,225.59,227.1,60106428,226.451,239442
2017-01-12,226.5,226.75,224.95,226.53,59432700,225.934,241563
2017-01-13,226.73,227.4,226.69,227.05,42883030,227.078,166377
2017-01-17,226.31,226.78,225.8,226.25,44397694,226.301,170013
2017-01-18,226.54,226.8,225.9,226.75,42486523,226.463,166180
2017-01-19,226.84,227.0,225.41,225.91,47426945,226.187,181644
2017-01-20,226.7,227.31,226.05,226.74,68552710,226.657,270743
2017-01-23,226.35,226.81,225.27,226.15,49394839,225.967,196071
2017-01-24,226.4,228.08,226.27,227.6,50073369,227.316,186670
2017-01-25,228.7,229.57,228.51,229.57,55937244,229.146,202799
2017-01-26,229.4,229.71,229.01,229.33,39634631,229.357,150383
2017-01-27,229.42,229.59,228.76,228.97,34691811,228.998,134062
2017-01-30,228.17,228.2,226.41,227.55,62132487,227.172,230716
2017-01-31,226.98,227.6,226.32,227.53,54079958,226.913,196940
2017-02-01,228.25,228.59,226.94,227.62,60059643,227.622,229497
2017-02-02,227.2,228.1,226.82,227.77,51007716,227.51,177164
2017-02-03,228.81,229.55,228.46,229.34,54487203,229.197,193562
2017-02-06,228.87,229.33,228.54,228.93,37438972,228.906,140114
2017-02-07,229.38,229.66,228.72,228.94,36963321,229.165,133970
2017-02-08,228.61,229.39,228.31,229.24,37837099,228.978,139337
2017-02-09,229.56,230.95,229.52,230.6,45521326,230.45,159982
2017-02-10,231.02,231.77,230.88,231.51,44461382,231.343,156491
2017-02-13,232.08,233.07,232.05,232.77,42342102,232.612,152667
2017-02-14,232.56,233.71,232.16,233.7,50850084,233.042,176763
2017-02-15,233.45,235.14,233.39,234.92,61473645,234.39,207121
2017-02-16,234.96,235.16,233.85,234.72,66786200,234.482,241698
2017-02-17,233.95,235.09,233.93,235.09,48329877,234.475,170125
2017-02-21,235.52,236.69,235.51,236.49,52838456,236.271,194467
2017-02-22,236.02,236.54,235.83,236.28,39266269,236.239,147325
2017-02-23,236.88,236.9,235.56,236.44,62442105,236.31,219795
2017-02-24,235.46,236.8,235.41,236.74,57964755,236.095,218630
2017-02-27,236.63,237.31,236.35,237.11,41659147,236.923,167846
2017-02-28,236.67,236.95,236.01,236.47,59059331,236.549,209725
2017-03-01,238.38,240.32,238.37,239.78,79898964,239.573,282373
2017-03-02,239.56,239.57,238.21,238.27,55178748,238.818,199605
2017-03-03,238.17,238.61,237.73,238.42,45071566,238.204,172087
2017-03-06,237.5,238.12,237.01,237.71,38523724,237.589,143937
2017-03-07,237.35,237.77,236.76,237.0,39725885,237.212,152170
2017-03-08,237.32,237.64,236.4,236.56,54523096,237.027,194754
2017-03-09,236.68,237.24,235.74,236.86,58603340,236.659,198702
2017-03-10,237.97,238.02,236.59,237.69,57074557,237.415,193945
2017-03-13,237.62,237.86,237.24,237.81,38759668,237.575,145569
2017-03-14,237.2,237.24,236.19,236.9,45468891,236.734,161758
2017-03-15,237.56,239.44,237.29,238.95,68195824,238.451,244760
2017-03-16,239.11,239.2,238.1,238.48,52399470,238.598,189357
2017-03-17,237.75,237.97,237.03,237.03,50207441,237.501,175835
2017-03-20,237.03,237.36,236.32,236.77,37736302,236.903,137253
2017-03-21,237.47,237.61,233.58,233.73,102884640,234.847,369084
2017-03-22,233.77,234.61,233.05,234.28,70252351,233.914,253635
2017-03-23,233.99,235.34,233.6,234.03,76535584,234.466,277680
2017-03-24,234.38,235.04,232.96,233.86,82182122,234.103,287300
2017-03-27,231.93,233.92,231.61,233.62,67181429,232.951,234451
2017-03-28,233.27,235.81,233.14,235.32,64554450,234.739,221637
2017-03-29,235.01,235.81,234.72,235.54,40664024,235.398,156262
2017-03-30,235.49,236.52,235.27,236.29,40604926,236.124,146954
2017-03-31,235.91,236.51,235.68,235.74,47612101,236.09,168995
2017-04-03,235.8,236.03,233.91,235.33,58628033,235.054,223757
2017-04-04,235.0,235.58,234.55,235.48,43130784,235.197,154764
2017-04-05,236.26,237.39,234.54,234.78,84819699,236.165,301892
2017-04-06,234.95,236.04,234.42,235.44,53572402,235.303,199078
2017-04-07,235.15,236.0,234.64,235.2,53294001,235.332,190578
2017-04-10,235.36,236.26,234.73,235.34,46610548,235.567,172659
2017-04-11,234.87,235.18,233.34,235.06,63952223,234.336,252160
2017-04-12,234.74,234.96,233.77,234.03,55427850,234.265,215435
2017-04-13,233.63,234.49,232.51,232.51,63217705,233.498,248851
2017-04-17,233.11,234.57,232.88,234.57,46820072,233.888,173394
2017-04-18,233.71,234.49,233.08,233.87,52794043,233.839,196935
2017-04-19,234.52,234.95,233.18,233.44,53759309,234.028,202284
2017-04-20,234.15,235.85,233.78,235.34,65462998,235.047,235242
2017-04-21,235.25,235.31,234.13,234.59,54069311,234.791,210848
2017-04-24,237.18,237.41,236.61,237.17,72981989,237.02,241926
2017-04-25,237.91,238.95,237.81,238.55,55752381,238.553,193881
2017-04-26,238.53,239.53,238.35,238.4,57950185,238.934,210503
2017-04-27,238.78,238.95,237.98,238.6,39577760,238.51,151602
2017-04-28,238.9,238.93,237.93,238.08,42264701,238.241,150139
2017-05-01,238.69,239.17,238.19,238.68,38750688,238.74,146469
2017-05-02,238.84,238.98,238.3,238.77,39563850,238.624,146116
2017-05-03,238.32,238.88,237.7,238.48,47293187,238.29,183454
2017-05-04,238.83,238.93,237.78,238.76,46170568,238.509,172051
2017-05-05,239.18,239.72,238.68,239.7,43732944,239.173,165446
2017-05-08,239.76,239.92,239.17,239.66,32087919,239.525,125379
2017-05-09,239.96,240.19,239.04,239.44,39723891,239.697,157914
2017-05-10,239.38,239.87,239.15,239.87,34223011,239.603,125265
2017-05-11,239.35,239.57,238.13,239.38,45435703,238.931,171297
2017-05-12,239.09,239.21,238.67,238.98,35283567,238.941,128560
2017-05-15,239.47,240.44,239.45,240.3,42331120,240.12,159653
2017-05-16,240.62,240.67,239.63,240.08,37206183,240.099,149139
2017-05-17,238.1,238.64,235.75,235.82,118615699,237.092,434946
2017-05-18,235.7,237.75,235.43,236.77,82965499,236.654,303238
2017-05-19,237.33,239.08,237.27,238.31,69369363,238.358,258261
2017-05-22,238.9,239.71,238.82,239.52,37631111,239.314,145856
2017-05-23,239.95,240.24,239.51,240.05,36771635,239.943,135169
2017-05-24,240.32,240.73,239.93,240.61,37424965,240.323,136590
2017-05-25,241.2,242.08,240.96,241.76,45278721,241.661,170403
2017-05-26,241.55,241.9,241.45,241.71,30002081,241.711,111216
2017-05-30,241.33,241.79,241.16,241.5,28437351,241.543,108348
2017-05-31,241.84,241.88,240.64,241.44,59150508,241.2,201091
2017-06-01,241.96,243.36,241.64,243.36,50892668,242.47,192422
2017-06-02,243.41,244.35,243.08,244.17,50298878,243.844,181114
2017-06-05,243.98,244.3,243.76,243.99,27596403,244.061,107736
2017-06-06,243.31,243.98,243.12,243.21,36565391,243.533,131164
2017-06-07,243.6,243.92,242.83,243.66,38602639,243.522,147687
2017-06-08,243.77,244.33,243.17,243.78,48051333,243.698,174513
2017-06-09,244.09,245.01,241.95,243.41,103578275,243.643,372994
2017-06-12,243.14,243.42,242.38,243.36,57096569,242.888,250513
2017-06-13,243.99,244.61,243.57,244.55,43470532,244.191,170877
2017-06-14,244.86,244.87,243.29,244.24,55101548,244.158,229560
2017-06-15,242.68,243.91,242.36,243.77,51519268,243.234,213065
2017-06-16,242.77,242.83,241.63,242.64,48987461,242.266,190139
2017-06-19,243.59,244.73,243.48,244.66,42503652,244.294,168506
2017-06-20,244.25,244.26,242.99,243.01,39206867,243.607,155083
2017-06-21,243.43,243.59,242.41,242.95,42749820,242.986,161023
2017-06-22,242.97,243.53,242.64,242.84,32991335,243.109,127656
2017-06-23,242.91,243.51,242.47,243.13,45792641,243.069,155358
2017-06-26,243.89,244.38,243.04,243.29,43153802,243.598,150153
2017-06-27,243.04,243.38,241.31,241.33,60858314,242.327,232187
2017-06-28,242.5,243.72,242.23,243.49,50077380,243.195,190742
2017-06-29,243.66,243.72,239.95,241.35,87799599,241.659,342428
2017-06-30,242.26,242.71,241.57,241.8,50347409,242.156,198939
2017-07-03,242.91,243.38,242.21,242.21,27272193,242.925,109682
2017-07-05,242.62,243.01,241.7,242.77,41068702,242.492,153034
2017-07-06,241.88,242.03,240.34,240.55,52390061,241.164,199818
2017-07-07,241.21,242.28,241.02,242.11,36833230,241.839,136907
2017-07-10,241.95,242.8,241.76,242.37,27917471,242.412,110471
2017-07-11,242.16,242.55,240.85,242.19,40920266,241.934,149862
2017-07-12,243.3,244.2,243.3,244.01,38804592,243.875,149307
2017-07-13,244.02,244.55,243.76,244.42,29908885,244.284,111468
2017-07-14,244.42,245.97,244.31,245.56,40814165,245.294,147380
2017-07-17,245.47,245.91,245.33,245.53,22399719,245.623,97552
2017-07-18,245.06,245.72,244.67,245.66,31705318,245.276,125455
2017-07-19,246.02,247.0,246.01,246.99,31007738,246.617,120425
2017-07-20,247.28,247.42,246.47,247.1,33660609,247.063,130129
2017-07-21,246.45,246.91,246.18,246.88,38773871,246.576,146069
2017-07-24,246.79,246.98,246.28,246.82,28662084,246.676,107417
2017-07-25,247.68,247.8,247.16,247.42,35713925,247.505,135283
2017-07-26,247.75,247.79,247.13,247.43,34673148,247.502,128989
2017-07-27,247.96,248.0,245.68,247.2,56650544,246.853,213107
2017-07-28,246.65,247.06,246.13,246.91,36164871,246.656,140676
2017-07-31,247.37,247.48,246.53,246.77,36239593,246.958,133454
2017-08-01,247.46,247.5,246.71,247.32,33212059,247.19,121292
2017-08-02,247.48,247.6,246.37,247.44,37142821,247.033,144584
2017-08-03,247.31,247.34,246.64,246.96,29202272,247.031,113631
2017-08-04,247.52,247.79,246.97,247.41,39151671,247.333,144355
2017-08-07,247.49,247.87,247.37,247.87,20901988,247.657,79597
2017-08-08,247.51,248.91,246.83,247.26,44662459,247.796,157589
2017-08-09,246.47,247.31,246.06,247.25,48559652,246.731,180421
2017-08-10,246.28,246.44,243.7,243.76,87927259,244.912,344205
2017-08-11,244.02,244.8,243.75,244.12,56557021,244.256,227194
2017-08-14,245.59,246.79,245.55,246.54,49087348,246.439,187752
2017-08-15,246.98,247.0,246.16,246.51,35283283,246.599,144414
2017-08-16,247.11,247.57,246.45,246.94,45032044,247.033,176076
2017-08-17,246.24,246.6,243.09,243.09,89496311,244.73,360737
2017-08-18,242.9,244.19,242.2,242.71,86285596,243.107,318962
2017-08-21,242.64,243.2,241.83,242.9,47865057,242.663,190596
2017-08-22,243.58,245.62,243.55,245.44,49447846,244.893,185134
2017-08-23,244.35,245.05,244.16,244.56,33791793,244.701,128435
2017-08-24,245.0,245.18,243.75,243.99,40692468,244.32,157034
2017-08-25,244.9,245.61,244.39,244.56,44552100,244.924,173319
2017-08-28,245.13,245.2,244.09,244.57,24828539,244.523,100560
2017-08-29,243.11,245.15,242.93,244.85,40455548,244.255,157425
2017-08-30,244.83,246.32,244.62,246.01,40191260,245.684,159628
2017-08-31,246.73,247.77,246.61,247.49,52610142,247.229,188603
2017-09-01,247.92,248.33,247.67,247.84,39613558,248.043,142603
2017-09-05,247.24,247.52,244.95,246.06,66632508,246.142,261215
2017-09-06,246.84,247.28,246.23,246.9,44579797,246.82,172756
2017-09-07,247.26,247.27,246.4,246.87,38571316,246.774,148618
2017-09-08,246.53,247.11,246.3,246.58,39329087,246.668,151064
2017-09-11,248.04,249.3,248.02,249.21,48788803,248.881,173202
2017-09-12,249.63,250.07,249.42,250.05,42768510,249.782,156064
2017-09-13,249.73,250.21,249.59,250.17,30866205,249.983,118062
2017-09-14,249.79,250.32,249.6,250.09,40844716,250.017,153945
2017-09-15,248.69,249.29,248.57,249.19,41701736,248.989,150393
2017-09-18,249.61,250.12,249.28,249.72,31229800,249.751,128564
2017-09-19,250.0,250.07,249.6,249.97,25489002,249.908,97284
2017-09-20,250.06,250.19,248.92,250.06,42783459,249.746,153050
2017-09-21,249.89,249.98,249.18,249.39,29184735,249.582,108625
2017-09-22,249.05,249.63,249.02,249.44,31078501,249.324,112361
2017-09-25,249.14,249.56,248.08,248.93,42816564,248.792,152044
2017-09-26,249.42,249.7,248.8,249.08,36756968,249.264,140413
2017-09-27,249.88,250.49,248.87,250.05,51453366,249.87,177526
2017-09-28,249.73,250.44,249.63,250.35,25569734,250.124,95568
2017-09-29,250.34,251.32,250.13,251.23,41424191,250.929,140160
2017-10-02,251.49,252.32,251.29,252.32,37463749,251.929,137436
2017-10-03,252.46,252.89,252.23,252.86,33869271,252.554,113256
2017-10-04,252.7,253.44,252.56,253.16,30226129,253.022,105738
2017-10-05,253.51,254.68,253.4,254.66,45348957,254.281,158890
2017-10-06,254.15,254.46,253.85,254.37,40714112,254.167,147994
2017-10-09,254.63,254.7,253.65,253.95,23492495,254.09,90328
2017-10-10,254.62,255.05,253.98,254.62,28249922,254.454,110873
2017-10-11,254.51,255.02,254.32,255.02,24704774,254.734,99869
2017-10-12,254.66,255.06,254.36,254.64,32195950,254.724,114146
2017-10-13,255.14,255.27,254.64,254.95,33555636,255.021,119052
2017-10-16,255.22,255.51,254.82,255.29,25329347,255.176,99413
2017-10-17,255.24,255.52,254.98,255.47,23608878,255.254,94594
2017-10-18,255.9,255.95,255.5,255.72,25173813,255.745,93778
2017-10-19,254.82,255.82,254.35,255.79,41420602,255.179,152785
2017-10-20,256.7,257.14,256.42,257.11,41154891,256.788,154629
2017-10-23,257.48,257.51,256.02,256.11,36347710,256.684,155188
2017-10-24,256.59,256.83,256.15,256.56,44465366,256.504,158212
2017-10-25,256.19,256.31,254.0,255.29,72221036,255.041,256594
2017-10-26,255.99,256.3,255.56,255.62,37724977,255.905,139142
2017-10-27,256.5,257.89,256.16,257.71,49914659,257.291,188706
2017-10-30,257.07,257.6,256.41,256.75,37107800,256.966,144772
2017-10-31,257.18,257.44,256.8,257.15,35713050,257.187,130934
2017-11-01,258.04,258.43,257.07,257.49,40454206,257.775,149971
2017-11-02,257.41,257.75,256.19,257.59,42414271,257.155,177640
2017-11-03,257.78,258.5,257.3,258.45,38007482,258.049,151836
2017-11-06,258.29,259.0,258.22,258.85,22669226,258.728,98226
2017-11-07,258.97,259.35,258.09,258.67,40161246,258.642,135553
2017-11-08,258.46,259.22,258.15,259.11,32193787,258.774,126909
2017-11-09,257.73,258.39,256.36,258.17,75307304,257.594,279178
2017-11-10,257.73,258.21,257.37,258.09,35744128,257.879,138774
2017-11-13,257.32,258.59,257.27,258.33,32425670,258.117,115121
2017-11-14,257.4,257.85,256.52,257.73,40944449,257.448,163582
2017-11-15,256.62,257.22,255.63,256.44,55527073,256.539,206118
2017-11-16,257.52,259.04,257.47,258.62,57927070,258.415,190151
2017-11-17,258.22,258.44,257.77,257.86,42067775,258.111,156636
2017-11-20,258.14,258.53,257.86,258.3,29350110,258.251,121595
2017-11-21,259.18,260.2,259.09,259.99,42318236,259.892,164958
2017-11-22,260.03,260.15,259.57,259.76,27600006,259.859,112817
2017-11-24,260.28,260.48,260.16,260.36,16321290,260.342,64204
2017-11-27,260.41,260.75,260.0,260.23,29726737,260.382,116542
2017-11-28,260.76,262.9,260.65,262.87,57817673,261.887,211152
2017-11-29,263.02,263.63,262.2,262.71,51223571,262.801,201578
2017-11-30,263.76,266.05,263.67,265.01,82842240,264.819,305050
2017-12-01,264.77,265.31,260.76,264.46,129828311,263.541,502131
2017-12-04,266.31,266.8,264.12,264.14,65823137,265.597,270421
2017-12-05,264.43,265.15,263.04,263.19,60164023,264.02,231794
2017-12-06,262.87,263.73,262.71,263.24,40840747,263.257,167635
2017-12-07,263.09,264.43,262.94,264.07,40145397,263.886,156626
2017-12-08,265.01,265.52,264.72,265.51,40960721,265.176,152760
2017-12-11,265.57,266.38,265.49,266.31,38139161,266.009,142110
2017-12-12,266.57,267.32,266.34,266.78,46507136,266.949,155953
2017-12-13,267.06,267.56,266.65,266.75,48965879,267.189,182623
2017-12-14,267.12,267.22,265.6,265.66,57350831,266.351,223947
2017-12-15,265.45,267.04,265.39,266.51,59281733,266.38,215158
2017-12-18,268.08,268.6,267.98,268.2,45671583,268.3,177857
2017-12-19,268.48,268.53,267.09,267.17,46993762,267.618,181884
2017-12-20,268.25,268.33,266.69,267.03,42145689,267.29,163008
2017-12-21,267.73,268.39,267.3,267.58,35004687,267.829,144710
2017-12-22,267.59,267.64,266.9,267.51,36583581,267.356,137933
2017-12-26,267.06,267.39,266.88,267.19,24881278,267.14,110986
2017-12-27,267.36,267.73,267.01,267.32,32569202,267.346,139091
2017-12-28,267.85,267.92,267.45,267.87,23583464,267.655,96306
2017-12-29,268.55,268.55,266.64,266.86,43875696,267.482,158433
2018-01-02,267.84,268.81,267.4,268.77,50845878,268.234,185191
2018-01-03,268.95,270.64,268.95,270.47,52746102,270.064,185881
2018-01-04,271.21,272.16,271.1,271.61,47846114,271.727,164427
2018-01-05,272.5,273.56,271.95,273.42,45775233,272.816,166748
2018-01-08,273.31,274.1,272.98,273.92,33630597,273.712,119538
2018-01-09,274.4,275.25,274.09,274.54,40454991,274.696,142848
2018-01-10,273.69,274.42,272.92,274.12,41645642,273.853,161913
2018-01-11,274.75,276.12,274.56,276.12,39239115,275.446,147441
2018-01-12,276.42,278.11,276.27,277.92,54067380,277.54,186787
2018-01-16,279.35,280.09,276.18,276.97,70262877,278.119,274475
2018-01-17,278.04,280.05,277.19,279.61,62177934,278.935,205053
2018-01-18,279.5,279.96,278.58,279.14,57410528,279.317,198758
2018-01-19,279.8,280.41,279.14,280.41,54911410,279.878,194911
2018-01-22,280.17,282.69,280.11,282.69,47826449,281.625,168192
2018-01-23,282.74,283.62,282.37,283.29,53449528,283.15,181525
2018-01-24,283.99,284.7,281.84,283.18,77465986,283.385,282576
2018-01-25,284.16,284.27,282.4,283.3,51909757,283.347,200478
2018-01-26,284.27,286.58,283.96,286.58,56649898,285.432,197252
2018-01-29,285.97,286.43,284.5,284.68,61346208,285.441,224636
2018-01-30,282.61,283.29,281.22,281.76,85843351,282.159,325174
2018-01-31,282.72,283.3,280.68,281.9,77001395,281.984,287974
2018-02-01,281.04,283.06,280.68,281.58,65091670,281.802,232884
2018-02-02,280.03,280.23,275.41,275.45,122398709,277.482,422756
2018-02-05,273.47,275.85,263.31,263.93,206810224,270.277,799464
2018-02-06,259.99,269.7,258.7,269.13,232217467,264.889,1094293
2018-02-07,268.5,272.36,267.63,267.67,113720754,269.863,561760
2018-02-08,267.97,268.17,257.59,257.63,157478918,262.936,690693
2018-02-09,260.78,263.61,252.92,261.5,207935946,258.275,914462
2018-02-12,263.81,267.01,261.88,265.34,100311611,264.896,475913
2018-02-13,263.94,266.62,263.31,266.0,57230396,265.132,293767
2018-02-14,264.51,270.0,263.97,269.59,87470496,267.86,401505
2018-02-15,271.59,273.03,268.77,273.03,72356603,271.318,325159
2018-02-16,272.31,275.32,272.27,273.11,75262663,273.717,328198
2018-02-20,272.03,273.67,270.5,271.4,55196570,272.176,262863
2018-02-21,271.9,274.72,269.98,270.05,68375684,272.539,302635
2018-02-22,271.09,273.05,269.64,270.4,66211899,271.242,310054
2018-02-23,271.81,274.71,271.25,274.71,55073154,273.124,248433
2018-02-26,275.93,278.01,275.26,277.9,53332320,276.925,211916
2018-02-27,278.11,278.92,274.36,274.43,70688405,276.576,271502
2018-02-28,275.68,276.19,271.31,271.65,81625537,273.999,297778
2018-03-01,270.66,273.17,266.0,267.7,145750003,268.997,490815
2018-03-02,265.8,269.72,264.82,269.08,94881876,267.194,421838
2018-03-05,267.73,272.89,267.61,272.19,66000328,270.945,275122
2018-03-06,273.24,273.39,271.18,272.88,52271377,272.453,209454
2018-03-07,270.44,273.18,270.2,272.78,64048156,271.715,250357
2018-03-08,273.54,274.24,272.42,274.1,48123424,273.37,194416
2018-03-09,275.7,278.87,275.34,278.87,62001586,277.514,251631
2018-03-12,279.2,279.91,278.08,278.52,44157763,278.914,185170
2018-03-13,279.87,280.41,276.03,276.72,59174093,277.983,240817
2018-03-14,277.81,278.02,274.67,275.3,67636142,275.727,280961
2018-03-15,275.88,276.61,274.43,275.0,51158291,275.389,205171
2018-03-16,274.48,275.39,274.16,274.2,43869812,274.757,187360
2018-03-19,273.33,273.38,268.62,270.49,77837551,270.5,325843
2018-03-20,270.93,271.67,270.18,270.95,38399844,270.976,156496
2018-03-21,270.9,273.27,270.19,270.43,59805159,271.517,249203
2018-03-22,267.91,268.87,263.36,263.67,104906671,266.209,439833
2018-03-23,264.16,265.02,257.83,258.05,117320391,261.491,484353
2018-03-26,262.13,265.43,259.41,265.11,88264225,262.67,341333
2018-03-27,266.17,266.77,258.84,260.6,102353681,263.314,411880
2018-03-28,260.75,262.64,258.58,259.83,105854255,260.46,437402
2018-03-29,261.1,265.26,260.28,263.15,82919399,263.039,322898
2018-04-02,262.56,263.13,254.67,257.47,126732874,257.534,475846
2018-04-03,258.87,261.31,256.84,260.77,88856538,259.158,346545
2018-04-04,256.73,264.36,256.6,263.56,95111447,260.698,345908
2018-04-05,265.54,266.64,264.32,265.64,62792481,265.645,239495
2018-04-06,263.42,265.11,258.0,259.72,125855951,261.143,443030
2018-04-09,261.38,264.84,260.54,261.0,68248672,262.704,250777
2018-04-10,264.27,266.04,262.98,265.15,82489168,264.743,316496
2018-04-11,263.48,265.64,263.39,263.76,65643961,264.301,253605
2018-04-12,265.26,267.0,265.06,265.93,56136874,266.163,216886
2018-04-13,267.41,267.54,264.01,265.15,64569900,265.537,238241
2018-04-16,267.0,268.2,266.07,267.33,47118588,267.299,190029
2018-04-17,269.34,270.87,268.75,270.19,43232339,270.006,176391
2018-04-18,270.69,271.3,269.87,270.39,38015484,270.753,148033
2018-04-19,269.65,269.88,267.72,268.89,57749368,268.755,225757
2018-04-20,268.81,269.06,265.61,266.61,59131847,266.95,223857
2018-04-23,267.26,267.89,265.35,266.57,46139819,266.675,180300
2018-04-24,267.72,267.98,261.28,262.98,91933801,264.07,341790
2018-04-25,262.91,264.13,260.85,263.63,69869259,262.584,270739
2018-04-26,264.79,267.25,264.29,266.31,50166227,265.91,197473
2018-04-27,267.02,267.34,265.5,266.56,42746872,266.564,162921
2018-04-30,267.24,267.89,264.43,264.51,54409949,265.867,202661
2018-05-01,263.9,265.1,262.11,264.98,54714174,263.623,219878
2018-05-02,264.76,265.68,262.76,263.2,57554529,264.222,231183
2018-05-03,262.26,263.36,259.05,262.62,100437103,261.36,399714
2018-05-04,261.48,266.79,261.15,266.02,60130999,265.025,248162
2018-05-07,266.9,268.02,266.11,266.92,41665146,267.167,177417
2018-05-08,266.5,267.33,265.15,266.92,49520787,266.322,193630
2018-05-09,267.68,269.87,267.09,269.5,46237682,268.674,186254
2018-05-10,270.35,272.39,270.22,272.02,47191684,271.529,190046
2018-05-11,272.16,273.15,271.58,272.85,39129864,272.411,149986
2018-05-14,273.34,274.08,272.36,272.98,39656736,273.136,148490
2018-05-15,271.56,271.61,270.03,271.1,60564951,270.737,224024
2018-05-16,271.11,272.76,271.1,272.24,35729499,271.969,142156
2018-05-17,271.94,273.23,271.13,272.01,42929062,272.191,164246
2018-05-18,271.62,272.03,270.93,271.33,36348593,271.543,148730
2018-05-21,272.97,273.98,272.6,273.37,38270420,273.33,159851
2018-05-22,273.96,274.25,272.24,272.61,39359376,273.329,146672
2018-05-23,271.18,273.39,270.99,273.36,45119786,272.092,183288
2018-05-24,272.92,273.22,270.78,272.8,51452104,272.315,213642
2018-05-25,272.18,272.86,271.58,272.15,35515201,272.205,143704
2018-05-29,270.31,271.17,267.76,269.02,80437073,269.13,332937
2018-05-30,270.53,273.11,270.42,272.61,52232129,272.054,212101
2018-05-31,272.16,272.49,270.25,270.94,63068868,271.294,272828
2018-06-01,272.4,273.94,272.33,273.6,47790924,273.258,202628
2018-06-04,274.52,275.19,274.26,274.9,34084022,274.802,143756
2018-06-05,275.04,275.53,274.18,275.1,36059616,274.995,147692
2018-06-06,275.81,277.52,275.09,277.4,42690127,276.373,187293
2018-06-07,277.95,278.28,276.34,277.37,52001346,277.291,225646
2018-06-08,276.85,278.25,276.66,278.19,43714522,277.554,176878
2018-06-11,278.44,279.37,278.31,278.56,36488451,278.868,157114
2018-06-12,279.03,279.33,278.19,278.92,46066807,278.841,159824
2018-06-13,279.17,279.48,277.8,278.03,50634520,278.774,208997
2018-06-14,279.01,279.33,278.05,278.73,44777401,278.723,183370
2018-06-15,276.6,277.51,275.35,277.13,59494469,276.578,243084
2018-06-18,275.49,276.7,274.95,276.56,37240349,276.054,166963
2018-06-19,274.0,275.75,273.53,275.5,60168577,274.713,266416
2018-06-20,276.27,276.72,275.59,275.97,35008997,276.165,159877
2018-06-21,275.96,275.98,273.68,274.24,52742040,274.6,231864
2018-06-22,275.66,275.79,274.49,274.74,38699431,275.212,174888
2018-06-25,273.44,273.62,269.1,271.0,98120020,270.934,406478
2018-06-26,271.64,272.56,270.79,271.6,55227718,271.764,243879
2018-06-27,272.26,273.87,269.18,269.35,77174739,271.274,329284
2018-06-28,269.29,271.75,268.49,270.89,60491490,270.022,289354
2018-06-29,272.12,273.66,271.19,271.28,59833914,272.51,254144
2018-07-02,269.51,272.04,269.24,271.86,48130386,270.521,214594
2018-07-03,272.87,272.98,270.42,270.9,29943723,271.88,136478
2018-07-05,272.16,273.18,270.96,273.11,41511644,272.283,197419
2018-07-06,273.14,275.84,272.71,275.42,47006112,274.968,204266
2018-07-09,276.55,277.96,276.5,277.9,32603484,277.353,158061
2018-07-10,278.41,279.01,278.08,278.9,38066864,278.639,155679
2018-07-11,277.14,278.04,276.52,276.86,56354889,277.253,233436
2018-07-12,278.27,279.43,277.6,279.37,42782444,278.786,182865
2018-07-13,279.19,279.93,278.66,279.59,36953922,279.524,159838
2018-07-16,279.64,279.81,278.84,279.34,30332872,279.295,131636
2018-07-17,278.47,280.91,278.41,280.47,39992068,280.05,168943
2018-07-18,280.59,281.18,280.06,281.06,30022711,280.783,126747
2018-07-19,280.31,280.74,279.46,280.0,44341706,280.155,184894
2018-07-20,279.76,280.48,279.5,279.68,43283529,279.953,179298
2018-07-23,279.45,280.43,279.06,280.2,34026117,279.873,147167
2018-07-24,281.79,282.56,280.63,281.61,46677950,281.645,195549
2018-07-25,281.33,284.37,281.28,284.01,50855068,282.736,202163
2018-07-26,283.21,284.11,283.09,283.34,38319472,283.482,176602
2018-07-27,283.71,283.82,280.38,281.42,57859571,281.755,258839
2018-07-30,281.49,281.69,279.36,279.95,46948995,280.258,194540
2018-07-31,280.81,282.02,280.38,281.33,48639813,281.223,211404
2018-08-01,281.56,282.13,280.13,280.86,40627557,281.121,185799
2018-08-02,279.38,282.58,279.16,282.39,42491132,281.339,183142
2018-08-03,282.53,283.65,282.33,283.6,34482509,283.117,151800
2018-08-06,283.56,284.99,283.2,284.64,29899355,284.371,118466
2018-08-07,285.39,286.01,285.24,285.58,32455420,285.672,129601
2018-08-08,285.39,285.91,284.94,285.46,29011057,285.511,111985
2018-08-09,285.53,285.97,284.91,285.07,24338809,285.511,103316
2018-08-10,283.45,284.06,282.36,283.16,56663261,283.3,229027
2018-08-13,283.47,284.16,281.77,282.1,49247724,282.775,210686
2018-08-14,282.92,284.17,282.05,283.9,32906436,283.637,147445
2018-08-15,282.38,282.54,280.16,281.78,76380190,281.217,349556
2018-08-16,283.4,285.04,283.36,284.06,48205121,284.181,201413
2018-08-17,283.83,285.57,283.37,285.06,43617718,284.573,190181
2018-08-20,285.57,285.97,285.06,285.67,27878520,285.604,118891
2018-08-21,286.24,287.31,286.1,286.34,47705358,286.711,187073
2018-08-22,285.88,286.76,285.57,286.17,32602224,286.261,142394
2018-08-23,285.97,286.94,285.43,285.79,35732521,286.007,152861
2018-08-24,286.44,287.67,286.38,287.51,40944048,287.214,170443
2018-08-27,288.86,289.9,288.68,289.78,36804658,289.486,160658
2018-08-28,290.3,290.42,289.4,289.92,31369013,289.893,131529
2018-08-29,290.16,291.74,289.88,291.48,39014935,291.168,157872
2018-08-30,290.94,291.36,289.63,290.3,46219827,290.624,206459
2018-08-31,289.84,290.81,289.29,290.31,41562925,289.995,185290
2018-09-04,289.84,290.21,288.68,289.84,43756251,289.475,188972
2018-09-05,289.41,289.64,287.89,289.03,49427384,288.807,229449
2018-09-06,289.15,289.49,287.0,288.16,50779433,288.05,230805
2018-09-07,286.99,288.7,286.71,287.6,51086227,287.617,245344
2018-09-10,288.76,289.04,287.88,288.1,32357418,288.313,156972
2018-09-11,287.37,289.55,286.97,289.05,36324336,288.692,164359
2018-09-12,289.06,289.8,288.23,289.12,46300746,289.022,208791
2018-09-13,290.32,291.04,289.99,290.83,38431320,290.588,177344
2018-09-14,291.06,291.27,290.0,290.88,36968152,290.757,170087
2018-09-17,290.82,290.86,289.03,289.34,43582161,289.825,190865
2018-09-18,289.57,291.58,289.55,290.91,38573521,290.888,175057
2018-09-19,290.97,291.69,290.82,291.22,34585943,291.255,164101
2018-09-20,292.64,293.94,292.51,293.58,53849038,293.327,228904
2018-09-21,293.09,293.22,291.81,291.99,45736452,292.51,197003
2018-09-24,291.34,291.5,290.37,291.02,37579510,290.972,174827
2018-09-25,291.53,291.65,290.48,290.75,30133909,290.989,138535
2018-09-26,290.92,292.24,289.41,289.88,53534748,290.869,228407
2018-09-27,290.44,291.91,290.1,290.69,42055283,291.006,180562
2018-09-28,289.99,291.28,289.95,290.72,49387477,290.61,210929
2018-10-01,292.13,292.93,290.98,291.73,45684023,292.044,195503
2018-10-02,291.56,292.36,291.14,291.56,36043733,291.736,166553
2018-10-03,292.72,293.21,291.32,291.72,44855604,292.323,195612
2018-10-04,291.18,291.24,287.66,289.44,85170991,289.207,379831
2018-10-05,289.69,290.27,286.22,287.82,77098096,288.01,361463
2018-10-08,287.04,288.22,285.5,287.82,67466347,287.087,318685
2018-10-09,287.39,288.86,286.77,287.4,57581718,287.767,261186
2018-10-10,286.83,286.91,277.88,278.3,148873744,282.152,692967
2018-10-11,277.08,278.9,270.36,272.17,201677669,275.042,1081400
2018-10-12,276.77,277.09,272.37,275.95,130236363,274.993,749877
2018-10-15,275.55,277.04,274.3,274.4,75357626,275.657,422312
2018-10-16,276.57,280.82,276.07,280.4,74834031,278.781,356078
2018-10-17,280.44,281.15,277.56,280.45,81725982,279.769,429617
2018-10-18,279.4,280.07,274.97,276.4,106245882,277.008,575935
2018-10-19,277.12,279.3,275.47,276.25,86813259,277.248,451882
2018-10-22,277.0,277.36,274.41,275.01,64980116,275.566,343842
2018-10-23,270.94,274.87,268.61,273.61,113627428,271.704,640311
2018-10-24,273.33,273.76,264.7,265.32,129419347,269.416,720237
2018-10-25,267.37,271.81,266.23,270.08,97297132,269.425,553665
2018-10-26,265.92,271.0,262.29,265.33,160509802,265.397,842251
2018-10-29,268.78,270.25,259.85,263.86,119840185,265.545,660000
2018-10-30,263.67,268.12,263.12,267.77,122597429,265.704,672818
2018-10-31,270.65,273.23,270.12,270.63,96462782,271.735,451347
2018-11-01,271.62,273.73,270.38,273.51,72102945,272.494,357124
2018-11-02,274.74,275.23,269.59,271.89,93540390,271.986,463924
2018-11-05,272.44,274.01,271.35,273.39,46793036,272.746,236179
2018-11-06,273.32,275.3,273.25,275.12,44760968,274.395,211769
2018-11-07,277.56,281.1,277.08,281.01,72783325,279.363,327254
2018-11-08,280.14,281.22,279.22,280.5,49381871,280.324,239246
2018-11-09,279.03,279.24,276.18,277.76,70564989,277.791,327906
2018-11-12,277.15,277.46,271.99,272.57,78678265,273.995,380788
2018-11-13,273.06,275.33,271.25,272.06,78843406,272.976,404956
2018-11-14,274.14,274.61,268.45,270.2,95557991,271.126,467082
2018-11-15,268.78,273.54,267.01,273.02,101956324,270.66,500527
2018-11-16,271.79,274.75,271.21,273.73,78810958,273.195,372530
2018-11-19,273.05,273.38,266.74,269.1,77549208,269.851,381674
2018-11-20,265.37,267.0,263.15,264.12,102780926,264.939,502314
2018-11-21,265.86,267.15,265.01,265.02,52187558,266.11,258195
2018-11-23,263.18,264.83,263.07,263.25,29253230,263.922,137874
2018-11-26,265.78,267.75,265.34,267.5,56123136,266.702,252258
2018-11-27,266.34,268.4,265.66,268.4,56586327,267.355,260710
2018-11-28,269.6,274.58,268.53,274.58,96206466,271.921,427391
2018-11-29,273.71,275.55,272.43,273.98,64617335,273.949,305352
2018-11-30,273.81,276.28,273.45,275.65,59005596,275.015,256251
2018-12-03,280.26,280.4,277.5,279.3,78312666,278.849,363782
2018-12-04,278.37,278.85,269.9,270.25,138245253,273.194,681199
2018-12-06,265.92,269.97,262.44,269.84,158944896,266.16,817024
2018-12-07,269.46,271.22,262.63,263.57,127953611,265.776,649665
2018-12-10,263.37,265.17,258.62,264.07,130949722,262.042,704257
2018-12-11,267.66,267.87,262.48,264.13,101810622,265.3,501365
2018-12-12,267.47,269.0,265.37,265.46,76281606,267.246,379114
2018-12-13,266.51,267.49,264.12,265.37,73385472,265.533,370277
2018-12-14,262.96,264.03,259.85,260.47,94320449,261.657,466332
2018-12-17,259.43,260.65,253.52,255.36,125208554,256.893,629002
2018-12-18,257.19,257.95,253.28,255.08,102452880,256.08,486825
2018-12-19,255.17,259.4,249.35,251.26,174215711,254.077,958192
2018-12-20,249.86,251.62,244.65,247.17,194847798,248.184,975057
2018-12-21,246.72,249.71,239.98,240.7,178513434,244.365,865438
2018-12-24,239.03,240.29,234.31,234.34,106056404,237.178,514116
2018-12-26,235.97,246.18,233.76,246.18,149712150,239.549,767613
2018-12-27,242.57,248.17,238.96,248.07,142728437,242.758,726806
2018-12-28,249.58,251.4,246.45,247.75,117770814,248.661,584200
2018-12-31,249.56,250.16,247.47,249.92,89321793,248.936,415231
2019-01-02,245.98,251.21,245.95,250.18,86190132,249.111,428984
2019-01-03,248.26,248.57,243.67,244.21,106309391,245.75,495387
2019-01-04,247.59,253.11,247.17,252.39,104687701,251.054,501867
2019-01-07,252.69,255.95,251.69,254.38,72601725,254.296,322073
2019-01-08,256.82,257.31,254.0,256.77,73895512,255.917,342222
2019-01-09,257.55,258.91,256.19,257.97,70838444,257.86,322290
2019-01-10,256.3,259.16,255.5,258.88,70483237,257.76,312432
2019-01-11,257.68,258.98,257.03,258.98,50728951,258.172,215136
2019-01-14,256.86,258.3,256.41,257.4,44545149,257.655,194922
2019-01-15,257.82,260.7,257.81,260.35,65273983,259.677,268850
2019-01-16,260.83,261.97,260.6,260.98,53850177,261.334,232065
2019-01-17,260.01,263.92,259.96,262.96,64758765,262.092,285928
2019-01-18,264.98,266.98,264.1,266.46,75282594,265.762,329449
2019-01-22,264.82,265.06,261.06,262.86,83477648,262.687,381407
2019-01-23,264.01,264.79,260.66,263.41,69364624,262.742,322586
2019-01-24,263.21,264.2,262.08,263.55,46337430,263.226,222527
2019-01-25,265.61,266.7,265.11,265.78,73675170,265.972,304084
2019-01-28,263.39,263.83,261.79,263.76,58933396,262.99,279677
2019-01-29,263.9,264.55,262.48,263.41,44107928,263.463,194321
2019-01-30,265.1,268.52,264.25,267.58,74133590,266.532,336206
2019-01-31,267.51,270.47,267.27,269.93,67951169,269.323,280364
2019-02-01,270.15,271.2,269.18,270.06,62856849,270.138,253958
2019-02-04,270.11,272.02,269.36,271.96,42021353,270.897,181191
2019-02-05,272.47,273.44,271.88,273.1,52305024,272.846,217747
2019-02-06,272.79,273.34,271.92,272.74,41352827,272.679,178191
2019-02-07,270.94,271.55,268.29,270.14,74897681,269.653,355488
2019-02-08,268.75,270.51,267.83,270.47,58614897,269.016,263279
2019-02-11,271.2,271.49,270.03,270.62,43885882,270.671,204381
2019-02-12,272.42,274.52,272.34,274.1,54470046,273.754,222575
2019-02-13,275.03,275.93,274.56,274.99,50424335,275.245,200897
2019-02-14,273.78,275.64,272.87,274.38,63617169,274.313,281678
2019-02-15,276.34,277.41,276.13,277.37,61421608,276.725,255872
2019-02-19,276.49,278.58,276.47,277.85,42683780,277.807,160756
2019-02-20,277.81,278.92,277.25,278.41,57302267,278.151,236029
2019-02-21,277.73,278.1,276.34,277.42,48320189,277.243,210080
2019-02-22,278.11,279.36,277.82,279.14,54358148,278.71,209061
2019-02-25,280.73,281.31,279.43,279.52,48130134,280.402,194816
2019-02-26,279.13,280.3,278.9,279.32,45038154,279.606,185406
2019-02-27,278.55,279.59,277.48,279.2,43987581,278.713,192362
2019-02-28,278.96,279.45,278.32,278.68,47277286,278.852,185357
2019-03-01,280.44,280.88,278.82,280.42,55920673,280.103,218978
2019-03-04,281.6,281.87,276.84,279.4,75796655,279.076,348209
2019-03-05,279.55,279.76,278.41,279.02,39208372,279.202,166651
2019-03-06,279.15,279.16,276.97,277.33,52797483,277.806,216836
2019-03-07,276.83,276.99,274.07,275.01,75829773,275.188,325533
2019-03-08,272.93,274.65,272.42,274.46,63272122,273.344,292100
2019-03-11,275.26,278.62,275.23,278.44,47315296,277.58,211543
2019-03-12,279.04,280.07,278.85,279.49,50205336,279.514,206622
2019-03-13,280.48,282.38,280.3,281.34,52277386,281.466,227731
2019-03-14,281.37,281.84,280.66,281.16,38959678,281.263,177720
2019-03-15,280.54,282.21,280.33,281.31,50599631,281.236,224202
2019-03-18,281.55,282.66,281.3,282.33,44066788,282.082,201036
2019-03-19,283.51,284.36,281.41,282.4,63148539,282.985,284507
2019-03-20,282.17,283.5,280.32,281.55,68222358,281.911,337273
2019-03-21,280.63,285.18,280.59,284.73,63043546,283.835,285841
2019-03-22,283.22,283.81,279.18,279.25,98311874,280.858,479239
2019-03-25,278.88,280.19,277.64,279.04,60596066,278.807,308832
2019-03-26,280.99,282.18,279.56,281.12,48197363,280.907,228712
2019-03-27,281.11,281.76,277.93,279.65,58466639,279.719,287744
2019-03-28,280.35,281.21,279.07,280.71,46570974,280.309,219679
2019-03-29,282.39,282.84,281.14,282.48,50095556,282.14,230703
2019-04-01,284.71,286.16,284.4,285.83,51215661,285.282,227315
2019-04-02,286.04,286.23,285.09,285.97,33255379,285.787,157060
2019-04-03,287.32,287.76,285.75,286.42,48216312,286.818,220328
2019-04-04,286.78,287.46,286.01,287.18,39290443,286.864,184686
2019-04-05,287.92,288.63,287.6,288.57,38425844,288.285,174829
2019-04-08,288.1,288.91,287.37,288.79,35794530,288.206,158024
2019-04-09,287.72,288.08,286.7,287.31,47665987,287.336,192714
2019-04-10,287.77,288.39,287.31,288.29,35502478,287.856,134075
2019-04-11,288.83,288.84,287.57,288.21,36670621,288.18,136363
2019-04-12,290.0,290.47,289.26,290.16,40692398,289.919,157964
2019-04-15,290.24,290.35,289.07,289.97,32490331,289.713,137283
2019-04-16,290.95,291.01,289.5,290.16,34298810,290.346,139773
2019-04-17,291.4,291.43,288.99,289.45,40743077,289.813,167518
2019-04-18,290.1,290.32,288.66,290.02,38286567,289.728,155004
2019-04-22,289.17,290.44,289.07,290.27,27709789,289.956,112551
2019-04-23,290.68,293.14,290.42,292.88,37455202,292.204,157865
2019-04-24,292.77,293.16,292.07,292.23,31724902,292.65,137693
2019-04-25,292.13,292.78,290.73,292.05,36522986,292.017,164076
2019-04-26,292.1,293.49,291.24,293.41,35118307,292.446,151621
2019-04-29,293.51,294.45,293.41,293.87,27364843,293.98,124572
2019-04-30,293.49,294.34,291.92,294.02,43816746,293.327,176031
2019-05-01,294.72,294.95,291.8,291.81,54386917,293.736,246165
2019-05-02,291.68,292.7,289.52,291.18,53373559,291.058,248462
2019-05-03,292.82,294.34,292.56,294.03,37940551,293.568,172933
2019-05-06,289.25,293.31,288.9,292.82,59942554,291.587,280189
2019-05-07,290.15,290.81,285.81,287.93,100268954,287.988,457238
2019-05-08,287.54,289.43,286.87,287.53,64861659,288.266,316183
2019-05-09,285.24,287.33,283.3,286.66,82074517,285.431,391901
2019-05-10,285.62,288.94,282.3,288.1,91401948,285.598,441347
2019-05-13,282.42,283.49,279.93,280.86,97625555,281.346,475959
2019-05-14,282.02,285.1,281.85,283.4,60661460,283.81,287385
2019-05-15,281.59,285.77,281.36,285.06,54054661,284.241,260258
2019-05-16,285.84,289.21,285.76,287.7,54313220,287.976,259835
2019-05-17,285.14,288.6,285.13,285.84,61962682,286.762,295843
2019-05-20,284.06,285.43,283.12,283.95,49139704,284.269,241718
2019-05-21,285.83,286.93,285.55,286.51,35632571,286.335,182450
2019-05-22,285.45,286.69,285.1,285.63,36741536,285.8,177539
2019-05-23,283.16,283.21,280.57,282.14,74385463,281.721,345846
2019-05-24,283.74,284.2,282.09,282.78,37520659,283.082,181851
2019-05-28,283.09,284.15,280.15,280.15,51841859,282.061,253399
2019-05-29,278.91,279.36,276.71,278.27,78913957,278.068,348784
2019-05-30,279.11,280.04,277.8,279.03,45507877,278.951,204858
2019-05-31,276.2,277.12,275.24,275.27,61976516,275.958,286891
2019-06-03,275.31,276.56,273.09,274.57,78059276,274.728,355009
2019-06-04,277.12,280.68,276.62,280.53,59330146,278.817,273545
2019-06-05,282.33,282.99,280.32,282.96,54094550,281.897,238258
2019-06-06,283.29,285.55,282.57,284.8,48197013,284.006,216874
2019-06-07,285.93,288.85,285.74,287.65,54100985,287.76,239563
2019-06-10,289.36,290.82,288.87,288.97,46346628,289.728,208447
2019-06-11,290.99,291.4,288.18,288.9,42466096,289.459,197101
2019-06-12,288.64,289.26,287.81,288.39,34054637,288.389,143907
2019-06-13,289.4,289.98,288.62,289.58,35309654,289.277,151974
2019-06-14,289.26,289.93,288.41,289.26,34739981,289.075,158592
2019-06-17,289.52,290.22,289.18,289.37,29086168,289.722,129137
2019-06-18,291.39,293.57,290.99,292.4,60835835,292.541,267858
2019-06-19,292.55,293.65,291.47,293.06,53404611,292.701,231884
2019-06-20,296.04,296.31,293.12,295.86,62475405,295.386,259859
2019-06-21,294.14,295.52,293.76,294.0,48574973,294.432,201785
2019-06-24,294.23,294.58,293.47,293.64,31027482,294.035,135423
2019-06-25,293.69,293.73,290.64,290.76,50455116,291.852,219233
2019-06-26,291.75,292.31,290.34,290.47,32866758,291.17,144446
2019-06-27,291.31,292.06,290.89,291.5,29146211,291.612,122308
2019-06-28,292.58,293.55,292.01,293.0,41521022,292.662,170965
2019-07-01,296.68,296.92,294.33,295.66,52606278,295.544,220344
2019-07-02,295.61,296.49,294.68,296.43,42884949,295.605,169388
2019-07-03,297.19,298.82,297.02,298.8,26400960,298.028,109220
2019-07-05,297.45,298.64,296.01,298.46,35679222,297.395,153286
2019-07-08,297.01,297.35,296.22,296.82,30187120,296.734,130747
2019-07-09,295.54,297.52,295.48,297.19,27869201,296.74,113712
2019-07-10,298.37,299.66,297.78,298.61,40549075,298.701,170289
2019-07-11,299.32,299.58,298.2,299.31,38121949,299.023,152773
2019-07-12,299.85,300.73,299.51,300.65,30864790,300.107,113640
2019-07-15,301.13,301.13,300.19,300.75,22292723,300.578,96695
2019-07-16,300.65,300.88,299.44,299.71,29018733,300.087,123550
2019-07-17,299.75,299.93,297.74,297.74,30247109,298.728,123884
2019-07-18,297.19,299.25,296.7,298.83,39546372,297.956,162057
2019-07-19,300.02,300.07,296.96,297.17,43505134,298.599,176586
2019-07-22,297.61,298.5,297.04,297.9,26798126,297.756,116573
2019-07-23,299.14,300.03,298.22,300.03,32404645,299.195,132446
2019-07-24,299.18,301.44,299.09,301.44,29736894,300.478,123605
2019-07-25,300.95,301.0,299.11,300.0,37709373,300.014,161863
2019-07-26,300.76,302.23,300.62,302.01,27433652,301.61,121433
2019-07-29,301.88,301.93,300.85,301.46,27145839,301.449,121517
2019-07-30,299.9,301.17,299.49,300.72,31024542,300.535,135381
2019-07-31,300.99,301.2,295.2,297.43,82391917,298.836,396481
2019-08-01,297.6,300.87,293.96,294.84,112301046,296.764,552944
2019-08-02,293.85,294.12,290.9,292.62,83282309,292.35,391398
2019-08-05,288.09,288.21,281.72,283.82,132101684,285.035,559607
2019-08-06,285.91,288.04,284.28,287.8,81016097,286.296,396694
2019-08-07,284.41,288.82,282.04,287.97,94580181,285.767,473498
2019-08-08,289.61,293.62,289.01,293.62,58002816,291.958,265804
2019-08-09,292.56,293.24,289.65,291.62,67239697,291.588,318140
2019-08-12,289.96,290.57,287.02,288.07,47982357,288.831,227824
2019-08-13,287.74,294.15,287.36,292.55,74619725,292.133,336730
2019-08-14,288.07,288.74,283.76,283.9,102140814,285.556,465371
2019-08-15,284.9,285.64,282.39,284.65,72165510,284.393,375427
2019-08-16,286.48,289.33,284.71,288.85,52142455,288.388,237425
2019-08-19,292.18,293.08,291.44,292.33,37111234,292.391,167108
2019-08-20,291.77,292.36,289.95,290.09,36511064,291.001,152517
2019-08-21,292.47,292.86,291.72,292.45,32467869,292.381,145221
2019-08-22,293.23,293.93,290.4,292.36,41103902,292.216,192521
2019-08-23,290.92,292.76,283.47,284.85,104076217,287.479,534557
2019-08-26,287.27,288.0,285.58,288.0,47990618,286.902,226793
2019-08-27,289.54,289.95,286.03,286.87,46130476,287.731,225264
2019-08-28,286.14,289.07,285.25,288.89,44268821,287.849,212549
2019-08-29,291.72,293.16,290.61,292.58,43637972,292.287,205383
2019-08-30,294.22,294.24,291.42,292.45,44001344,292.729,201333
2019-09-03,290.57,291.58,289.27,290.74,47187455,290.364,229818
2019-09-04,293.14,294.06,292.31,294.04,35398850,293.351,155070
2019-09-05,296.79,298.83,296.64,297.82,59007150,297.912,258226
2019-09-06,298.17,298.76,297.42,298.05,36232518,298.236,163112
2019-09-09,299.14,299.24,297.16,298.2,35616088,298.149,159325
2019-09-10,297.36,298.2,295.97,298.13,41066215,296.849,193963
2019-09-11,298.47,300.34,297.75,300.25,41859845,299.359,169714
2019-09-12,301.25,302.46,300.41,301.29,52778631,301.554,250137
2019-09-13,301.78,302.17,300.68,301.09,36795475,301.444,166205
2019-09-16,299.84,300.65,299.45,300.16,37606919,300.085,185520
2019-09-17,299.93,301.02,299.75,300.92,28270792,300.314,145448
2019-09-18,300.49,301.22,298.24,301.1,53747274,299.767,254566
2019-09-19,301.53,302.63,300.71,301.08,40898532,301.783,192474
2019-09-20,300.36,300.67,297.41,298.28,54250102,299.146,258379
2019-09-23,297.55,299.0,297.27,298.21,28326052,298.241,133843
2019-09-24,299.41,299.84,294.81,295.87,75846925,296.709,378417
2019-09-25,295.95,298.11,294.33,297.62,48657748,296.462,248514
2019-09-26,297.63,297.86,295.45,297.0,43620446,296.78,218613
2019-09-27,297.83,297.95,293.69,295.4,61007891,295.613,311724
2019-09-30,295.96,297.55,295.92,296.77,36487541,296.873,167944
2019-10-01,297.73,298.46,293.0,293.24,61132901,294.764,303611
2019-10-02,291.51,291.51,286.64,288.06,88934180,288.468,458336
2019-10-03,287.82,290.42,284.82,290.42,71688748,288.151,394263
2019-10-04,291.14,294.63,291.08,294.35,44391833,293.087,213827
2019-10-07,293.47,295.26,292.77,293.08,44449777,293.941,224512
2019-10-08,291.04,291.85,288.49,288.53,71028307,289.943,367285
2019-10-09,290.75,292.3,290.06,291.27,41270560,291.218,205006
2019-10-10,291.18,294.21,291.0,293.24,45326365,293.02,235142
2019-10-11,296.25,298.74,296.14,296.28,69843576,297.594,362295
2019-10-14,295.92,296.67,295.57,295.95,27046549,296.165,137688
2019-10-15,297.09,299.7,296.97,298.88,35818356,298.866,180157
2019-10-16,298.35,299.16,297.92,298.4,31626622,298.436,159125
2019-10-17,299.67,300.24,298.51,299.28,34898255,299.37,172234
2019-10-18,298.68,299.4,296.99,297.97,40943599,298.412,199990
2019-10-21,299.42,300.21,298.93,299.99,26276431,299.737,125226
2019-10-22,300.58,300.9,298.91,299.01,30132851,300.143,151937
2019-10-23,298.73,299.94,298.49,299.88,24532426,299.294,122589
2019-10-24,300.91,301.07,299.46,300.37,27675588,300.179,136921
2019-10-25,299.74,302.2,299.69,301.6,31827331,301.486,146397
2019-10-28,302.93,303.85,302.91,303.3,28220256,303.436,136960
2019-10-29,303.0,304.23,302.86,303.21,31309637,303.487,149262
2019-10-30,303.43,304.55,301.99,304.14,37287193,303.207,187085
2019-10-31,304.11,304.13,301.73,303.33,50741681,302.66,226893
2019-11-01,304.91,306.19,304.74,306.14,47492810,305.595,225513
2019-11-04,307.85,308.0,306.96,307.37,30697189,307.471,143468
2019-11-05,307.57,307.92,306.71,307.03,30515999,307.183,139377
2019-11-06,307.03,307.4,306.06,307.1,33060685,306.814,158950
2019-11-07,308.59,309.46,307.66,308.18,36975713,308.655,173381
2019-11-08,307.8,308.97,307.03,308.94,31421403,308.211,145155
2019-11-11,307.42,308.54,307.27,308.35,21232199,308.092,95560
2019-11-12,308.74,309.99,308.15,309.0,32723582,309.189,140697
2019-11-13,307.91,309.54,307.66,309.1,38294152,308.858,171026
2019-11-14,308.79,309.64,308.09,309.55,33589715,309.099,139009
2019-11-15,311.01,311.83,310.26,311.79,32008779,311.16,139752
2019-11-18,311.53,312.28,311.03,312.02,27968716,311.747,131589
2019-11-19,312.67,312.69,311.22,311.93,41514103,312.011,158483
2019-11-20,311.28,311.85,309.06,310.77,54087677,310.538,255250
2019-11-21,310.88,311.01,309.39,310.27,35906169,310.232,165430
2019-11-22,311.09,311.24,309.85,310.96,26782952,310.737,121134
2019-11-25,311.98,313.37,311.98,313.37,29345524,312.917,130313
2019-11-26,313.41,314.28,313.06,314.08,26522631,313.776,121193
2019-11-27,314.61,315.48,314.37,315.48,23218710,315.01,107723
2019-11-29,314.86,315.13,314.06,314.31,18082239,314.629,75982
2019-12-02,314.59,314.66,311.17,311.64,51166794,312.139,259763
2019-12-03,308.65,309.64,307.13,309.55,56654841,308.421,265485
2019-12-04,310.69,312.12,310.32,311.46,32428376,311.57,153720
2019-12-05,312.24,312.25,310.58,312.02,28235469,311.547,124431
2019-12-06,314.1,315.31,314.1,314.87,29874171,314.883,130790
2019-12-09,314.42,315.18,313.8,313.88,22496464,314.483,103361
2019-12-10,313.83,314.55,312.81,313.53,30868862,313.733,146171
2019-12-11,314.05,314.7,313.59,314.42,28734830,314.169,141109
2019-12-12,314.43,317.99,314.17,317.13,70231609,316.783,325103
2019-12-13,316.87,318.67,316.02,317.32,61385123,317.312,309651
2019-12-16,319.18,320.15,319.17,319.5,42323741,319.75,171191
2019-12-17,319.92,320.25,319.48,319.57,29043329,319.809,134533
2019-12-18,320.01,320.25,319.53,319.59,27620488,319.882,127233
2019-12-19,319.79,320.98,319.75,320.9,34467252,320.514,142247
2019-12-20,320.46,321.45,320.37,320.73,52178922,320.991,201900
2019-12-23,321.59,321.65,321.06,321.22,25714558,321.384,111756
2019-12-24,321.47,321.52,320.9,321.23,12221768,321.157,56450
2019-12-26,321.66,322.94,321.64,322.94,18555326,322.275,82013
2019-12-27,323.74,323.8,322.28,322.86,26829563,323.014,119935
2019-12-30,322.96,323.1,320.55,321.08,35338670,321.385,156936
2019-12-31,320.52,322.13,320.15,321.86,31037619,321.137,139282
2020-01-02,323.55,324.87,322.53,324.87,40312026,323.624,191972
2020-01-03,321.13,323.64,321.1,322.41,47360039,322.77,223886
2020-01-06,320.49,323.73,320.36,323.64,35730915,322.552,164132
2020-01-07,323.02,323.54,322.24,322.73,27864743,322.929,133825
2020-01-08,322.95,325.78,322.67,324.45,46170601,324.564,213126
2020-01-09,326.15,326.73,325.52,326.65,32328140,326.233,153826
2020-01-10,327.31,327.46,325.2,325.71,31873009,326.414,153466
2020-01-13,326.4,327.96,325.92,327.95,27770432,327.143,134629
2020-01-14,327.48,328.62,326.84,327.45,44435604,327.568,214999
2020-01-15,327.34,329.02,327.26,328.19,42234845,328.242,198047
2020-01-16,329.7,330.92,329.45,330.92,33003314,330.083,147154
2020-01-17,331.69,332.18,331.07,331.95,39418032,331.617,169784
2020-01-21,330.89,332.18,330.82,331.3,40873744,331.403,180939
2020-01-22,332.24,332.95,331.17,331.34,30088738,332.095,141365
2020-01-23,330.64,331.92,329.41,331.72,36936927,330.787,173552
2020-01-24,332.44,332.53,327.36,328.77,61121778,329.41,298686
2020-01-27,323.03,325.12,322.66,323.5,60026569,324.094,293254
2020-01-28,325.06,327.85,324.55,326.89,45747425,326.71,206516
2020-01-29,328.38,328.63,326.4,326.62,38227378,327.494,183033
2020-01-30,324.36,327.91,323.54,327.68,57152136,325.368,279965
2020-01-31,326.99,327.17,320.73,321.73,84637603,323.01,431841
2020-02-03,323.35,326.16,323.22,324.12,49388673,324.691,241749
2020-02-04,328.07,330.01,327.72,329.06,40119675,329.169,196896
2020-02-05,332.27,333.09,330.67,332.86,43220427,332.029,219828
2020-02-06,333.92,334.19,332.8,333.98,30023076,333.7,148355
2020-02-07,332.82,333.62,331.6,332.2,38243040,332.533,179352
2020-02-10,331.23,334.72,331.19,334.68,29018997,333.323,135475
2020-02-11,336.17,337.02,334.75,335.26,38057996,335.945,178646
2020-02-12,336.83,337.65,336.43,337.42,27440511,337.033,138146
2020-02-13,335.86,338.12,335.56,337.06,37930532,337.062,178255
2020-02-14,337.46,337.73,336.2,337.6,39277056,337.038,168281
2020-02-18,336.52,337.17,335.21,336.73,39797687,336.397,184987
2020-02-19,337.77,339.08,337.48,338.34,28344274,338.454,134523
2020-02-20,337.75,338.64,333.68,336.95,56230834,336.22,272624
2020-02-21,335.47,335.81,332.58,333.48,71322377,333.733,337249
2020-02-24,323.14,325.85,321.24,322.42,111223518,323.68,545969
2020-02-25,323.93,324.61,311.69,312.65,165770741,316.429,889024
2020-02-26,314.19,318.11,310.7,311.5,141392867,313.921,779895
2020-02-27,305.46,309.65,297.51,297.51,194879621,304.247,1100463
2020-02-28,288.7,296.26,285.54,296.26,244162885,290.664,1499030
2020-03-02,298.2,309.16,294.46,309.09,158325165,301.45,900941
2020-03-03,309.49,313.84,297.57,300.24,212375589,304.646,1320711
2020-03-04,306.09,313.1,303.33,312.86,121532416,308.004,667201
2020-03-05,304.98,308.47,300.01,302.46,122914687,303.747,686196
2020-03-06,293.18,298.78,290.23,297.46,162399176,294.498,903598
2020-03-09,275.29,284.19,273.45,274.23,205644066,278.498,1217174
2020-03-10,284.62,288.51,273.5,288.42,188238306,281.002,1083880
2020-03-11,280.7,281.94,270.88,274.36,169879819,276.219,1061355
2020-03-12,255.99,266.66,247.68,248.11,267554746,254.95,1656916
2020-03-13,263.09,271.08,249.58,269.32,221963628,258.104,1236593
2020-03-16,240.94,256.9,237.36,239.85,206855511,246.993,980904
2020-03-17,245.04,256.17,237.07,252.8,178430288,248.137,918368
2020-03-18,236.25,248.37,228.02,240.0,228525495,236.657,1310410
2020-03-19,239.25,247.38,232.22,240.51,202263963,241.627,1105389
2020-03-20,242.58,244.47,228.5,228.8,196185928,236.53,1119186
2020-03-23,228.09,229.39,218.26,222.95,199426886,223.594,1130830
2020-03-24,234.42,244.1,233.8,243.15,172844253,239.011,847686
2020-03-25,244.86,256.35,239.75,246.79,194945734,248.998,982042
2020-03-26,249.52,262.8,249.05,261.2,162412030,256.996,813718
2020-03-27,253.29,260.81,251.05,253.42,140620786,254.773,751755
2020-03-30,255.72,262.43,253.53,261.65,101552732,259.062,574641
2020-03-31,260.58,263.33,256.22,257.75,116385817,259.834,639571
2020-04-01,247.98,251.44,243.9,246.15,118077472,247.686,654432
2020-04-02,245.2,252.68,244.59,251.83,126023025,249.29,647516
2020-04-03,250.76,253.32,245.22,248.19,101300286,248.402,535757
2020-04-06,257.84,267.0,256.72,264.86,126546760,261.997,628269
2020-04-07,274.21,275.03,264.89,265.13,148721546,270.073,724025
2020-04-08,267.94,275.41,265.56,274.03,110912861,271.292,536873
2020-04-09,277.58,281.2,275.47,278.2,131647287,278.724,633534
2020-04-13,277.15,277.51,271.41,275.66,85707865,274.125,428631
2020-04-14,280.94,284.9,279.91,283.79,96171995,282.706,476233
2020-04-15,277.57,279.59,275.46,277.76,84693428,277.324,417887
2020-04-16,279.15,280.03,275.76,279.1,86506085,278.012,414814
2020-04-17,285.37,287.3,282.4,286.64,88846771,284.568,418026
2020-04-20,282.61,286.29,281.35,281.59,72208041,283.709,352794
2020-04-21,276.73,278.04,272.02,273.04,95255356,274.428,493193
2020-04-22,278.35,281.0,276.91,279.1,62582206,278.942,336086
2020-04-23,280.49,283.94,278.75,279.08,88078610,281.123,453070
2020-04-24,280.74,283.7,278.5,282.97,57785295,280.988,269466
2020-04-27,285.09,288.27,284.62,287.05,55694651,286.701,262413
2020-04-28,291.02,291.4,285.4,285.73,79573390,287.78,363115
2020-04-29,291.53,294.88,290.41,293.21,86921501,293.074,398684
2020-04-30,291.71,292.24,288.59,290.48,85815154,290.395,404479
2020-05-01,285.31,286.04,281.52,282.79,87510814,283.311,404304
2020-05-04,280.69,283.9,279.13,283.57,59979173,281.546,289895
2020-05-05,286.64,289.25,285.75,286.19,61431710,287.788,282413
2020-05-06,288.03,288.46,283.78,284.25,57152222,286.238,274616
2020-05-07,287.75,289.78,287.13,287.68,56177339,288.317,266387
2020-05-08,291.08,292.95,289.86,292.44,50382683,291.559,234294
2020-05-11,290.34,294.0,289.88,292.5,54358588,292.278,253206
2020-05-12,293.78,294.24,286.55,286.67,67416092,290.608,290909
2020-05-13,286.05,287.19,278.96,281.6,107577288,282.332,514625
2020-05-14,278.93,285.11,272.99,284.97,98590533,280.78,486056
2020-05-15,282.4,286.33,281.34,286.28,70572924,284.283,339606
2020-05-18,293.05,296.75,292.7,295.0,79125067,294.955,366407
2020-05-19,294.34,296.21,291.95,291.97,66191256,294.626,310661
2020-05-20,295.82,297.87,295.57,296.93,57309339,296.838,267051
2020-05-21,296.78,297.67,293.68,294.88,60074417,295.463,308409
2020-05-22,294.57,295.63,293.22,295.44,42939953,294.449,206496
2020-05-26,301.93,302.19,298.69,299.08,59903086,300.583,278345
2020-05-27,302.1,303.57,296.87,303.53,76003697,300.562,353725
2020-05-28,304.65,306.84,302.24,302.97,67842577,304.672,314420
2020-05-29,302.46,304.96,299.59,304.32,82809457,302.494,409177
2020-06-01,303.61,306.21,303.06,305.55,38617564,305.105,184026
2020-06-02,306.55,308.13,305.1,308.08,53758117,306.624,246615
2020-06-03,310.23,313.22,309.94,312.18,61056503,311.661,270684
2020-06-04,311.11,313.0,309.08,311.36,58466778,311.197,275385
2020-06-05,317.27,321.28,317.16,319.34,93190573,319.345,418887
2020-06-08,320.22,323.41,319.63,323.2,55202792,321.413,257026
2020-06-09,320.29,322.37,319.36,320.79,55693823,320.976,261993
2020-06-10,321.42,322.39,318.22,319.0,71004784,320.198,355209
2020-06-11,311.46,312.15,300.01,300.61,160102829,305.084,776190
2020-06-12,308.24,309.08,298.6,304.21,141679585,303.467,750795
2020-06-15,298.02,308.28,296.74,307.05,100480101,303.732,508102
2020-06-16,315.47,315.64,307.67,312.96,108697051,312.706,505898
2020-06-17,314.06,314.39,310.86,311.66,56785731,312.672,268187
2020-06-18,310.0,312.3,309.51,311.78,54092314,311.146,256381
2020-06-19,314.17,314.38,306.53,308.64,83217559,310.258,389324
2020-06-22,307.99,311.05,306.75,310.62,53059402,309.527,246852
2020-06-23,313.49,314.5,311.61,312.05,49532665,313.186,224721
2020-06-24,309.84,310.51,302.1,304.09,100995091,305.026,479443
2020-06-25,303.48,307.64,301.28,307.35,67254028,304.568,326015
2020-06-26,306.16,306.39,299.42,300.05,91585765,301.61,429132
2020-06-29,301.4,304.46,298.93,304.46,56219801,302.417,261801
2020-06-30,303.98,310.2,303.82,308.36,73747062,307.367,331475
2020-07-01,309.56,311.89,309.07,310.52,51088059,310.655,250308
2020-07-02,314.23,315.7,311.51,312.23,51450856,313.57,244789
2020-07-06,316.37,317.68,315.56,317.05,41497698,316.433,193256
2020-07-07,315.38,317.52,313.37,313.78,59917403,315.46,261028
2020-07-08,314.61,316.3,312.7,316.18,42412882,314.83,197018
2020-07-09,316.84,317.1,310.68,314.38,64769764,313.72,292967
2020-07-10,314.25,317.88,312.76,317.59,43677783,315.823,195885
2020-07-13,320.13,322.71,314.13,314.84,73158707,319.03,333757
2020-07-14,313.28,319.76,312.0,318.92,70508042,315.979,364172
2020-07-15,322.39,323.04,319.26,321.85,62764096,321.499,311632
2020-07-16,319.79,321.28,319.09,320.79,42081413,320.083,216831
2020-07-17,321.88,322.57,319.73,321.72,38541026,321.496,200443
2020-07-20,321.43,325.13,320.62,324.32,38585411,323.186,184965
2020-07-21,326.45,326.93,323.94,325.01,42320247,325.792,211024
2020-07-22,324.61,327.2,324.5,326.86,38175082,325.841,193827
2020-07-23,326.46,327.23,321.48,322.96,57472489,324.136,288058
2020-07-24,320.95,321.99,319.24,320.88,48143744,320.691,262989
2020-07-27,321.63,323.41,320.77,323.22,31787057,322.483,160658
2020-07-28,322.43,323.64,320.85,321.17,35759342,322.419,180767
2020-07-29,322.12,325.73,322.07,325.12,34009051,324.215,167429
2020-07-30,321.9,324.41,319.64,323.96,44116356,322.505,238960
2020-07-31,325.9,326.61,321.33,326.52,56347101,323.96,288011
2020-08-03,328.32,329.62,327.73,328.79,34360841,328.874,169100
2020-08-04,327.86,330.06,327.85,330.06,29578943,329.034,148332
2020-08-05,331.47,332.39,331.18,332.11,27906464,331.882,143279
2020-08-06,331.49,334.46,331.13,334.33,32560780,332.938,167032
2020-08-07,333.28,334.88,332.3,334.57,41876980,333.704,210879
2020-08-10,335.06,335.77,332.95,335.57,30878397,334.958,163120
2020-08-11,336.86,337.54,332.01,332.8,49121144,335.359,239540
2020-08-12,335.45,338.28,335.43,337.44,37529733,337.251,187899
2020-08-13,336.61,338.26,335.83,336.83,30366435,337.2,158876
2020-08-14,336.41,337.42,335.62,336.84,27516655,336.579,144999
2020-08-17,337.93,338.34,337.48,337.91,22938554,337.94,110874
2020-08-18,338.34,339.1,336.61,338.64,25577341,338.348,122118
2020-08-19,339.06,339.61,336.62,337.23,44846152,338.281,201011
2020-08-20,335.36,338.8,335.22,338.28,31306986,337.488,151375
2020-08-21,337.93,339.72,337.55,339.48,31797220,338.834,152572
2020-08-24,342.12,343.0,341.06,342.92,29661942,341.944,148650
2020-08-25,343.54,344.21,342.27,344.12,27606512,343.306,136238
2020-08-26,344.74,347.86,344.17,347.57,35985513,346.425,174649
2020-08-27,348.53,349.9,346.53,348.33,43375428,348.6,214973
2020-08-28,349.45,350.72,348.15,350.58,31954713,349.548,160759
2020-08-31,350.35,351.3,349.09,349.31,38735895,350.389,192199
2020-09-01,350.21,352.69,349.24,352.6,35890031,351.101,176606
2020-09-02,354.67,358.75,353.43,357.7,53561299,356.099,268856
2020-09-03,355.86,356.38,342.59,345.39,111291265,347.577,567021
2020-09-04,346.13,347.83,334.87,342.57,95752273,341.162,500750
2020-09-08,336.65,338.06,332.88,333.21,78143515,335.32,390400
2020-09-09,337.55,342.46,336.61,339.79,62841599,340.076,306858
2020-09-10,341.82,342.53,332.85,333.89,68353524,337.557,333580
2020-09-11,335.82,336.97,331.0,334.06,58853566,334.182,327516
2020-09-14,337.48,340.38,336.93,338.46,43180453,339.01,214473
2020-09-15,341.12,342.02,339.02,340.17,37294775,340.858,181190
2020-09-16,341.53,343.06,338.52,338.82,54019849,340.837,257132
2020-09-17,333.56,337.7,332.99,335.84,62846781,334.906,318550
2020-09-18,335.37,335.49,327.97,330.65,62765391,331.668,320776
2020-09-21,325.7,327.09,321.73,326.97,70162320,324.082,369266
2020-09-22,328.57,330.9,325.86,330.3,43883595,328.723,226971
2020-09-23,330.9,331.2,322.1,322.64,63020913,325.805,305352
2020-09-24,321.21,326.8,319.8,323.5,61638230,323.453,323680
2020-09-25,322.57,329.58,321.64,328.73,50533923,326.075,263005
2020-09-28,333.22,334.96,332.15,334.19,42652556,333.829,205648
2020-09-29,333.97,334.77,331.62,332.37,36724517,333.097,183659
2020-09-30,333.1,338.29,332.88,334.89,64839484,335.676,304717
2020-10-01,337.69,338.74,335.01,337.04,51310097,336.703,275146
2020-10-02,331.7,335.92,331.19,333.84,64650582,334.407,328001
2020-10-05,336.06,339.96,336.01,339.76,34677835,338.547,176781
2020-10-06,339.91,342.17,334.38,334.93,69693778,337.809,347388
2020-10-07,338.1,341.63,338.09,340.76,35857346,340.188,184063
2020-10-08,342.85,343.85,341.86,343.78,31801942,343.142,164207
2020-10-09,345.57,347.35,344.89,346.85,39231040,346.29,196249
2020-10-12,349.57,354.02,349.06,352.43,46296512,352.192,223295
2020-10-13,352.26,352.44,349.09,350.13,44611053,350.986,229741
2020-10-14,350.74,351.93,347.14,347.93,41826569,348.986,214808
2020-10-15,343.7,348.02,343.13,347.5,46081780,345.957,236309
2020-10-16,348.96,350.75,347.1,347.29,40653682,349.01,197672
2020-10-19,348.62,349.33,341.04,342.01,49387957,344.34,250705
2020-10-20,343.46,346.88,342.64,343.38,46103988,344.524,248114
2020-10-21,343.32,345.67,342.4,342.73,48334938,343.777,260661
2020-10-22,342.96,345.24,340.65,344.61,40640396,343.348,228659
2020-10-23,345.93,345.99,343.13,345.78,33411572,344.761,183530
2020-10-26,342.13,342.98,335.62,339.39,68300153,338.825,341020
2020-10-27,339.75,340.12,337.99,338.22,44068666,338.983,247188
2020-10-28,332.11,332.84,326.13,326.66,91456257,328.865,469479
2020-10-29,326.91,333.4,325.09,329.98,62704486,329.831,340170
2020-10-30,328.28,329.69,322.6,326.54,81611269,325.002,448518
2020-11-02,330.2,332.36,327.24,330.2,59748388,329.691,358754
2020-11-03,333.69,338.25,333.17,336.03,64297794,336.56,327061
2020-11-04,340.85,347.94,339.59,343.54,86682172,344.518,473472
2020-11-05,349.24,352.19,348.86,350.24,59880806,350.63,334020
2020-11-06,349.93,351.51,347.65,350.16,42910585,349.976,259788
2020-11-09,363.97,364.38,354.06,354.56,101398273,360.226,618521
2020-11-10,353.48,355.18,350.51,354.04,59306129,353.498,342828
2020-11-11,356.4,357.56,355.06,356.67,37030292,356.286,203760
2020-11-12,355.58,356.42,351.26,353.21,51261498,353.469,272087
2020-11-13,355.27,358.9,354.71,358.1,42919783,356.845,224620
2020-11-16,360.98,362.59,359.59,362.57,51634815,361.125,254292
2020-11-17,359.96,361.92,358.34,360.62,42035742,360.353,224132
2020-11-18,360.9,361.5,356.24,356.28,44922267,359.483,227017
2020-11-19,355.59,358.18,354.15,357.78,38078001,356.438,194791
2020-11-20,357.48,357.72,355.25,355.33,33502481,356.673,181773
2020-11-23,357.28,358.82,354.86,357.46,38728493,356.976,195915
2020-11-24,360.21,363.81,359.29,363.22,45558652,362.254,217135
2020-11-25,363.13,363.16,361.48,362.66,28199316,362.414,150026
2020-11-27,363.83,364.18,362.58,363.67,16165093,363.574,80931
2020-11-30,362.83,363.12,359.17,362.06,49172728,361.307,250707
2020-12-01,365.56,367.68,364.93,366.02,44978990,366.397,240949
2020-12-02,364.81,366.96,364.2,366.79,28951397,365.933,159240
2020-12-03,366.67,368.19,365.5,366.69,42159505,366.97,207042
2020-12-04,367.32,369.85,367.22,369.85,31938071,368.939,155732
2020-12-07,369.02,369.62,367.72,369.09,31030389,368.795,161054
2020-12-08,367.69,370.78,367.67,370.17,26969025,369.461,133576
2020-12-09,370.87,371.05,365.95,366.85,49880549,368.064,249441
2020-12-10,365.36,367.86,364.43,366.73,34458906,366.726,192249
2020-12-11,364.9,366.58,363.26,366.3,36545350,365.168,189569
2020-12-14,368.62,369.8,364.47,364.66,43735674,367.038,215580
2020-12-15,367.4,369.59,365.92,369.59,34881268,368.117,181542
2020-12-16,369.82,371.16,368.86,370.17,33093362,370.054,172171
2020-12-17,371.94,372.46,371.05,372.24,28786078,371.86,154699
2020-12-18,370.97,371.15,367.02,369.18,54036390,368.818,288925
2020-12-21,364.97,373.0,362.03,367.86,62863915,365.857,336481
2020-12-22,368.21,368.34,366.03,367.24,31747377,367.399,173995
2020-12-23,368.28,369.62,367.39,367.57,28197881,368.754,147737
2020-12-24,368.08,369.01,367.45,369.0,15194033,368.344,83091
2020-12-28,371.75,372.59,371.07,372.17,23258375,371.982,118614
2020-12-29,373.81,374.0,370.83,371.46,35265707,371.973,177171
2020-12-30,372.34,373.1,371.57,371.99,28626339,372.25,133882
2020-12-31,371.78,374.66,371.23,373.88,41302978,372.96,181242
2021-01-04,375.31,375.45,364.82,368.79,75718356,368.829,375942
2021-01-05,368.1,372.5,368.05,371.33,40376879,370.636,201300
2021-01-06,369.71,376.98,369.12,373.55,74332339,374.194,357466
2021-01-07,376.1,379.9,375.91,379.1,44825214,378.71,224014
2021-01-08,380.58,381.49,377.1,381.26,47813082,379.999,239772
2021-01-11,377.87,380.58,377.71,378.69,36115589,379.041,185222
2021-01-12,378.89,379.86,376.36,378.77,36359116,378.61,193551
2021-01-13,378.69,380.86,377.85,379.79,31008292,379.736,167603
2021-01-14,380.59,381.13,378.1,378.46,31854575,379.81,163169
2021-01-15,376.72,377.58,373.7,375.7,48706792,375.99,257279
2021-01-19,378.34,379.23,376.75,378.65,31500082,378.344,169553
2021-01-20,381.1,384.79,380.69,383.89,35985269,383.259,171689
2021-01-21,384.49,384.95,383.25,384.24,28345609,384.296,139325
2021-01-22,382.25,384.08,381.83,382.88,29316967,383.126,142855
2021-01-25,383.67,384.77,378.46,384.39,50534390,382.527,272262
2021-01-26,385.41,385.85,383.54,383.79,30182065,384.427,159601
2021-01-27,380.22,380.32,372.01,374.41,82522157,376.112,425667
2021-01-28,376.35,381.93,375.89,377.63,56313638,379.573,307141
2021-01-29,375.61,376.67,368.27,370.07,89035947,371.96,450339
2021-02-01,373.72,377.34,371.42,376.23,47588343,375.107,248765
2021-02-02,379.61,383.22,379.6,381.55,42827752,382.078,206927
2021-02-03,382.44,383.7,380.48,381.85,34289948,382.457,174054
2021-02-04,382.96,386.24,382.78,386.19,29267423,384.631,142756
2021-02-05,388.21,388.47,386.48,387.71,28382584,387.571,135821
2021-02-08,389.27,390.54,388.35,390.51,25345607,389.363,123711
2021-02-09,389.61,390.89,389.17,390.25,24643367,390.255,124628
2021-02-10,392.12,392.28,387.5,390.08,42369088,389.845,218221
2021-02-11,391.25,391.69,388.1,390.71,31107599,390.12,162280
2021-02-12,389.85,392.9,389.77,392.64,30107646,391.492,146479
2021-02-16,393.97,394.17,391.53,392.3,35393884,392.941,185017
2021-02-17,390.42,392.66,389.33,392.39,36562309,391.08,188846
2021-02-18,389.57,391.52,387.74,390.72,42476711,389.778,197388
2021-02-19,392.07,392.38,389.55,390.03,44128189,390.846,202673
2021-02-22,387.06,389.62,386.74,387.03,44153072,387.852,205685
2021-02-23,384.65,388.95,380.2,387.5,81935134,384.798,420884
2021-02-24,386.33,392.23,385.27,391.77,52999163,389.504,293962
2021-02-25,390.41,391.88,380.77,382.33,117869281,385.744,702447
2021-02-26,384.4,385.58,378.23,380.36,110605854,382.425,652973
2021-03-01,385.59,390.92,385.54,389.58,75116775,388.631,362122
2021-03-02,389.82,390.07,386.0,386.54,56089341,388.298,319911
2021-03-03,385.79,386.83,381.31,381.42,92084840,384.153,551763
2021-03-04,381.22,384.0,371.88,376.7,143969445,378.169,897952
2021-03-05,380.42,384.76,372.64,383.63,103850887,378.98,625329
2021-03-08,384.66,387.68,381.42,381.72,93631775,385.142,617684
2021-03-09,385.85,389.91,385.31,387.17,75527842,388.124,409127
2021-03-10,389.67,391.4,388.17,389.58,81970422,389.874,504903
2021-03-11,392.23,395.65,391.74,393.53,58418046,393.968,307075
2021-03-12,392.08,394.21,391.2,394.06,42821291,392.656,242870
2021-03-15,394.37,396.69,392.03,396.41,50704003,394.359,287130
2021-03-16,397.07,397.83,395.08,395.91,54988896,396.612,304083
2021-03-17,394.54,398.12,393.3,397.26,63356194,395.543,385221
2021-03-18,394.47,396.72,390.75,391.48,73742534,393.823,418484
2021-03-19,389.91,391.57,387.15,389.48,67789637,389.807,394105
2021-03-22,390.03,394.07,389.97,392.59,44176114,392.339,250017
2021-03-23,391.9,393.46,388.66,389.5,64076409,391.225,338260
2021-03-24,390.98,392.75,387.49,387.52,68450436,390.467,395304
2021-03-25,385.99,390.55,383.9,389.7,83618889,387.217,475412
2021-03-26,390.93,396.41,390.29,395.98,73697650,392.473,402205
2021-03-29,394.4,396.75,392.81,395.78,71446482,394.979,433931
2021-03-30,394.41,395.45,393.02,394.73,54072539,394.254,294789
2021-03-31,395.33,398.0,395.31,396.33,66812432,396.937,335082
2021-04-01,398.4,400.67,398.18,400.61,48288820,399.396,249876
2021-04-05,403.49,406.94,403.38,406.36,58043464,405.793,282700
2021-04-06,405.77,407.24,405.4,406.12,42562018,406.415,211346
2021-04-07,405.94,406.96,405.45,406.59,40026570,406.315,204223
2021-04-08,407.93,408.58,406.93,408.52,36861973,407.973,186324
2021-04-09,408.4,411.67,408.26,411.49,44085645,409.81,207135
2021-04-12,410.85,411.93,410.2,411.64,40617214,411.112,208049
2021-04-13,411.53,413.53,411.12,412.86,42361400,412.331,201215
2021-04-14,412.85,413.96,410.87,411.45,46825255,412.335,254753
2021-04-15,413.74,416.16,413.69,415.87,45593444,415.07,240405
2021-04-16,417.25,417.91,415.73,417.26,48077069,416.978,234809
2021-04-19,416.26,416.74,413.79,415.21,53599317,415.015,289766
2021-04-20,413.91,414.68,410.59,412.17,53387440,412.29,302439
2021-04-21,411.51,416.29,411.36,416.07,48067960,414.493,232908
2021-04-22,415.88,416.78,411.13,412.27,74851389,413.743,413404
2021-04-23,412.87,418.25,412.79,416.74,47062444,416.239,239969
2021-04-26,417.44,418.22,416.97,417.61,33456858,417.677,182516
2021-04-27,417.93,418.14,416.3,417.52,31449179,417.393,179909
2021-04-28,417.81,419.01,416.9,417.4,38288196,417.795,216302
2021-04-29,420.32,420.72,416.44,420.06,57834568,418.979,316755
2021-04-30,417.64,418.54,416.34,417.3,58789620,417.283,317333
2021-05-03,419.43,419.84,417.66,418.2,42806863,418.714,245831
2021-05-04,416.07,416.6,411.67,415.62,73786719,413.837,418327
2021-05-05,417.38,417.63,414.94,415.75,45490290,416.365,260848
2021-05-06,415.82,419.21,413.67,419.07,58446678,416.529,339782
2021-05-07,419.91,422.82,419.16,422.12,47887285,421.888,279971
2021-05-10,422.5,422.74,417.81,417.94,60804758,420.449,331876
2021-05-11,413.1,415.27,410.06,414.21,92019014,413.27,547586
2021-05-12,411.23,412.59,404.0,405.41,97660132,407.925,568673
2021-05-13,407.05,412.35,407.02,410.28,86488625,410.4,499124
2021-05-14,413.21,417.49,413.18,416.58,56435256,415.883,300559
2021-05-17,415.39,416.39,413.36,415.52,49516056,414.812,296162
2021-05-18,415.8,416.06,411.77,411.94,44747296,414.487,264498
2021-05-19,406.92,411.05,405.33,410.86,80471170,408.139,494026
2021-05-20,411.79,416.63,411.67,415.28,57720702,414.787,332166
2021-05-21,416.86,418.2,414.45,414.94,50707719,416.127,312720
2021-05-24,417.37,420.32,417.08,419.17,37786587,419.228,208348
2021-05-25,420.33,420.71,417.62,418.24,41056873,418.852,250575
2021-05-26,418.87,419.61,417.76,419.07,33115348,418.855,195403
2021-05-27,420.17,420.72,419.12,419.29,42569975,419.848,258290
2021-05-28,420.98,421.25,419.79,420.04,37905156,420.582,220657
2021-06-01,422.58,422.72,419.2,419.67,37996108,420.309,231770
2021-06-02,420.37,421.23,419.29,420.33,32143830,420.22,193808
2021-06-03,417.87,419.99,416.28,418.77,43319236,418.661,256439
2021-06-04,420.75,422.92,420.68,422.6,34332358,422.007,200714
2021-06-07,422.59,422.78,421.19,422.19,32236868,421.871,189547
2021-06-08,423.22,423.25,420.32,422.28,33653522,422.15,193688
2021-06-09,423.17,423.26,421.41,421.65,29603673,422.461,168185
2021-06-10,422.96,424.63,421.55,423.61,35345971,423.483,202273
2021-06-11,424.19,424.42,422.82,424.31,27493637,423.683,152944
2021-06-14,424.43,425.29,423.1,425.26,27492017,423.806,161734
2021-06-15,425.43,425.46,423.54,424.48,32456474,424.431,186298
2021-06-16,424.63,424.87,419.92,422.11,54537861,422.382,337243
2021-06-17,421.67,423.02,419.32,421.97,51624314,421.858,281986
2021-06-18,417.08,417.83,414.7,414.92,60738339,416.496,340877
2021-06-21,416.8,421.06,415.93,420.86,49959506,419.574,289529
2021-06-22,420.85,424.0,420.08,423.11,39833927,422.288,226214
2021-06-23,423.15,424.05,422.51,422.6,32793878,423.28,180513
2021-06-24,424.89,425.55,424.62,425.1,31151844,425.12,179336
2021-06-25,425.9,427.1,425.55,426.61,38479405,426.379,214004
2021-06-28,427.17,427.65,425.89,427.47,30996675,426.769,174118
2021-06-29,427.89,428.56,427.13,427.7,26360441,427.897,146193
2021-06-30,427.2,428.78,427.18,428.06,35924481,428.039,192189
2021-07-01,428.83,430.6,428.8,430.43,37516744,429.816,194269
2021-07-02,431.67,434.1,431.33,433.72,39275015,432.942,191057
2021-07-06,433.78,434.01,430.01,432.93,49203721,431.847,242117
2021-07-07,433.66,434.76,431.51,434.46,45801269,433.777,246569
2021-07-08,428.78,431.73,427.52,430.92,71240304,429.726,413598
2021-07-09,432.53,435.84,432.31,435.52,48663235,434.738,258539
2021-07-12,435.42,437.35,434.97,437.08,34328257,436.565,195889
2021-07-13,436.26,437.84,435.31,435.59,39323350,436.424,218960
2021-07-14,437.39,437.92,434.91,436.24,43434158,436.477,227077
2021-07-15,434.81,435.53,432.72,434.75,43701255,434.35,251119
2021-07-16,436.03,436.06,430.92,431.34,52478161,433.093,280069
2021-07-19,426.19,426.71,421.97,424.97,109188478,423.697,643582
2021-07-20,425.68,432.42,424.83,431.06,72026774,430.253,386064
2021-07-21,432.36,434.7,432.14,434.55,42946208,433.727,223007
2021-07-22,434.74,435.72,433.69,435.46,33029811,434.859,193312
2021-07-23,437.53,440.3,436.79,439.94,42740153,438.913,239619
2021-07-26,439.34,441.03,439.26,441.02,28855119,440.248,165183
2021-07-27,439.91,439.94,435.99,439.01,50679870,437.957,293257
2021-07-28,439.68,440.3,437.31,438.83,38056966,439.01,234495
2021-07-29,439.83,441.8,439.81,440.65,33218602,441.069,172339
2021-07-30,437.91,440.06,437.77,438.51,45028132,438.615,262035
2021-08-02,440.33,440.93,437.21,437.59,43272579,439.082,249926
2021-08-03,438.41,441.28,436.1,441.15,44864605,439.118,255981
2021-08-04,439.77,440.41,438.73,438.98,34141233,439.661,206434
2021-08-05,440.22,441.85,439.88,441.76,27405684,440.85,148219
2021-08-06,442.1,442.94,441.8,442.49,30510075,442.37,166067
2021-08-09,442.45,442.8,441.31,442.13,24424362,442.086,134771
2021-08-10,442.6,443.44,441.88,442.68,30780243,442.658,158538
2021-08-11,443.8,443.89,442.62,443.78,29842850,443.409,166889
2021-08-12,443.62,445.26,442.66,445.11,28629745,444.126,152097
2021-08-13,445.59,445.93,445.07,445.92,25174675,445.543,129439
2021-08-16,444.54,447.11,442.87,446.97,44730284,444.833,251709
2021-08-17,444.24,444.96,440.85,444.04,69305789,443.166,378038
2021-08-18,442.96,444.63,438.92,439.18,59367854,442.201,314686
2021-08-19,436.27,441.14,436.12,439.86,74713834,439.15,436887
2021-08-20,440.23,443.71,439.71,443.36,46674347,442.633,256256
2021-08-23,445.16,448.23,445.14,447.26,37951304,447.291,187636
2021-08-24,447.97,448.54,447.42,447.97,25704116,448.087,141705
2021-08-25,448.17,449.46,447.77,448.91,28278915,448.872,150110
2021-08-26,448.61,448.86,446.16,446.26,46804001,447.233,273964
2021-08-27,447.12,450.65,447.06,450.25,46023092,449.596,244975
2021-08-30,450.99,453.07,450.71,452.23,32316391,452.36,173493
2021-08-31,452.13,452.49,450.92,451.56,38063055,451.719,202004
2021-09-01,452.58,453.11,451.54,451.8,35849957,452.366,196575
2021-09-02,453.32,454.05,451.91,453.19,31381425,452.979,174390
2021-09-03,451.97,453.63,451.55,453.08,31191630,452.839,173027
2021-09-07,452.71,452.81,450.74,451.46,35654050,451.677,192200
2021-09-08,450.88,451.67,448.86,450.91,41607914,450.421,233284
2021-09-09,450.69,452.57,448.72,448.98,43515965,450.309,240653
2021-09-10,451.04,451.49,445.31,445.44,60920667,447.754,336113
2021-09-13,448.65,448.92,444.11,446.58,58813523,445.976,344249
2021-09-14,448.11,448.34,443.22,444.17,54648181,444.875,309362
2021-09-15,444.62,448.41,443.44,447.88,54630634,446.369,301079
2021-09-16,447.32,448.36,444.02,447.17,50863767,446.32,289372
2021-09-17,444.92,445.37,441.02,441.4,72282668,442.324,426034
2021-09-20,434.88,436.56,428.86,434.04,122066242,432.882,690598
2021-09-21,436.54,437.91,433.07,433.63,68393678,435.276,407921
2021-09-22,436.05,440.03,435.07,437.86,74675923,438.058,450079
2021-09-23,439.84,444.89,439.6,443.18,56596242,443.295,320680
2021-09-24,441.45,444.67,441.21,443.91,42095950,443.308,246721
2021-09-27,442.81,444.05,441.9,442.64,42038294,443.004,253920
2021-09-28,439.69,440.04,432.94,433.72,96296360,435.209,566248
2021-09-29,435.19,437.04,433.85,434.45,62208795,435.417,358637
2021-09-30,436.02,436.77,428.78,429.14,95806640,432.347,527078
2021-10-01,430.98,436.04,427.23,434.24,89581554,431.745,500968
2021-10-04,433.0,433.96,426.36,428.64,93321693,428.601,557471
2021-10-05,430.27,435.49,429.39,433.1,66527625,433.655,363959
2021-10-06,429.27,435.12,427.54,434.9,85098238,431.451,460867
2021-10-07,438.41,441.68,438.2,438.66,53751620,440.186,309106
2021-10-08,439.48,439.89,437.19,437.86,49539804,438.495,291250
2021-10-11,437.16,440.26,434.62,434.69,45606434,437.388,251472
2021-10-12,435.67,436.1,432.78,433.62,50182068,434.44,272953
2021-10-13,434.71,436.05,431.54,435.18,51500958,434.004,290681
2021-10-14,439.08,442.66,438.58,442.5,48508219,441.301,263442
2021-10-15,444.76,446.26,444.09,445.87,42363586,445.359,227023
2021-10-18,443.97,447.55,443.27,447.19,38411426,446.292,207017
2021-10-19,448.92,450.7,448.27,450.64,35357494,449.847,199417
2021-10-20,451.13,452.74,451.01,452.41,33835944,451.99,196327
2021-10-21,451.76,453.83,451.31,453.59,28830367,452.418,162444
2021-10-22,453.13,454.67,451.05,453.12,43018221,453.003,253371
2021-10-25,454.28,455.9,452.39,455.55,30727454,454.712,178666
2021-10-26,457.2,458.49,455.56,455.96,41356249,457.052,242745
2021-10-27,456.45,457.16,453.86,453.94,39779982,455.673,226254
2021-10-28,455.46,458.4,455.45,458.32,32727151,457.28,186806
2021-10-29,455.87,459.56,455.56,459.25,41857817,458.166,245559
2021-11-01,460.3,460.71,458.2,460.04,31993775,459.408,191816
2021-11-02,460.21,462.23,460.08,461.9,31098995,461.471,170701
2021-11-03,461.3,465.15,460.83,464.72,36108733,462.825,207253
2021-11-04,465.35,467.0,464.99,466.91,34006444,466.093,190946
2021-11-05,469.28,470.65,466.92,468.53,44787011,469.085,260606
2021-11-08,469.7,470.23,468.2,468.93,27752483,469.12,169901
2021-11-09,469.32,469.57,465.88,467.38,36788630,467.165,227223
2021-11-10,465.58,467.38,462.04,463.62,50212323,464.688,295831
2021-11-11,465.21,465.29,463.75,463.77,25069930,464.434,144581
2021-11-12,465.12,467.86,464.11,467.27,34239790,466.432,188352
2021-11-15,468.64,468.81,466.23,467.43,31243544,467.368,196180
2021-11-16,467.16,470.49,467.07,469.28,30690839,469.363,177311
2021-11-17,469.0,469.19,467.48,468.14,29497388,468.299,170546
2021-11-18,469.24,470.01,466.34,469.73,35041674,468.758,193515
2021-11-19,469.61,470.94,468.5,468.89,32113393,469.472,187211
2021-11-22,470.82,473.54,467.35,467.57,52565138,470.923,319558
2021-11-23,467.2,469.1,464.45,468.19,52777057,466.804,321554
2021-11-24,466.06,469.57,465.19,469.44,42477179,467.921,243245
2021-11-26,462.38,463.9,457.77,458.97,70756049,460.21,424162
2021-11-29,464.09,466.56,461.73,464.6,54324793,464.507,295334
2021-11-30,462.0,464.03,455.3,455.56,97345838,458.362,571559
2021-12-01,461.63,464.67,450.29,450.5,91956498,458.383,506905
2021-12-02,450.72,459.07,450.31,457.4,87533227,456.046,507294
2021-12-03,459.17,460.3,448.92,453.42,98984469,452.503,601839
2021-12-06,456.1,460.79,453.56,458.79,66469276,458.042,411486
2021-12-07,464.41,468.88,464.34,468.28,64029666,467.538,355793
2021-12-08,468.7,470.0,466.83,469.52,41644684,468.594,261411
2021-12-09,468.15,469.11,466.14,466.35,41439380,467.8,263271
2021-12-10,469.23,470.9,466.51,470.74,48677073,469.08,287962
2021-12-13,470.19,470.56,466.27,466.57,56106236,467.894,356869
2021-12-14,463.05,465.74,460.25,463.36,59027012,462.531,350981
2021-12-15,463.42,470.86,460.74,470.6,72105010,465.256,422967
2021-12-16,472.57,472.87,464.8,466.45,72021609,468.639,440234
2021-12-17,461.52,464.74,458.06,459.87,79430871,461.367,470593
2021-12-20,454.44,455.4,451.14,454.98,69768075,453.405,396660
2021-12-21,458.61,463.21,456.31,463.06,48988284,460.442,299177
2021-12-22,462.79,467.81,462.58,467.69,38453226,465.783,231517
2021-12-23,468.75,472.19,468.64,470.6,34441902,471.029,193775
2021-12-27,472.03,477.31,472.01,477.26,36462840,475.492,210135
2021-12-28,477.76,478.81,476.06,476.87,28906261,477.275,172375
2021-12-29,477.02,478.56,475.92,477.48,31230850,477.358,186193
2021-12-30,477.93,479.0,475.67,476.16,31202791,477.667,182844
2021-12-31,475.64,476.86,474.67,474.96,37890220,475.743,234026
2022-01-03,476.33,477.85,473.85,477.71,44108897,476.382,266784
2022-01-04,479.22,479.98,475.58,477.55,44968769,477.927,279982
2022-01-05,477.2,477.98,468.28,468.38,66156527,473.304,408399
2022-01-06,467.89,470.82,465.43,467.94,61000400,468.536,378644
2022-01-07,467.95,469.2,464.65,466.09,53261796,466.916,302782
2022-01-10,462.7,465.74,456.59,465.51,82219683,460.655,466498
2022-01-11,465.22,469.85,462.05,469.75,55013999,466.385,316691
2022-01-12,471.59,473.2,468.94,471.02,47133157,471.045,295653
2022-01-13,472.21,472.88,463.44,464.53,61700837,467.862,377277
2022-01-14,461.15,465.09,459.9,464.72,69297443,462.743,415585
2022-01-18,459.73,459.96,455.31,456.49,74916160,457.284,455850
2022-01-19,458.17,459.62,451.46,451.75,72552938,455.816,426870
2022-01-20,453.75,458.74,444.5,446.75,90106445,453.109,530272
2022-01-21,445.56,448.06,437.98,437.98,125005931,442.539,766744
2022-01-24,432.05,440.38,420.76,439.84,166686958,429.796,1020293
2022-01-25,433.12,439.72,427.15,434.47,109906287,433.071,653833
2022-01-26,440.72,444.04,428.86,433.38,136005061,437.264,862139
2022-01-27,438.26,441.59,429.45,431.24,101900681,434.774,647631
2022-01-28,432.7,442.0,427.82,441.95,114054145,434.916,715587
2022-01-31,441.26,450.28,439.81,449.91,89297816,446.386,563363
2022-02-01,450.72,453.63,446.93,452.95,71899075,450.568,462839
2022-02-02,455.5,458.12,453.05,457.35,71258978,455.949,463324
2022-02-03,450.95,452.97,445.71,446.6,79612509,449.568,510963
2022-02-04,446.36,452.78,443.83,448.7,77259386,448.601,491799
2022-02-07,449.51,450.99,445.85,447.26,60837007,448.661,409668
2022-02-08,446.73,451.92,445.22,450.94,58210133,449.155,374103
2022-02-09,455.25,457.88,455.0,457.54,61071593,456.453,379113
2022-02-10,451.34,457.71,447.2,449.32,93426084,452.643,574409
2022-02-11,449.38,451.61,438.94,440.46,111756299,444.156,684840
2022-02-14,439.92,441.6,435.34,439.02,89053288,438.786,573189
2022-02-15,443.73,446.28,443.18,446.1,62293954,445.018,380947
2022-02-16,443.93,448.06,441.94,446.6,59959788,444.732,373011
2022-02-17,443.22,443.8,436.42,437.06,69445364,439.592,411896
2022-02-18,437.36,438.66,431.82,434.23,81280061,434.962,493206
2022-02-22,431.89,435.5,425.86,429.57,87958049,430.531,537730
2022-02-23,432.69,433.26,421.35,421.95,92002738,426.053,555468
2022-02-24,411.02,428.76,410.64,428.3,140709193,419.211,938611
2022-02-25,429.61,437.84,427.86,437.75,88194380,434.787,543300
2022-02-28,432.08,438.2,430.7,436.63,102256623,434.167,647431
2022-03-01,435.04,437.17,427.11,429.98,93454479,431.205,584206
2022-03-02,432.41,439.56,431.57,437.89,82368574,436.645,505273
2022-03-03,440.47,441.11,433.84,435.71,78101900,436.941,478163
2022-03-04,431.75,433.37,427.88,432.17,82095384,430.554,504387
2022-03-07,431.55,431.84,419.36,419.43,89102216,423.816,561446
2022-03-08,419.7,427.21,415.12,416.25,117130353,420.078,703344
2022-03-09,425.14,429.51,422.82,427.41,76096852,426.708,458234
2022-03-10,422.52,426.43,420.44,425.48,64375229,423.567,397633
2022-03-11,428.12,428.77,419.53,420.07,67240791,424.108,420153
2022-03-14,420.89,424.55,415.79,417.0,70698762,419.181,427203
2022-03-15,419.76,426.84,418.42,426.17,69728373,423.215,423811
2022-03-16,429.91,435.68,424.8,435.62,98394659,431.46,581804
2022-03-17,433.59,441.07,433.19,441.07,61225870,437.577,357258
2022-03-18,438.0,444.86,437.22,444.52,60706664,441.526,353619
2022-03-21,444.34,446.46,440.68,444.39,61883972,443.703,365358
2022-03-22,445.86,450.58,445.86,449.59,53127237,448.789,298900
2022-03-23,446.91,448.49,443.79,443.8,51931519,446.08,294746
2022-03-24,445.93,450.49,444.76,450.49,43590825,447.862,251714
2022-03-25,451.16,452.98,448.43,452.69,50014898,450.844,313896
2022-03-28,452.06,455.91,450.06,455.91,45678531,453.022,263847
2022-03-29,460.07,462.07,457.18,461.55,60622608,459.814,344663
2022-03-30,460.34,461.2,456.46,458.7,51077068,458.945,304085
2022-03-31,457.88,458.76,451.16,451.64,65751796,455.414,370336
2022-04-01,453.32,453.46,449.14,452.92,56036308,451.573,307970
2022-04-04,453.13,456.83,452.26,456.8,40084012,455.219,226198
2022-04-05,455.22,457.83,449.82,451.03,56660640,453.393,323816
2022-04-06,446.89,448.93,443.47,446.52,77605693,446.02,441181
2022-04-07,445.61,450.69,443.53,448.77,58976686,447.015,319440
2022-04-08,447.97,450.63,445.94,447.57,51245313,448.27,273072
2022-04-11,444.11,445.0,439.39,439.92,59761274,441.977,333828
2022-04-12,443.08,445.75,436.65,438.29,64438874,440.947,359211
2022-04-13,438.03,444.11,437.84,443.31,49412962,441.478,295978
2022-04-14,443.51,444.74,437.68,437.79,57479382,440.437,325395
2022-04-18,436.81,439.75,435.61,437.97,44964908,437.766,258614
2022-04-19,437.86,445.8,437.68,445.04,55583068,443.289,309606
2022-04-20,446.91,447.57,443.48,444.71,50755555,445.653,302566
2022-04-21,448.54,450.01,437.1,438.06,66677796,442.817,388251
2022-04-22,436.9,437.23,425.44,426.04,87451615,430.004,472382
2022-04-25,423.66,428.69,418.84,428.51,85777369,423.574,463039
2022-04-26,425.82,426.04,416.07,416.1,74839647,420.311,405941
2022-04-27,417.24,422.92,415.01,417.27,85872180,419.161,507579
2022-04-28,422.29,429.64,417.6,427.81,76560596,424.448,415543
2022-04-29,423.59,425.87,411.21,412.0,96339890,417.104,544824
2022-05-02,412.07,415.92,405.02,414.48,106578120,410.84,602714
2022-05-03,415.01,418.93,413.36,416.38,76540143,416.163,432228
2022-05-04,417.07,429.66,413.7,429.06,104905212,421.017,611231
2022-05-05,424.52,425.0,409.44,413.81,130827678,415.013,783553
2022-05-06,411.1,414.8,405.73,411.34,104966193,410.202,642334
2022-05-09,405.1,406.41,396.5,398.17,107213751,401.3,624252
2022-05-10,404.49,406.08,394.82,399.09,93467591,399.878,582482
2022-05-11,398.05,404.04,391.96,392.75,96579517,397.617,621363
2022-05-12,389.37,395.8,385.15,392.34,88079980,389.782,507531
2022-05-13,396.7,403.18,395.61,401.72,73300570,400.243,408171
2022-05-16,399.98,403.97,397.6,400.09,55181385,400.599,302623
2022-05-17,406.53,408.57,402.58,408.32,57983845,405.992,314870
2022-05-18,403.5,403.8,390.55,391.86,77297449,395.243,407094
2022-05-19,388.56,394.14,387.11,389.46,69685832,390.395,387419
2022-05-20,393.25,397.03,380.54,389.63,84556759,386.19,470790
2022-05-23,392.83,397.73,390.38,396.92,57102048,395.127,324546
2022-05-24,392.56,395.15,386.96,393.89,65574453,390.974,344143
2022-05-25,392.31,399.45,391.89,397.37,59792195,395.93,322358
2022-05-26,398.67,407.04,398.45,405.31,55446007,404.69,292939
2022-05-27,407.93,415.39,407.7,415.26,57568095,412.406,319940
2022-05-31,413.55,416.46,410.03,412.93,62439764,413.419,346832
2022-06-01,415.15,416.24,406.93,409.59,61415457,410.671,336493
2022-06-02,409.47,417.44,407.04,417.39,56388179,412.995,305025
2022-06-03,412.35,414.04,409.51,410.54,50649259,411.313,276316
2022-06-06,414.78,416.61,410.55,411.79,44078470,413.215,244035
2022-06-07,408.1,416.22,407.61,415.74,41913603,412.904,237087
2022-06-08,413.93,415.82,410.38,411.22,44464319,412.719,255790
2022-06-09,409.33,411.74,401.44,401.44,57949482,406.998,318998
2022-06-10,394.88,395.78,389.75,389.8,83506633,391.727,500025
2022-06-13,379.85,381.81,373.3,375.0,100717125,377.282,574106
2022-06-14,376.85,377.94,370.59,373.87,69559214,374.184,426175
2022-06-15,377.36,383.9,372.12,379.2,88130043,378.283,509283
2022-06-16,370.51,370.94,364.07,366.65,89201307,367.111,506439
2022-06-17,365.49,369.38,362.17,365.86,69422925,366.396,409753
2022-06-21,371.88,376.53,371.81,375.07,52536316,374.996,304040
2022-06-22,370.65,378.72,370.18,374.39,58400803,375.589,328269
2022-06-23,376.64,378.83,372.89,378.06,54936061,376.053,313054
2022-06-24,381.4,390.08,381.36,390.08,62140939,386.871,316702
2022-06-27,391.05,391.36,387.44,388.59,47323147,389.052,261846
2022-06-28,390.23,393.16,380.53,380.65,59414397,385.134,311086
2022-06-29,381.23,382.27,378.42,380.34,49857659,380.357,273469
2022-06-30,376.24,380.66,372.56,377.25,74793889,376.805,410878
2022-07-01,376.53,381.7,373.8,381.24,54413122,377.984,305907
2022-07-05,375.89,381.98,372.9,381.96,59935220,376.968,327463
2022-07-06,382.11,385.87,379.6,383.25,50821431,382.474,286014
2022-07-07,385.12,389.83,385.12,388.99,43617889,387.985,236352
2022-07-08,387.27,390.64,385.66,388.67,46565618,388.658,248287
2022-07-11,385.86,386.87,383.5,384.23,41556724,384.756,231735
2022-07-12,383.65,386.16,378.99,380.83,43476903,382.767,246904
2022-07-13,375.1,381.92,374.65,378.83,56299560,378.927,318589
2022-07-14,373.66,378.57,371.04,377.91,56795684,374.833,319106
2022-07-15,382.55,385.25,380.54,385.13,45125797,383.715,257039
2022-07-18,388.38,389.09,380.66,381.95,43377691,385.511,237817
2022-07-19,386.08,392.87,385.39,392.27,53187208,390.057,281641
2022-07-20,392.41,396.26,391.03,394.77,48765663,394.262,261870
2022-07-21,394.16,398.84,391.63,398.79,44860771,395.901,249929
2022-07-22,398.92,400.16,392.75,395.09,47382826,395.931,264825
2022-07-25,395.75,396.47,393.21,395.57,36862075,394.941,200194
2022-07-26,393.84,394.06,389.95,390.89,37466404,391.647,199874
2022-07-27,394.36,402.88,394.05,401.04,56761731,398.545,311284
2022-07-28,401.89,406.8,398.15,406.07,49801126,403.47,270299
2022-07-29,407.62,413.03,406.77,411.99,52310299,410.799,274053
2022-08-01,409.15,413.41,408.4,410.77,48851396,411.076,259166
2022-08-02,409.12,413.0,406.82,408.06,45551433,409.8,238877
2022-08-03,410.34,415.68,410.0,414.45,45076908,413.466,233836
2022-08-04,414.3,415.09,412.44,414.17,30279463,414.022,167289
2022-08-05,409.7,414.15,409.6,413.47,39858463,412.202,216131
2022-08-08,415.25,417.62,411.83,412.99,37833647,414.596,207760
2022-08-09,412.22,412.75,410.22,411.35,33550149,411.273,180242
2022-08-10,418.79,420.14,416.72,419.99,43997875,418.965,238751
2022-08-11,422.99,424.95,419.21,419.99,41096756,421.828,221554
2022-08-12,422.03,427.21,421.03,427.1,40383532,424.592,203198
2022-08-15,424.77,429.41,424.71,428.86,35975723,427.67,183713
2022-08-16,427.73,431.73,426.88,429.7,40136170,429.327,203036
2022-08-17,425.95,429.5,424.54,426.65,42552173,426.769,225164
2022-08-18,426.86,428.61,425.5,427.89,32636219,427.13,161844
2022-08-19,424.98,425.26,421.22,422.14,45147408,422.795,228103
2022-08-22,417.05,417.23,412.4,413.35,48071686,414.365,228615
2022-08-23,412.9,415.42,411.77,412.35,37244378,413.157,191714
2022-08-24,412.14,415.12,411.39,413.67,33426984,413.42,161714
2022-08-25,415.25,419.56,414.09,419.51,34744423,416.9,163017
2022-08-26,419.39,419.96,405.25,405.31,68769094,410.768,356430
2022-08-29,402.2,405.84,401.19,402.63,46718695,403.52,251311
2022-08-30,403.85,404.1,396.0,398.21,60428172,398.675,325058
2022-08-31,399.93,401.24,395.04,395.18,49088387,397.555,264250
2022-09-01,392.89,396.78,390.04,396.42,58378564,392.717,316079
2022-09-02,400.29,401.56,390.33,392.24,67689067,395.7,356590
2022-09-06,393.1,394.12,388.42,390.76,56624932,391.137,281589
2022-09-07,390.43,398.59,390.2,397.78,51375352,395.208,254626
2022-09-08,395.3,400.86,394.12,400.38,56724614,398.17,287721
2022-09-09,402.75,407.51,402.46,406.6,51785258,405.667,267735
2022-09-12,408.78,411.73,408.46,410.97,47854767,410.28,238776
2022-09-13,401.82,403.1,391.92,393.1,72986149,397.211,385447
2022-09-14,394.46,396.2,391.12,394.6,50264655,393.806,272735
2022-09-15,392.96,395.96,388.78,390.12,57703926,391.922,310357
2022-09-16,384.18,386.25,382.11,385.56,62726601,384.169,349037
2022-09-19,382.26,388.55,382.17,388.55,47844388,385.967,251454
2022-09-20,385.05,386.12,381.19,384.09,55004847,383.853,290181
2022-09-21,386.11,389.31,377.39,377.39,78071054,383.717,424536
2022-09-22,376.54,377.66,373.44,374.22,59215774,375.299,319078
2022-09-23,370.58,370.62,363.29,367.95,80887171,366.89,421637
2022-09-26,366.43,370.21,363.02,364.31,65288182,365.997,337575
2022-09-27,368.02,370.4,360.87,363.38,75522528,364.666,405308
2022-09-28,364.38,372.3,362.6,370.53,69515511,368.171,363993
2022-09-29,366.81,367.11,359.7,362.79,80871855,362.365,439581
2022-09-30,361.8,365.91,357.11,357.18,86078958,360.909,442397
2022-10-03,361.08,368.55,359.21,366.61,63316408,365.054,333441
2022-10-04,372.41,377.99,372.31,377.97,70099962,376.27,363297
2022-10-05,373.39,379.46,370.95,377.09,63672774,375.171,317648
2022-10-06,375.62,378.72,372.68,373.2,59640078,374.983,306273
2022-10-07,368.97,369.37,360.94,362.79,70612496,364.317,357502
2022-10-10,363.97,364.21,357.67,360.02,54165376,360.789,276544
2022-10-11,358.26,363.03,355.71,357.74,69561786,358.796,359917
2022-10-12,358.17,359.82,356.3,356.56,52390583,358.097,273294
2022-10-13,349.22,367.51,348.11,365.97,105072913,360.305,552711
2022-10-14,368.53,370.26,356.96,357.63,83863343,360.946,416671
2022-10-17,364.0,367.98,363.97,366.82,64212023,366.587,340800
2022-10-18,375.13,375.45,367.52,371.13,71156108,371.072,347774
2022-10-19,368.98,371.85,365.55,368.5,55542419,368.502,285145
2022-10-20,368.01,372.67,364.61,365.41,62070047,367.946,322997
2022-10-21,365.13,374.8,363.54,374.29,73188439,370.454,366959
2022-10-24,375.91,380.06,373.11,378.87,58136808,377.311,302274
2022-10-25,378.79,385.25,378.71,384.92,56950032,383.074,293374
2022-10-26,381.65,387.58,381.35,382.02,64855820,383.796,336824
2022-10-27,383.08,385.0,379.33,379.98,54338755,381.686,281739
2022-10-28,379.88,389.52,379.68,389.02,61296341,386.134,330423
2022-10-31,386.44,388.4,385.26,386.21,59650457,386.65,299738
2022-11-01,390.14,390.39,383.29,384.52,58262303,385.554,301975
2022-11-02,383.9,388.63,374.84,374.87,87748075,381.801,467975
2022-11-03,371.46,374.2,368.79,371.01,56056870,372.043,308125
2022-11-04,377.0,378.87,370.0,376.35,67250170,374.087,348208
2022-11-07,377.71,380.57,375.53,379.95,45852285,378.224,251726
2022-11-08,381.11,385.12,377.72,382.0,61627362,382.084,300338
2022-11-09,379.85,381.14,373.61,374.13,53919076,377.17,284789
2022-11-10,388.03,395.04,385.64,394.69,88407021,390.891,489238
2022-11-11,395.59,399.35,393.61,398.51,59451409,396.93,301826
2022-11-14,396.66,400.18,394.83,395.12,46969094,397.787,254037
2022-11-15,401.15,402.31,394.49,398.49,63034312,398.811,329929
2022-11-16,396.78,397.78,394.79,395.45,45284235,396.022,241813
2022-11-17,390.46,394.95,390.14,394.24,49478300,392.498,257553
2022-11-18,397.73,397.81,393.04,396.03,52621163,395.242,267980
2022-11-21,394.64,395.82,392.66,394.59,35300657,394.47,187787
2022-11-22,396.63,400.07,395.15,399.9,39544138,398.148,205067
2022-11-23,399.55,402.93,399.31,402.42,46803342,401.556,242242
2022-11-25,401.83,402.91,401.53,402.33,15850986,402.305,83816
2022-11-28,399.09,400.81,395.11,395.91,43239703,397.616,220704
2022-11-29,396.04,397.3,393.3,395.23,38796292,395.154,191401
2022-11-30,395.45,407.68,393.48,407.68,85981204,401.399,441058
2022-12-01,408.81,410.0,404.75,407.38,53015079,407.328,279856
2022-12-02,402.2,407.86,402.14,406.91,51386958,405.005,270438
2022-12-05,403.92,404.93,398.17,399.59,50112911,401.027,257424
2022-12-06,399.42,399.99,391.64,393.83,56184559,394.595,296069
2022-12-07,392.9,395.64,391.97,393.16,42721635,393.473,229773
2022-12-08,395.13,397.36,393.45,396.24,40450318,395.791,216670
2022-12-09,394.94,397.62,393.15,393.28,45823196,395.536,235232
2022-12-12,394.1,398.95,393.41,398.95,43044993,396.126,216561
2022-12-13,410.2,410.49,399.07,401.97,80380655,403.784,452246
2022-12-14,401.61,405.5,396.31,399.4,70987897,401.225,399246
2022-12-15,394.31,395.25,387.88,389.63,75638131,390.209,401020
2022-12-16,385.19,386.58,381.04,383.27,67804159,383.272,347538
2022-12-19,383.46,383.82,378.28,380.02,51384458,380.536,260882
2022-12-20,379.23,382.23,377.85,380.54,47104274,380.654,246350
2022-12-21,383.28,387.41,382.69,386.23,45395169,385.693,229084
2022-12-22,383.05,383.38,374.77,380.72,66569038,378.67,347544
2022-12-23,379.65,383.06,378.03,382.91,36886623,381.357,197204
2022-12-27,382.78,383.15,379.65,381.4,35493075,381.692,193672
2022-12-28,381.34,383.39,376.42,376.66,45531220,378.93,234308
2022-12-29,379.66,384.35,379.08,383.44,43269617,382.947,233059
2022-12-30,380.64,382.53,378.43,382.43,50712172,380.642,271358
2023-01-03,384.42,386.43,377.83,380.82,49025780,380.747,263206
2023-01-04,383.18,385.88,380.0,383.76,59492813,383.248,306054
2023-01-05,381.72,381.84,378.76,379.38,50586540,380.065,254294
2023-01-06,382.61,389.25,379.45,388.08,67780017,385.907,354102
2023-01-09,390.37,393.7,387.67,387.86,53613670,390.721,269350
2023-01-10,387.25,390.65,386.27,390.58,42112408,388.923,214363
2023-01-11,392.23,395.6,391.38,395.52,44522834,393.532,228681
2023-01-12,396.67,398.49,392.42,396.96,60865337,396.276,307838
2023-01-13,393.62,399.1,393.34,398.5,44001855,396.678,227158
2023-01-17,398.49,400.23,397.06,397.77,43652430,398.273,219897
2023-01-18,398.98,400.12,391.28,391.49,65803565,394.883,350609
2023-01-19,389.35,391.08,387.26,388.64,59730051,389.207,304492
2023-01-20,390.08,396.04,388.38,395.88,54553246,392.815,283686
2023-01-23,396.72,402.65,395.72,400.63,56989696,400.051,302268
2023-01-24,398.88,401.15,397.64,400.2,40333275,399.833,214739
2023-01-25,395.95,400.7,393.56,400.35,59716364,397.28,323509
2023-01-26,403.12,404.92,400.03,404.75,47402233,402.615,262893
2023-01-27,403.65,408.16,403.44,405.68,46771381,405.941,245882
2023-01-30,402.8,405.13,400.28,400.59,49677637,402.253,262111
2023-01-31,401.11,406.53,400.77,406.48,51526515,403.951,267460
2023-02-01,405.21,413.67,402.35,410.8,74134379,407.668,388833
2023-02-02,414.86,418.31,412.88,416.78,70122165,415.604,375626
2023-02-03,411.59,416.97,411.09,412.35,59016272,413.764,330042
2023-02-06,409.79,411.29,408.1,409.83,41906178,409.915,218554
2023-02-07,408.88,416.49,407.57,415.19,65510470,411.854,365314
2023-02-08,413.13,414.53,409.93,410.65,53104734,411.659,294104
2023-02-09,414.41,414.57,405.81,407.09,58181222,409.846,315618
2023-02-10,405.88,408.44,405.01,408.04,50787832,406.91,264785
2023-02-13,408.71,412.97,408.24,412.83,45102405,411.535,232892
2023-02-14,411.25,415.05,408.51,412.64,64095087,411.952,356620
2023-02-15,410.36,414.0,409.47,413.98,41926842,411.98,224304
2023-02-16,408.79,412.91,408.14,408.28,58922476,410.424,336067
2023-02-17,406.06,407.51,404.05,407.26,58470850,405.794,315961
2023-02-21,403.06,404.16,398.82,399.09,55819901,400.767,295565
2023-02-22,399.52,401.13,397.02,398.54,60202859,398.944,318946
2023-02-23,401.54,402.2,396.25,400.66,73729521,399.517,430275
2023-02-24,395.41,397.25,393.64,396.38,79673225,395.36,457442
2023-02-27,399.86,401.29,396.75,397.73,60198492,398.784,354044
2023-02-28,397.23,399.28,396.18,396.26,61373009,397.633,356051
2023-03-01,395.41,396.69,393.38,394.74,69745849,395.002,418510
2023-03-02,392.69,398.69,392.33,397.81,63295004,395.319,353382
2023-03-03,399.7,404.45,399.03,404.19,63783672,402.104,362659
2023-03-06,405.06,407.45,404.03,404.47,53672307,405.617,302319
2023-03-07,404.42,404.67,397.62,398.27,79466388,400.205,452471
2023-03-08,398.39,399.71,396.59,398.92,57013245,398.179,325434
2023-03-09,399.75,401.48,390.53,391.56,84615241,395.691,472590
2023-03-10,390.99,393.16,384.32,385.91,129400094,388.194,765849
2023-03-13,381.85,390.39,380.65,385.36,105021503,386.174,623657
2023-03-14,390.5,393.45,387.05,391.73,102076416,390.695,626037
2023-03-15,385.87,389.49,383.71,389.28,116865049,386.686,730096
2023-03-16,386.82,396.47,386.29,396.11,99936042,392.898,596364
2023-03-17,393.21,394.4,388.55,389.99,85090861,390.77,508812
2023-03-20,390.79,394.17,390.07,393.74,67062261,392.559,389217
2023-03-21,397.26,399.41,395.58,398.91,59675119,397.411,347173
2023-03-22,398.73,402.49,392.07,392.11,80845694,398.126,449330
2023-03-23,395.07,399.29,390.35,393.17,87261908,394.872,498621
2023-03-24,391.84,395.84,389.4,395.75,75303499,392.829,434395
2023-03-27,398.11,398.92,395.56,396.49,52995419,397.058,294403
2023-03-28,395.76,396.49,393.69,395.6,45669334,395.143,267800
2023-03-29,399.92,401.6,398.68,401.35,54142546,400.152,304860
2023-03-30,404.09,404.35,401.76,403.7,50894619,403.268,288082
2023-03-31,404.65,409.7,404.55,409.39,69019034,407.356,372654
2023-04-03,408.86,411.37,408.44,410.95,49327654,409.967,287920
2023-04-04,411.62,411.92,407.24,408.67,49927785,409.124,277813
2023-04-05,407.89,408.7,405.88,407.6,48235372,407.219,267771
2023-04-06,406.77,409.48,405.67,409.19,45286486,407.98,247780
2023-04-10,406.6,409.69,405.97,409.61,45258272,407.804,242017
2023-04-11,410.26,411.18,408.92,409.72,38904757,410.073,210746
2023-04-12,411.85,412.17,407.44,408.05,62292405,409.734,338590
2023-04-13,409.24,413.84,408.7,413.47,57550617,411.802,324818
2023-04-14,412.82,415.09,410.06,412.46,57068357,412.128,329491
2023-04-17,412.38,413.96,411.08,413.94,47164100,412.497,250117
2023-04-18,415.6,415.72,412.78,414.21,47161645,414.062,265964
2023-04-19,412.22,415.08,412.16,414.14,41986801,413.65,230564
2023-04-20,411.22,413.7,410.27,411.88,56272415,411.936,305889
2023-04-21,412.19,412.68,410.17,412.2,49493789,411.695,268251
2023-04-24,411.99,413.07,410.6,412.63,44365398,412.017,243386
2023-04-25,410.59,411.16,406.02,406.08,61815868,408.159,347659
2023-04-26,406.75,407.84,403.78,404.36,56829317,405.698,317983
2023-04-27,407.0,412.69,406.74,412.41,64209166,410.159,353014
2023-04-28,411.49,415.93,411.43,415.93,61621332,414.359,331450
2023-05-01,415.44,417.62,415.26,415.51,46368607,416.269,263802
2023-05-02,414.77,414.83,407.82,410.84,76670933,410.491,424864
2023-05-03,411.34,413.87,407.77,408.02,69232783,410.913,388759
2023-05-04,406.93,407.27,403.74,405.13,67795566,405.374,390799
2023-05-05,408.91,413.72,408.64,412.63,58684146,411.564,323530
2023-05-08,412.95,413.24,411.28,412.74,38453111,412.474,217785
2023-05-09,411.13,412.09,410.68,410.93,34310153,411.312,201668
2023-05-10,413.89,414.54,408.87,412.85,67633820,411.938,381999
2023-05-11,411.94,412.43,409.97,412.13,50015854,411.339,279442
2023-05-12,413.41,413.64,409.07,411.59,49023391,410.982,272304
2023-05-15,412.22,413.43,410.23,413.01,40096656,412.031,221575
2023-05-16,411.86,412.82,410.25,410.25,41552998,411.455,243521
2023-05-17,412.35,415.86,410.63,415.23,58915569,413.828,326665
2023-05-18,414.9,419.67,414.67,419.23,64192969,417.211,354034
2023-05-19,420.17,420.72,417.35,418.62,60934681,418.936,357695
2023-05-22,418.63,420.39,417.35,418.79,45480294,419.072,257708
2023-05-23,417.08,418.13,413.68,414.09,58833222,415.9,330644
2023-05-24,412.4,412.82,409.87,411.09,61658646,411.049,356303
2023-05-25,414.73,416.16,412.41,414.65,61304376,414.126,357645
2023-05-26,415.33,420.77,415.25,420.02,59328555,419.178,332079
2023-05-30,422.03,422.58,418.73,420.18,53200748,420.459,304252
2023-05-31,418.28,419.22,416.22,417.85,64268149,417.725,359320
2023-06-01,418.09,422.92,416.79,421.82,64817654,420.479,366446
2023-06-02,424.5,428.74,423.95,427.92,63769417,427.091,341031
2023-06-05,428.29,429.67,426.37,427.1,48670343,428.052,269871
2023-06-06,426.67,428.58,425.99,428.03,46034156,427.53,261651
2023-06-07,428.44,429.62,426.11,426.55,58873896,427.336,339110
2023-06-08,426.62,429.6,425.82,429.13,44988845,428.211,263034
2023-06-09,429.96,431.99,428.87,429.9,55490289,430.373,327533
2023-06-12,430.92,433.88,430.17,433.8,50518608,431.96,280055
2023-06-13,435.32,437.33,434.63,436.66,61420080,436.266,369896
2023-06-14,437.01,439.07,433.59,437.18,67747525,436.583,394854
2023-06-15,436.35,443.9,436.23,442.6,73605741,440.986,420057
2023-06-16,442.97,443.18,438.97,439.46,61974640,440.968,362468
2023-06-20,437.47,438.37,435.03,437.18,52872380,437.019,301121
2023-06-21,436.19,436.99,434.33,434.94,53572502,435.467,310773
2023-06-22,433.95,436.62,433.6,436.51,45622821,435.357,254140
2023-06-23,432.92,435.06,432.47,433.21,56945032,433.614,326166
2023-06-26,432.63,434.61,431.19,431.44,49934009,432.575,281621
2023-06-27,432.35,436.81,431.88,436.17,49893512,434.799,278070
2023-06-28,435.05,437.44,434.41,436.39,54463055,435.627,308094
2023-06-29,435.95,438.28,435.54,438.11,47306064,437.224,267223
2023-06-30,441.44,444.3,441.11,443.28,66214865,443.156,353772
2023-07-03,442.92,444.08,442.63,443.79,22399622,443.519,122865
2023-07-05,441.9,443.89,441.9,443.13,36927402,443.263,211348
2023-07-06,439.41,440.1,437.06,439.66,56391472,438.724,324061
2023-07-07,438.63,442.64,438.3,438.55,56285987,440.299,309873
2023-07-10,438.17,439.84,437.58,439.66,40557750,438.885,224017
2023-07-11,440.45,442.97,439.44,442.46,45339213,441.195,243649
2023-07-12,446.39,447.48,444.91,446.02,58663642,446.185,321581
2023-07-13,447.89,450.38,447.45,449.56,44558739,448.859,246712
2023-07-14,450.48,451.36,448.49,449.28,46907891,449.925,272192
2023-07-17,449.12,451.93,449.08,450.84,35662697,450.533,199854
2023-07-18,450.5,454.86,450.04,454.19,53539490,453.2,297066
2023-07-19,455.02,456.43,454.37,455.2,46319815,455.529,281661
2023-07-20,454.16,455.1,451.44,452.18,51230891,453.308,307190
2023-07-21,453.96,454.17,452.17,452.18,45143413,453.069,265701
2023-07-24,453.37,455.04,452.75,454.2,36479645,454.044,211443
2023-07-25,453.91,456.74,453.87,455.44,36732790,455.464,208619
2023-07-26,454.48,456.99,453.38,455.51,51168750,454.896,302311
2023-07-27,459.02,459.44,451.55,452.49,65419395,455.598,373856
2023-07-28,455.85,457.78,455.06,456.92,54868803,456.652,312295
2023-07-31,457.41,458.16,456.04,457.79,40534507,457.052,226376
2023-08-01,456.27,457.25,455.49,456.48,36957352,456.381,218381
2023-08-02,453.25,453.52,449.34,450.13,62259930,451.108,353984
2023-08-03,448.05,450.79,447.37,448.84,46568880,449.126,274368
2023-08-04,450.72,452.9,446.27,446.81,66098419,449.396,372736
2023-08-07,448.73,450.87,447.99,450.71,41141542,449.527,236772
2023-08-08,448.08,449.23,445.27,448.75,50455464,447.061,288090
2023-08-09,449.03,449.2,444.96,445.75,57617456,447.07,328789
2023-08-10,448.18,451.7,444.7,445.91,70207134,447.76,394802
2023-08-11,443.97,446.71,443.34,445.65,50510403,445.219,289928
2023-08-14,444.7,448.11,444.38,448.11,36166671,446.672,208105
2023-08-15,446.27,446.64,442.3,442.89,53216149,444.073,307938
2023-08-16,442.46,444.18,439.53,439.64,55527301,441.775,322282
2023-08-17,441.15,441.43,435.75,436.29,59040195,438.574,334648
2023-08-18,433.39,437.57,433.01,436.5,63004189,435.509,378622
2023-08-21,437.55,440.11,435.32,439.34,51081628,437.915,303323
2023-08-22,441.16,441.18,437.57,438.15,47064118,438.861,278525
2023-08-23,439.22,443.67,439.1,443.03,46537771,442.045,262755
2023-08-24,444.69,445.22,436.85,436.89,68336969,440.252,355737
2023-08-25,438.68,441.3,435.0,439.97,78062546,438.658,410436
2023-08-28,442.24,443.4,440.86,442.76,47639937,442.098,266874
2023-08-29,442.65,449.45,442.46,449.16,63354670,447.287,337588
2023-08-30,449.53,451.67,448.78,451.01,51142703,450.66,277572
2023-08-31,451.61,452.83,450.16,450.35,46231576,451.494,237656
2023-09-01,453.17,453.67,449.68,451.19,42300412,451.244,238407
2023-09-05,450.74,451.06,449.17,449.24,41071472,450.032,242065
2023-09-06,448.4,448.51,443.81,446.22,53871750,445.933,308851
2023-09-07,443.15,445.55,442.75,444.85,49580412,444.434,283496
2023-09-08,444.9,447.11,444.53,445.52,41946392,445.777,222209
2023-09-11,448.25,448.77,446.46,448.45,43372434,447.778,237547
2023-09-12,446.95,448.53,445.39,445.99,46230990,446.748,256446
2023-09-13,446.22,447.71,445.07,446.51,44705421,446.612,264508
2023-09-14,449.07,451.08,447.71,450.36,52742920,449.775,294552
2023-09-15,447.12,447.48,442.92,443.37,72656508,444.575,395963
2023-09-18,443.05,444.97,442.56,443.63,38748082,443.775,216710
2023-09-19,442.68,443.29,439.94,442.71,45951550,441.755,252757
2023-09-20,444.01,444.44,438.43,438.64,54858087,441.852,294116
2023-09-21,435.69,435.97,431.23,431.39,72854048,433.579,386772
2023-09-22,432.46,434.1,429.99,430.42,70183897,431.987,385385
2023-09-25,429.16,432.27,428.72,432.23,49959260,430.804,273624
2023-09-26,429.09,429.82,425.02,425.88,68401077,426.996,360301
2023-09-27,427.06,427.67,422.29,426.05,76587648,425.31,403527
2023-09-28,425.48,430.25,424.87,428.52,67115877,428.069,361327
2023-09-29,431.66,431.85,425.91,427.48,83401311,428.57,444394
2023-10-02,426.61,428.6,424.46,427.31,68144355,426.251,379429
2023-10-03,425.04,426.65,420.18,421.59,80892729,422.098,438495
2023-10-04,422.07,425.43,420.56,424.66,68288288,423.071,400097
2023-10-05,424.36,425.37,421.17,424.5,53767808,423.441,308391
2023-10-06,421.97,431.13,420.6,429.54,84158779,427.115,461788
2023-10-09,427.58,432.88,427.01,432.29,55843063,430.147,310309
2023-10-10,432.94,437.22,432.53,434.54,61647044,435.149,339991
2023-10-11,435.65,436.58,433.18,436.32,47366462,435.033,250417
2023-10-12,436.95,437.34,431.23,433.66,64053139,434.366,358287
2023-10-13,435.21,436.45,429.88,431.5,69441303,432.318,399467
2023-10-16,433.82,437.14,433.57,436.04,57549185,435.887,311035
2023-10-17,432.84,438.14,432.45,436.02,60268723,435.367,344983
2023-10-18,434.19,435.18,429.09,430.21,73565874,432.09,417996
2023-10-19,430.93,432.82,425.72,426.43,96339554,429.071,562184
2023-10-20,425.98,426.54,421.08,421.19,82716301,423.131,443910
2023-10-23,419.6,424.45,417.8,420.46,70914223,421.514,406938
2023-10-24,422.64,424.82,420.74,423.63,58396371,423.107,345739
2023-10-25,421.89,421.92,417.01,417.55,71600246,418.941,436372
2023-10-26,416.45,417.33,411.6,412.55,86402122,414.125,507291
2023-10-27,414.19,414.6,409.21,410.68,80054345,411.539,482972
2023-10-30,413.54,416.68,412.22,415.59,64193476,414.691,376567
2023-10-31,416.2,418.53,414.21,418.2,57707067,416.829,326819
2023-11-01,419.2,423.5,418.64,422.66,75371740,421.043,434241
2023-11-02,426.58,430.92,426.56,430.76,64943324,429.232,358238
2023-11-03,433.11,436.29,433.01,434.69,67158618,434.865,362981
2023-11-06,435.47,436.15,433.68,435.69,49019802,435.02,273185
2023-11-07,435.69,437.59,434.51,436.93,47244339,436.619,274910
2023-11-08,437.53,438.09,434.87,437.25,45884613,436.799,256315
2023-11-09,438.42,438.47,433.4,433.84,60460889,435.627,354215
2023-11-10,435.98,440.93,434.43,440.61,62362555,438.216,335905
2023-11-13,439.22,441.33,438.42,440.19,36807922,440.007,210781
2023-11-14,446.31,450.06,446.09,448.73,68329289,448.542,356663
2023-11-15,450.09,451.38,448.8,449.68,54770992,450.117,305426
2023-11-16,449.22,450.56,448.12,450.23,48072316,449.407,279048
2023-11-17,450.24,451.42,449.29,450.79,40847050,450.416,236659
2023-11-20,450.52,455.13,450.52,454.26,49438801,453.442,263085
2023-11-21,453.18,453.65,451.95,453.27,36915210,452.957,202857
2023-11-22,454.99,456.38,453.88,455.02,44697877,455.089,255924
2023-11-24,455.07,455.5,454.73,455.3,14165090,455.049,84582
2023-11-27,454.65,455.5,454.07,454.48,34831557,454.788,205236
2023-11-28,454.08,456.27,453.5,454.93,44572325,454.743,253675
2023-11-29,457.15,458.32,454.2,454.61,44905834,455.955,252292
2023-11-30,455.49,456.76,453.34,456.4,54411738,454.981,285012
2023-12-01,455.75,459.65,455.16,459.1,58552437,457.885,341713
2023-12-04,455.6,456.94,454.34,456.69,53234652,455.873,292405
2023-12-05,455.26,457.59,454.87,456.6,48680037,456.26,279269
2023-12-06,458.81,458.84,454.31,454.76,47091630,456.235,264458
2023-12-07,456.89,458.9,456.29,458.23,46153123,457.818,262105
2023-12-08,457.46,460.75,457.21,460.2,53322844,459.411,310895
2023-12-11,459.7,462.17,459.47,461.99,43578434,460.974,249068
2023-12-12,461.63,464.2,460.6,464.1,41385036,462.843,239228
2023-12-13,464.49,470.76,464.12,470.5,66153412,467.51,387030
2023-12-14,472.51,473.73,469.25,472.01,69126821,471.897,393202
2023-12-15,469.5,470.59,468.44,469.33,68023976,469.611,354882
2023-12-18,470.99,472.98,470.8,471.97,42236381,472.051,231843
2023-12-19,472.53,474.92,472.45,474.84,37490423,473.971,203886
2023-12-20,473.96,475.9,467.82,468.26,67376027,471.868,369885
2023-12-21,471.32,472.98,468.84,472.7,57760976,471.164,319744
2023-12-22,473.86,475.38,471.7,473.65,44344028,473.959,247574
2023-12-26,474.08,476.58,473.99,475.65,31409570,475.345,173506
2023-12-27,475.44,476.66,474.89,476.51,39490581,475.707,219741
2023-12-28,476.84,477.55,476.26,476.69,34598834,476.954,191185
2023-12-29,476.5,477.03,473.3,475.31,68237537,475.208,372693
2024-01-02,472.16,473.67,470.49,472.65,69457472,472.007,379172
2024-01-03,470.42,471.19,468.17,468.79,67745162,469.639,383703
2024-01-04,468.3,470.96,467.05,467.28,53246074,468.843,297949
2024-01-05,467.48,470.44,466.43,467.92,57717570,468.334,308745
2024-01-08,468.43,474.75,468.3,474.6,55140922,472.006,272970
2024-01-09,471.89,474.93,471.35,473.88,44556686,473.334,231216
2024-01-10,474.16,477.45,473.87,476.56,45701640,475.651,252732
2024-01-11,477.59,478.12,472.26,476.35,55253857,475.073,302933
2024-01-12,477.84,478.6,475.23,476.68,43337438,476.622,243216
2024-01-16,475.25,476.61,473.06,474.93,58542035,474.739,330906
2024-01-17,471.82,472.79,469.87,472.29,51284610,471.6,275112
2024-01-18,474.0,477.06,472.42,476.49,58722633,474.731,310465
2024-01-19,477.65,482.72,476.94,482.43,63632278,480.132,323934
2024-01-22,484.01,485.22,482.78,483.45,51194556,483.93,300027
2024-01-23,484.02,485.11,482.89,484.86,33969296,483.966,194863
2024-01-24,487.79,488.77,485.01,485.39,59536749,486.957,344814
2024-01-25,487.56,488.31,485.39,488.03,52182823,487.005,304406
2024-01-26,487.59,489.12,486.54,487.41,46296782,487.748,271316
2024-01-29,487.73,491.42,487.17,491.27,39388150,489.027,225445
2024-01-30,490.56,491.62,490.11,490.89,40335798,490.922,231298
2024-01-31,488.64,489.09,482.88,482.88,83093197,485.795,457272
2024-02-01,484.63,489.23,483.8,489.2,62996057,486.629,364525
2024-02-02,489.66,496.05,489.3,494.35,66014905,493.343,369156
2024-02-05,493.71,494.17,490.23,492.55,49066213,492.613,289078
2024-02-06,493.52,494.32,492.05,493.98,40486511,492.991,251548
2024-02-07,496.28,498.53,495.36,498.1,48222424,497.427,283979
2024-02-08,498.1,498.71,497.26,498.32,36285405,498.018,216029
2024-02-09,498.86,501.65,498.49,501.2,43361292,500.304,252833
2024-02-12,501.17,503.5,500.24,500.98,37242993,501.725,214986
2024-02-13,494.54,495.85,490.71,494.08,76192866,493.549,420589
2024-02-14,496.75,499.07,494.4,498.57,50798412,496.787,289153
2024-02-15,499.3,502.2,498.79,502.01,44618155,500.759,262993
2024-02-16,501.68,502.87,498.75,499.51,47052777,500.965,278120
2024-02-20,497.72,498.41,494.45,496.76,52546804,496.126,304268
2024-02-21,495.44,497.37,493.56,497.21,39129265,495.424,245177
2024-02-22,504.0,508.49,503.02,507.5,57200049,506.224,326734
2024-02-23,509.24,510.13,507.1,507.85,42496663,508.58,237285
2024-02-26,508.31,508.75,505.86,505.99,35105239,507.169,199358
2024-02-27,506.69,507.16,504.75,506.93,32675012,506.131,181657
2024-02-28,505.33,506.86,504.96,506.26,36137805,505.96,203754
2024-02-29,508.07,509.74,505.35,508.08,52004676,508.024,273734
2024-03-01,508.98,513.29,508.56,512.85,47556704,511.542,270604
2024-03-04,512.04,514.2,512.0,512.3,35153542,512.792,210270
2024-03-05,510.24,510.7,504.91,507.18,52161540,507.458,295718
2024-03-06,510.55,512.07,508.42,509.75,50183209,510.141,306621
2024-03-07,513.11,515.89,512.18,514.81,42087686,514.5,261554
2024-03-08,515.46,518.23,511.13,511.72,61973434,514.24,376296
2024-03-11,510.48,511.88,508.5,511.28,41166442,510.465,253133
2024-03-12,513.45,517.38,510.86,516.78,50599533,515.172,290674
2024-03-13,517.11,517.29,514.49,515.97,37004270,516.293,225286
2024-03-14,516.97,517.13,511.82,514.95,67829049,514.22,388974
2024-03-15,510.22,511.7,508.36,509.83,56608646,509.892,346686
2024-03-18,514.01,515.48,512.44,512.86,50401141,513.903,286423
2024-03-19,512.15,516.0,511.12,515.71,41070137,513.895,244992
2024-03-20,515.77,520.62,515.08,520.48,48100339,517.737,278784
2024-03-21,523.36,524.11,521.91,522.2,40633350,523.137,237364
2024-03-22,522.09,522.61,520.97,521.21,40824671,521.822,230643
2024-03-25,519.79,520.95,519.61,519.77,31746627,520.328,193323
2024-03-26,521.23,521.58,518.4,518.81,36708447,520.164,206559
2024-03-27,521.71,523.2,519.48,523.17,46614604,521.117,269885
2024-03-28,523.22,524.61,522.78,523.07,45456726,523.616,255633
2024-04-01,523.83,524.38,520.97,522.16,33080174,522.375,177873
2024-04-02,518.25,518.98,516.48,518.84,48125036,517.876,277685
2024-04-03,517.72,520.95,517.66,519.41,41423874,519.753,241797
2024-04-04,523.53,523.87,512.75,513.07,69518011,517.983,406738
2024-04-05,514.43,520.44,514.01,518.43,54446255,517.808,337251
2024-04-08,519.18,520.18,517.89,518.72,34007505,518.95,209065
2024-04-09,520.5,520.75,514.35,519.32,44373457,517.346,259452
2024-04-10,513.48,516.16,512.09,514.12,58802245,513.893,358990
2024-04-11,515.68,519.48,512.08,518.0,49900345,516.275,283330
2024-04-12,514.4,515.82,509.08,510.85,65706465,511.781,372314
2024-04-15,515.11,515.3,503.58,504.45,66580851,508.64,395972
2024-04-16,504.94,506.5,502.21,503.53,56202293,504.174,322694
2024-04-17,506.05,506.22,499.12,500.55,56305400,502.093,334904
2024-04-18,501.98,504.13,498.56,499.52,50389122,500.826,289729
2024-04-19,499.44,500.46,493.86,495.16,64122912,496.683,378582
2024-04-22,497.84,502.38,495.43,499.72,49735325,498.872,291722
2024-04-23,501.79,506.09,501.22,505.65,44156018,504.681,257427
2024-04-24,506.56,507.37,503.13,505.41,38232595,505.344,223105
2024-04-25,499.19,504.27,497.49,503.49,47342208,500.886,288542
2024-04-26,506.36,509.88,505.7,508.26,39325649,508.549,230559
2024-04-29,510.08,510.75,507.25,510.06,32005804,509.519,189106
2024-04-30,508.54,509.56,501.98,501.98,48320471,505.82,268036
2024-05-01,501.38,508.19,499.86,500.35,59626616,502.841,347353
2024-05-02,504.12,505.89,499.55,505.03,46717023,503.272,259355
2024-05-03,511.13,512.55,508.56,511.29,49524881,510.731,278600
2024-05-06,513.75,516.61,513.3,516.57,31970047,514.823,181759
2024-05-07,517.55,518.57,516.45,517.14,35886141,517.546,191578
2024-05-08,515.25,517.74,515.14,517.19,28405104,516.89,159060
2024-05-09,517.37,520.21,516.7,520.17,31989797,519.061,180836
2024-05-10,521.81,522.64,519.59,520.84,33997802,520.938,187477
2024-05-13,522.56,522.67,519.74,520.91,25936388,521.074,151878
2024-05-14,521.11,523.83,520.56,523.3,34874060,522.323,194660
2024-05-15,525.84,530.08,525.18,529.78,40248331,528.12,228206
2024-05-16,529.87,531.53,528.54,528.69,34384727,530.025,186038
2024-05-17,528.81,529.52,527.32,529.45,31300030,528.764,166645
2024-05-20,529.57,531.57,529.17,530.06,23167404,530.415,120483
2024-05-21,529.28,531.52,529.07,531.36,20117658,530.437,105576
2024-05-22,530.66,531.38,527.6,529.83,28076503,529.575,140856
2024-05-23,532.94,533.07,524.72,525.96,37174155,528.132,180105
2024-05-24,527.85,530.27,526.88,529.44,24982182,528.97,131481
2024-05-28,530.25,530.51,527.11,529.81,23053067,529.203,117952
2024-05-29,525.7,527.31,525.37,526.1,27344474,526.379,137310
2024-05-30,524.52,525.2,521.33,522.61,27647805,523.645,145715
2024-05-31,523.61,527.49,518.36,527.37,51133159,522.934,237444
2024-06-03,529.02,529.31,522.6,527.8,30681796,526.452,158847
2024-06-04,526.46,529.15,524.96,528.39,25050991,527.026,130951
2024-06-05,530.77,534.69,528.72,534.67,29838348,532.319,167593
2024-06-06,534.98,535.42,532.68,534.66,21254159,534.327,112657
2024-06-07,533.66,536.89,532.53,534.01,24919546,534.687,128419
2024-06-10,533.2,535.99,532.57,535.66,24596008,534.673,128655
2024-06-11,534.1,537.01,532.05,536.95,24257009,534.921,127902
2024-06-12,541.62,544.12,540.3,541.36,37682167,542.332,195888
2024-06-13,543.14,543.33,539.59,542.45,25292608,541.852,126043
2024-06-14,540.88,542.81,539.85,542.78,24193570,541.512,125686
2024-06-17,542.08,548.53,541.6,547.1,30478857,545.786,160424
2024-06-18,547.16,548.62,546.73,548.49,21525893,547.824,111374
2024-06-20,549.43,550.12,545.18,547.0,35016427,547.597,190359
2024-06-21,544.43,545.65,543.02,544.51,28563967,544.439,149301
2024-06-24,544.34,546.95,542.63,542.74,27000022,544.578,142246
2024-06-25,543.99,545.2,542.44,544.83,21148875,544.066,106790
2024-06-26,543.69,546.24,543.03,545.51,20756684,544.614,118585
2024-06-27,545.37,546.96,544.61,546.37,20749284,545.725,121073
2024-06-28,547.19,550.28,542.95,544.22,42223852,546.248,227111
2024-07-01,545.63,545.88,542.52,545.34,25072898,544.66,137836
2024-07-02,543.75,549.01,543.65,549.01,22527203,546.746,118581
2024-07-03,548.68,551.83,548.65,551.46,18160995,550.299,94427
2024-07-05,551.77,555.05,551.12,554.64,23856788,553.587,121975
2024-07-08,555.44,556.26,554.19,555.28,19402644,555.14,97735
2024-07-09,556.26,557.18,555.52,555.82,18752027,556.183,99533
2024-07-10,557.06,561.67,556.77,561.32,23837912,559.254,116848
2024-07-11,561.44,562.33,555.83,556.48,32884773,557.97,164762
2024-07-12,557.63,563.67,557.17,559.99,33802711,560.795,159195
2024-07-15,562.01,564.84,559.63,561.53,26793486,562.146,136318
2024-07-16,562.87,565.16,562.1,564.86,23228375,563.617,117820
2024-07-17,558.82,560.51,556.61,556.94,32530843,558.097,163862
2024-07-18,558.48,559.52,550.43,552.66,38213890,554.147,186433
2024-07-19,552.42,554.08,547.91,548.99,32780542,549.961,162645
2024-07-22,553.0,555.27,551.02,554.65,26308671,553.56,128831
2024-07-23,554.54,556.74,553.27,553.78,20007598,555.029,95040
2024-07-24,548.87,549.17,540.29,541.23,41607202,543.935,205837
2024-07-25,541.35,547.46,537.45,538.41,42619622,541.934,223533
2024-07-26,542.32,547.19,541.49,544.44,35450716,544.086,188982
2024-07-29,546.02,547.05,542.72,544.76,23021518,545.326,122083
2024-07-30,546.22,547.34,538.51,542.0,29696546,542.534,156374
2024-07-31,548.98,553.5,547.57,550.81,40674937,550.599,204905
2024-08-01,552.57,554.87,539.43,543.01,50362937,544.848,254127
2024-08-02,535.72,536.99,528.6,532.9,53229047,531.671,288395
2024-08-05,511.64,523.58,510.27,517.38,88978683,517.199,491062
2024-08-06,519.21,529.75,517.87,522.15,53328780,524.524,273507
2024-08-07,528.53,531.59,518.05,518.66,47521412,524.295,249016
2024-08-08,523.9,531.29,521.84,530.65,40808315,528.118,227376
2024-08-09,529.81,534.51,528.56,532.99,29831516,531.648,158243
2024-08-12,534.22,535.73,530.95,533.27,28823449,533.21,154416
2024-08-13,536.59,542.28,536.28,542.04,28986938,539.899,153538
2024-08-14,542.87,544.96,540.12,543.75,27631003,543.059,141023
2024-08-15,549.5,553.36,548.88,553.07,38869328,551.644,194757
2024-08-16,551.36,555.02,551.26,554.31,21806390,553.465,111370
2024-08-19,554.74,559.61,553.86,559.61,24925487,557.15,126170
2024-08-20,559.15,560.84,557.32,558.7,21707122,558.856,115132
2024-08-21,559.75,562.11,557.99,560.62,24934135,560.164,131239
2024-08-22,562.56,563.18,554.98,556.22,31129398,558.131,162208
2024-08-23,559.53,563.09,557.29,562.13,33498696,560.82,186418
2024-08-26,563.14,563.91,559.05,560.79,22485698,561.134,121404
2024-08-27,559.49,562.06,558.32,561.56,20178814,560.944,109461
2024-08-28,561.21,561.65,555.04,558.3,24369935,558.345,128839
2024-08-29,560.31,563.68,557.18,558.35,26204885,560.457,145475
2024-08-30,560.78,564.2,557.14,563.68,34548871,561.084,172623
2024-09-03,560.47,560.81,549.51,552.08,37916095,554.618,202443
2024-09-04,550.2,554.43,549.46,550.95,30688265,551.591,158267
2024-09-05,550.89,553.8,547.1,549.61,29580229,549.841,161139
2024-09-06,549.93,551.6,539.44,540.36,43834802,542.708,236493
2024-09-09,544.65,547.71,542.68,546.41,25582357,545.459,144266
2024-09-10,548.36,549.15,543.38,548.79,26517854,547.098,135337
2024-09-11,548.7,555.36,539.96,554.42,46871005,547.666,243445
2024-09-12,555.01,559.4,552.74,559.09,31621976,556.932,172615
2024-09-13,559.69,563.03,559.45,562.01,24438554,561.674,132392
2024-09-16,561.76,563.11,559.9,562.84,22189055,561.735,114372
2024-09-17,565.08,566.58,560.79,563.07,28633032,563.608,150892
2024-09-18,563.74,568.69,560.83,561.4,36621951,563.891,209246
2024-09-19,571.01,572.88,568.08,570.98,39298398,570.956,203990
2024-09-20,567.87,569.31,565.17,568.25,34351708,567.507,171245
2024-09-23,569.34,570.34,568.1,569.67,19785827,569.261,108629
2024-09-24,570.47,571.36,567.6,571.3,25913671,570.084,131166
2024-09-25,571.17,571.89,568.91,570.04,23888766,570.424,129959
2024-09-26,574.4,574.71,569.9,572.3,26703251,572.273,148135
2024-09-27,573.38,574.22,570.42,571.47,23535208,572.347,122666
2024-09-30,570.42,574.38,568.08,573.76,32727822,571.651,172849
2024-10-01,573.39,573.46,566.0,568.62,49763822,568.656,274761
2024-10-02,567.71,569.9,565.27,568.86,22990597,568.413,127236
2024-10-03,567.41,569.81,565.49,567.82,26930601,567.328,135786
2024-10-04,572.34,573.36,568.1,572.98,28099907,570.92,146463
2024-10-07,571.3,571.96,566.63,567.8,28733774,569.292,146144
2024-10-08,570.44,573.78,569.52,573.17,24258453,571.911,128094
2024-10-09,573.17,577.71,572.55,577.14,25116223,575.902,122578
2024-10-10,575.77,577.58,574.49,576.13,23625482,575.913,126579
2024-10-11,576.05,580.33,575.91,579.58,23430528,579.075,120692
2024-10-14,581.22,585.27,580.73,584.32,21784499,583.635,103950
2024-10-15,584.59,584.9,578.54,579.78,29749728,581.328,151954
2024-10-16,579.78,582.83,578.96,582.3,18616128,581.175,96664
2024-10-17,585.95,586.12,582.16,582.35,20386925,583.565,102316
2024-10-18,584.03,585.39,582.58,584.59,16646979,584.186,80980
2024-10-21,583.87,584.85,580.6,583.63,21307082,582.871,108473
2024-10-22,581.09,584.5,580.38,583.32,18746357,582.614,94679
2024-10-23,581.26,581.71,574.41,577.99,30893591,578.081,150593
2024-10-24,579.98,580.06,576.57,579.24,21232288,578.878,104059
2024-10-25,581.55,584.46,578.08,579.04,27750596,581.195,134957
2024-10-28,582.55,582.71,580.52,580.83,18867039,581.433,96835
2024-10-29,579.87,582.91,578.43,581.77,21199511,581.333,104825
2024-10-30,581.32,583.32,579.29,580.01,23762748,581.136,118154
2024-10-31,575.6,575.63,568.44,568.64,33581845,571.501,175074
2024-11-01,571.32,575.55,570.62,571.04,27052911,572.724,135471
2024-11-04,571.18,572.5,567.89,569.81,20925135,570.299,108215
2024-11-05,570.73,576.71,570.52,576.7,22988366,574.995,123737
2024-11-06,589.23,591.93,585.39,591.04,40851810,589.226,217277
2024-11-07,593.08,596.65,592.99,595.61,27238603,594.891,128611
2024-11-08,596.17,599.64,596.16,598.19,26589966,597.96,127619
2024-11-11,599.85,600.17,597.0,598.76,20809664,598.733,105260
2024-11-12,598.7,599.29,594.37,596.9,23281775,597.295,116998
2024-11-13,597.32,599.23,594.96,597.19,26150085,597.582,128607
2024-11-14,597.32,597.81,592.65,593.35,23493585,594.869,113422
2024-11-15,589.73,590.2,583.86,585.75,32279113,586.326,175996
2024-11-18,586.21,589.49,585.34,588.15,21097133,587.727,100245
2024-11-19,584.71,591.05,584.03,590.3,24199407,588.424,125053
2024-11-20,590.38,590.79,584.63,590.5,27455906,588.004,147060
2024-11-21,593.4,595.12,587.45,593.67,28785787,592.374,159387
2024-11-22,593.66,596.15,593.15,595.51,20595400,595.053,101888
2024-11-25,599.52,600.86,595.2,597.53,25533430,597.987,130162
2024-11-26,598.8,601.33,598.07,600.65,24007713,599.926,112737
2024-11-27,600.47,600.85,597.28,598.83,20102443,598.953,100496
2024-11-29,599.6,603.35,599.38,602.55,16405318,602.134,74407
2024-12-02,602.97,604.32,602.47,603.63,18485931,603.489,93341
2024-12-03,603.38,604.16,602.34,603.91,15927630,603.423,76035
2024-12-04,605.6,607.91,604.95,607.66,21843608,606.639,105360
2024-12-05,607.64,608.48,606.3,606.66,18288068,607.303,89966
2024-12-06,607.44,609.07,607.02,607.81,16324093,607.887,76175
2024-12-09,607.69,607.86,604.08,604.68,21084098,605.45,103596
2024-12-10,605.38,605.8,602.13,602.8,19480645,603.879,97129
2024-12-11,605.78,608.44,605.5,607.46,16566843,607.318,82830
2024-12-12,606.58,607.16,604.33,604.33,17001819,605.694,84450
2024-12-13,606.4,607.13,602.81,604.21,19518650,604.494,99593
2024-12-16,606.0,607.78,605.21,606.79,21908130,606.795,106695
2024-12-17,604.19,605.17,602.88,604.29,25120439,604.023,137273
2024-12-18,603.99,606.41,585.89,586.28,53960200,596.116,289932
2024-12-19,591.36,593.0,585.85,586.1,44066016,588.967,236783
2024-12-20,581.77,595.75,580.91,591.15,60406385,590.218,296547
2024-12-23,590.89,595.3,587.66,594.69,27127339,592.456,139652
2024-12-24,596.05,601.34,595.47,601.3,16088836,599.169,74638
2024-12-26,599.44,602.48,598.08,601.34,16240047,600.938,87842
2024-12-27,597.48,597.78,590.76,595.01,35425533,594.002,173028
2024-12-30,587.96,591.74,584.41,588.22,27148651,588.37,147768
2024-12-31,589.91,590.64,584.42,586.08,33313982,586.689,170023
2025-01-02,589.39,591.13,580.5,584.64,32930001,585.034,189657
2025-01-03,587.53,592.6,586.43,591.95,25103946,590.272,133326
2025-01-06,596.27,599.7,593.6,595.36,27107551,596.656,144075
2025-01-07,597.43,597.75,586.78,588.63,32807099,591.096,162821
2025-01-08,588.7,590.58,585.19,589.49,25332104,588.237,134798
2025-01-10,585.83,585.96,578.55,580.49,42730780,581.403,228804
2025-01-13,575.77,581.75,575.35,581.39,27861859,578.598,144732
2025-01-14,584.32,585.0,578.35,582.19,29479105,581.81,149439
2025-01-15,590.32,593.94,589.19,592.78,31236594,592.134,154261
2025-01-16,594.17,594.35,590.93,591.64,20732921,592.712,111817
2025-01-17,596.95,599.36,595.61,597.58,26387615,597.836,126155
2025-01-21,600.67,603.05,598.67,603.05,22735640,601.522,112119
2025-01-22,605.89,607.82,605.36,606.44,22559984,606.788,108936
2025-01-23,605.8,609.75,605.52,609.75,21919826,607.496,96182
2025-01-24,609.79,610.78,606.8,607.97,19003821,608.567,94412
2025-01-27,594.83,599.69,594.64,599.37,37060352,597.613,207940
2025-01-28,600.62,605.37,597.25,604.52,24838153,602.834,131254
2025-01-29,603.69,604.13,599.22,601.81,21118240,601.987,117691
2025-01-30,603.96,606.6,600.71,605.04,24759421,604.004,123307
2025-01-31,607.5,609.96,601.05,601.82,38531927,605.075,194703
2025-02-03,592.67,600.29,590.49,597.77,41521764,596.38,214165
2025-02-04,597.8,602.3,597.28,601.78,20811624,600.759,105704
2025-02-05,600.64,604.37,598.58,604.22,18071574,602.043,95428
2025-02-06,605.98,606.46,602.63,606.32,19825511,605.133,101341
2025-02-07,606.89,608.13,600.05,600.77,29689441,602.848,161552
2025-02-10,603.99,605.5,602.74,604.85,15905308,604.462,81695
2025-02-11,602.55,605.86,602.43,605.31,16637448,604.472,85027
2025-02-12,599.23,604.55,598.51,603.36,22926853,602.285,118974
2025-02-13,604.48,609.94,603.2,609.73,26865337,607.504,140210
2025-02-14,609.94,610.99,609.07,609.7,15807651,610.11,88590
2025-02-18,610.88,611.49,608.38,611.49,16733655,610.026,85706
2025-02-19,610.05,613.23,609.56,612.93,16549131,611.666,85385
2025-02-20,611.55,611.69,607.02,610.38,21236099,609.095,104444
2025-02-21,610.17,610.3,599.47,599.94,36038345,603.371,178355
2025-02-24,602.0,603.03,596.49,597.21,29982802,599.204,157827
2025-02-25,597.16,597.89,589.56,594.24,34237233,593.741,187202
2025-02-26,595.91,599.58,591.85,594.54,26728069,595.706,142210
2025-02-27,596.85,598.02,584.65,585.05,41101533,590.771,219080
2025-02-28,585.56,594.72,582.44,594.18,49223251,587.584,258986
2025-03-03,596.18,597.34,579.9,583.77,48256620,588.002,264125
2025-03-04,579.71,585.39,572.25,576.86,61598707,577.655,336245
2025-03-05,576.71,584.88,573.07,583.06,45244328,579.521,237034
2025-03-06,575.44,580.18,570.12,572.71,48639166,574.023,262674
2025-03-07,570.86,577.39,565.63,575.92,52087778,572.279,275394
2025-03-10,567.59,569.54,555.59,560.58,56871569,562.351,305901
2025-03-11,559.4,564.02,552.02,555.92,55347200,557.71,303642
2025-03-12,562.16,563.11,553.69,558.87,41882388,559.314,229146
2025-03-13,558.49,559.11,549.68,551.42,40004231,553.293,222483
2025-03-14,556.11,563.83,555.5,562.81,36430168,560.545,191828
2025-03-17,562.77,569.71,562.35,567.15,30313617,566.385,160577
2025-03-18,564.79,565.02,559.06,561.02,29596073,561.022,165392
2025-03-19,562.83,570.95,561.63,567.13,35537738,566.205,201476
2025-03-20,563.33,570.57,562.6,565.49,33232837,566.528,174877
2025-03-21,559.29,564.89,558.03,563.98,35965499,561.773,192876
2025-03-24,570.8,575.15,570.2,574.08,32891680,573.29,165345
2025-03-25,575.3,576.41,573.69,575.46,23314557,574.92,113086
2025-03-26,575.19,576.33,567.19,568.59,30725419,570.575,149002
2025-03-27,567.2,570.9,564.94,567.08,29573617,568.205,145318
2025-03-28,565.52,566.27,555.07,555.66,44181535,558.113,205035
2025-03-31,549.82,560.72,546.87,559.39,50752869,555.076,271323
2025-04-01,557.45,562.94,553.68,560.97,34997622,558.909,185431
2025-04-02,555.05,567.42,554.81,564.52,35368184,562.83,190085
2025-04-03,545.11,547.97,536.7,536.7,74079775,542.031,390902
2025-04-04,523.72,525.87,505.06,505.28,128617635,513.887,712121
2025-04-07,489.19,523.17,481.8,504.38,177444566,501.246,1077268
2025-04-08,521.87,524.98,489.16,496.48,115950759,507.539,637876
2025-04-09,493.44,548.62,493.05,548.62,149687820,522.169,847385
2025-04-10,532.24,533.5,509.32,524.58,108446336,522.952,600444
2025-04-11,522.91,536.43,520.07,533.94,60063941,529.312,322550
2025-04-14,544.02,544.28,533.86,539.12,47337025,539.691,241305
2025-04-15,539.68,543.23,536.81,537.61,33896843,539.561,166986
2025-04-16,531.68,535.11,520.29,525.66,48450551,527.376,248112
2025-04-17,527.58,531.17,523.91,526.41,37752302,527.827,202989
2025-04-21,521.14,521.7,508.46,513.88,45406921,512.838,229047
2025-04-22,520.12,529.31,519.19,527.25,49630952,525.035,259454
2025-04-23,540.43,545.43,533.88,535.42,58976132,539.222,316583
2025-04-24,536.74,547.43,535.45,546.69,40007918,543.689,193500
2025-04-25,546.65,551.05,543.69,550.64,35555837,548.18,187216
2025-04-28,551.39,553.55,545.02,550.85,31612314,549.536,147600
2025-04-29,548.91,555.45,548.55,554.32,29530325,552.986,148904
2025-04-30,547.59,556.52,541.52,554.54,53285346,549.548,242505
2025-05-01,560.37,564.07,557.86,558.47,37414459,561.083,192141
2025-05-02,564.69,568.38,562.38,566.76,35752707,566.423,183958
2025-05-05,562.55,566.65,561.7,563.51,26178769,564.445,135398
2025-05-06,557.93,563.35,556.96,558.8,32169294,560.03,157436
2025-05-07,560.13,563.82,556.04,561.15,34962824,559.976,188004
2025-05-08,565.22,570.31,561.7,565.06,42995310,566.628,219246
2025-05-09,566.48,567.5,562.76,564.34,23584958,564.756,124153
2025-05-12,581.48,583.0,577.04,582.99,47208023,580.46,256072
2025-05-13,583.46,589.08,582.84,586.84,40045951,587.203,227864
2025-05-14,587.83,588.98,585.53,587.59,41667358,587.366,253218
2025-05-15,585.56,590.97,585.09,590.46,45753610,588.547,278709
2025-05-16,591.21,594.5,589.28,594.2,37433693,592.314,233940
2025-05-19,588.1,595.54,588.09,594.85,41765828,593.142,243532
2025-05-20,593.11,594.05,589.6,592.85,39358555,592.349,240821
2025-05-21,588.47,592.58,581.82,582.86,62899632,587.127,392036
2025-05-22,582.66,586.62,581.4,583.09,47836606,584.07,311772
2025-05-23,575.95,581.82,575.6,579.11,45459821,578.832,273351
2025-05-27,586.08,591.31,578.43,591.15,48453104,589.066,319406
2025-05-28,591.57,592.77,586.98,587.73,42840785,589.763,282507
2025-05-29,593.05,593.2,586.07,590.05,44595483,589.561,284864
2025-05-30,588.91,591.13,583.23,589.39,56099969,588.013,334282
2025-06-02,587.76,592.79,585.06,592.71,40979034,589.809,255483
2025-06-03,592.34,597.08,591.85,596.09,43996643,595.221,268374
2025-06-04,596.95,597.95,595.49,595.93,38628881,596.972,244072
2025-06-05,597.63,599.0,591.05,593.05,62243094,595.209,378476
2025-06-06,598.66,600.83,596.86,599.14,44462806,599.224,292522
2025-06-09,599.74,601.25,598.49,599.68,36153143,600.061,231411
2025-06-10,600.22,603.47,599.09,603.08,45274825,601.591,285802
2025-06-11,604.19,605.06,599.27,601.36,49308751,602.359,304055
2025-06-12,600.02,603.75,599.52,603.75,43134831,602.517,266364
2025-06-13,598.53,601.85,595.48,597.0,60204312,598.245,363732
2025-06-16,600.42,604.45,600.22,602.68,49809480,602.745,308532
2025-06-17,600.22,601.75,596.76,597.53,52801328,599.238,325939
2025-06-18,598.44,601.22,596.47,597.44,45025937,598.923,269926
2025-06-20,598.38,599.46,592.86,594.28,48038265,595.188,295057
2025-06-23,595.04,600.54,591.89,600.15,60240027,596.976,362569
2025-06-24,604.33,607.85,603.41,606.78,43084707,606.159,256997
2025-06-25,607.91,608.61,605.54,607.12,41660157,607.144,269149
2025-06-26,609.01,612.31,608.37,611.87,42357115,610.87,255731
2025-06-27,612.88,616.39,610.83,614.91,56990327,613.91,336516
2025-06-30,617.39,619.22,615.04,617.85,56331202,617.05,354561
2025-07-01,616.36,618.83,615.52,617.65,48833360,617.435,296723
2025-07-02,617.24,620.49,616.61,620.45,40694848,619.103,255146
2025-07-03,622.45,626.28,622.43,625.34,31051796,625.101,182873
2025-07-07,623.33,624.03,617.87,620.68,51556674,620.764,312925
2025-07-08,621.35,622.11,619.52,620.34,41483271,620.686,255410
2025-07-09,622.76,624.72,620.91,624.06,46370001,622.919,297173
2025-07-10,624.2,626.88,623.01,625.82,40215118,625.35,260313
2025-07-11,622.73,624.86,621.53,623.62,43818816,623.812,279145
2025-07-14,623.17,625.16,621.79,624.81,36217599,623.933,223316
2025-07-15,627.53,627.86,622.07,622.14,52004406,624.416,333155
2025-07-16,623.74,624.73,618.05,624.22,66160948,622.062,413735
2025-07-17,624.43,628.41,624.18,628.04,44586652,626.983,279310
2025-07-18,629.29,629.47,626.46,627.58,36018737,627.598,227435
2025-07-21,628.76,631.54,628.34,628.77,41438539,630.235,277532
2025-07-22,629.08,629.73,626.19,628.86,41675842,628.268,278825
2025-07-23,631.58,634.21,629.73,634.21,42705036,632.05,277164
2025-07-24,634.59,636.15,633.99,634.42,47040556,635.153,318404
2025-07-25,635.05,637.58,634.84,637.1,35685391,636.504,228877
2025-07-28,637.5,638.04,635.54,636.94,35275422,636.838,230578
2025-07-29,638.36,638.67,634.33,635.26,40633946,636.097,259380
2025-07-30,635.96,637.68,631.54,634.46,49395174,634.713,316538
2025-07-31,639.47,639.85,630.76,632.08,69203580,635.421,440817
2025-08-01,626.31,626.34,619.29,621.72,98857112,622.173,649771
2025-08-04,625.7,631.22,625.61,631.17,49109230,629.455,314673
2025-08-05,631.81,632.61,627.04,627.97,46420308,629.074,300382
2025-08-06,629.05,633.44,628.13,632.78,41094459,631.496,256792
2025-08-07,636.25,636.98,629.11,632.25,50791094,632.316,328969
2025-08-08,634.07,637.65,633.74,637.18,40689593,636.403,263730
2025-08-11,637.47,638.95,634.66,635.92,39973966,636.775,248686
2025-08-12,638.28,642.85,636.79,642.69,43530296,640.668,283398
2025-08-13,644.91,646.19,642.68,644.89,39297603,644.255,255868
2025-08-14,642.78,645.62,642.34,644.95,37750396,644.301,238773
2025-08-15,645.99,646.09,642.51,643.44,38115376,644.003,245532
2025-08-18,642.86,644.0,642.18,643.3,28319371,643.152,180560
2025-08-19,643.12,644.11,638.48,639.81,46373387,640.718,302659
2025-08-20,639.4,639.66,632.95,638.11,57583245,636.489,386247
2025-08-21,636.27,637.97,633.81,635.55,33619460,635.861,206738
2025-08-22,637.76,646.5,637.25,645.31,60280142,644.397,387471
2025-08-25,644.03,645.29,642.35,642.47,33074061,644.102,219964
2025-08-26,642.18,645.51,641.57,645.16,31222330,643.493,193003
2025-08-27,644.57,647.37,644.42,646.63,30536598,646.319,197496
2025-08-28,647.27,649.48,645.34,648.92,38879524,647.808,234897
2025-08-29,647.46,647.84,643.14,645.05,48216872,644.721,296803
2025-09-02,637.53,640.49,634.92,640.27,50380304,638.004,299937
2025-09-03,642.65,644.21,640.46,643.74,47258571,642.36,305673
2025-09-04,644.43,649.15,643.51,649.12,41372549,646.546,265381
2025-09-05,651.44,652.21,643.33,647.24,57300641,646.993,361695
2025-09-08,648.62,649.84,647.23,648.83,40842057,648.483,259039
2025-09-09,648.96,650.86,647.22,650.33,39500196,649.208,251916
2025-09-10,653.63,654.55,650.63,652.21,49290361,652.684,321049
2025-09-11,654.18,658.33,653.59,657.63,45454585,656.818,296188
2025-09-12,657.59,659.11,656.9,657.41,47602702,657.967,299837
2025-09-15,659.6,661.04,659.34,660.91,44792103,660.288,270625
2025-09-16,661.44,661.78,659.21,660.0,40832003,660.214,263326
2025-09-17,660.01,661.72,654.3,659.18,65243509,658.879,428071
2025-09-18,661.88,664.89,660.27,662.26,57144114,662.837,371857
2025-09-19,662.33,664.55,660.37,663.7,50994150,662.609,325037
2025-09-22,662.19,667.29,662.17,666.84,47374254,665.394,300943
2025-09-23,666.71,667.34,661.98,663.21,54364809,664.464,365458
2025-09-24,664.5,664.61,659.67,661.1,46827389,661.609,311965
2025-09-25,657.98,659.41,654.4,658.05,60120853,657.327,384870
2025-09-26,659.51,662.37,657.88,661.82,44668545,660.576,273419
2025-09-29,664.36,665.28,661.86,663.68,49239315,663.518,319689
2025-09-30,662.92,666.65,661.61,666.18,53692264,664.019,347251
2025-10-01,663.16,669.37,663.06,668.45,47251970,666.806,296178
2025-10-02,670.47,670.57,666.78,669.22,38311790,668.833,248781
2025-10-03,669.99,672.68,668.16,669.21,48610665,670.491,325648
2025-10-06,671.63,672.51,669.45,671.61,37161494,671.31,265389
2025-10-07,672.55,672.99,667.67,669.12,52330430,669.612,356975
2025-10-08,670.26,673.21,669.42,673.11,41164584,672.067,273032
2025-10-09,673.52,673.94,669.21,671.16,46506604,671.02,303714
2025-10-10,672.15,673.95,652.84,653.02,108789482,662.283,681081
2025-10-13,660.65,665.13,659.76,663.04,53229936,662.333,362942
2025-10-14,657.18,665.83,653.17,662.23,58228073,661.038,391412
2025-10-15,666.82,670.23,658.93,665.17,51717289,665.246,319415
2025-10-16,666.84,668.71,657.11,660.64,69972661,662.683,459830
2025-10-17,659.52,665.76,658.14,664.39,52521196,662.081,340819
2025-10-20,667.3,672.21,667.27,671.3,35642392,670.705,233604
2025-10-21,671.46,672.99,669.98,671.29,36528805,671.762,249796
2025-10-22,671.98,672.01,663.3,667.8,53975018,667.586,343405
2025-10-23,668.09,672.72,667.8,671.76,39402078,670.855,254675
2025-10-24,676.46,678.47,675.65,677.25,39772141,677.541,251234
2025-10-27,682.73,685.54,682.11,685.24,40726218,683.809,260632
2025-10-28,687.07,688.91,684.83,687.06,38330375,686.898,246560
2025-10-29,688.71,689.7,682.87,687.39,54157463,687.168,349863
2025-10-30,683.91,685.94,679.83,679.83,45806498,683.003,298271
2025-10-31,685.04,685.08,679.24,682.06,50646595,682.678,317005
2025-11-03,685.66,685.8,679.94,683.34,40745110,682.922,406473
2025-11-04,676.11,679.96,674.58,675.24,55052837,676.55,551381
2025-11-05,675.0,680.86,674.17,677.58,50267080,678.439,461227
2025-11-06,676.46,677.38,668.72,670.31,63978387,672.021,605354
2025-11-07,667.91,671.08,661.2,670.97,77805488,666.036,716247
2025-11-10,677.21,682.18,675.03,681.44,55972136,679.142,541353
2025-11-11,679.94,683.57,678.73,683.0,41811721,681.527,400035
2025-11-12,684.82,684.96,680.94,683.38,45320930,683.11,440370
2025-11-13,680.51,680.86,670.52,672.04,72681293,674.573,736207
2025-11-14,665.39,675.66,663.26,671.93,72015104,671.311,727660
2025-11-17,669.7,673.71,662.17,665.67,68985857,667.784,722009
2025-11-18,662.1,665.12,655.86,660.08,89196701,661.14,935948
2025-11-19,660.78,667.34,658.74,662.63,70882940,662.619,737810
2025-11-20,672.91,675.56,651.89,652.53,125925764,661.853,1344533
2025-11-21,655.03,664.55,650.85,659.03,85226739,657.946,815797
2025-11-24,662.66,670.06,661.59,668.73,54376181,667.45,489127
2025-11-25,668.63,676.21,664.48,675.02,61577910,671.589,543546
2025-11-26,677.6,681.7,676.72,679.68,51409318,680.102,451218
2025-11-28,680.86,683.67,680.5,683.39,29458089,682.268,257714
2025-12-01,678.79,682.99,678.74,680.27,43414503,680.73,349284
2025-12-02,681.9,683.82,679.32,681.53,46744040,681.848,403889
2025-12-03,680.57,684.91,679.69,683.89,41468278,683.023,364893
2025-12-04,685.3,685.37,681.34,684.39,44863739,683.555,423102
2025-12-05,685.45,688.39,684.58,685.69,46497834,686.221,422138
2025-12-08,686.6,686.64,681.57,683.63,40322319,683.572,375407
2025-12-09,683.14,685.39,682.59,683.04,41732256,683.903,394558
2025-12-10,682.54,688.97,681.31,687.57,65180379,685.187,636916
2025-12-11,685.11,689.25,682.16,689.17,61973033,686.674,621945
2025-12-12,688.17,688.88,679.17,681.76,78688423,682.801,796076
2025-12-15,685.71,685.76,679.25,680.73,66616490,681.391,721466
2025-12-16,679.17,681.08,674.98,678.87,72058262,678.29,737375
2025-12-17,679.88,680.44,671.19,671.4,74936493,674.482,747922
2025-12-18,677.62,680.74,674.9,676.47,83376811,677.795,854062
2025-12-19,676.6,681.09,676.47,680.59,68133582,679.876,661384
2025-12-22,683.92,685.36,682.68,684.83,47938715,684.397,442522
2025-12-23,683.92,688.2,683.87,687.96,46034036,686.846,396217
2025-12-24,687.97,690.83,687.8,690.38,25996223,689.711,224759
2025-12-26,690.64,691.66,689.27,690.31,32575282,690.301,303285
2025-12-29,687.59,689.2,686.07,687.85,44132455,687.625,413404
2025-12-30,687.45,688.56,686.58,687.01,34365308,687.497,314441
2025-12-31,687.12,687.36,681.71,681.92,51325838,684.424,479947
2026-01-02,685.7,686.87,679.82,683.17,69826347,682.935,678122
2026-01-05,686.54,689.43,686.37,687.72,54698851,687.952,482983
2026-01-06,687.9,692.32,687.78,691.81,55143260,690.512,522591
2026-01-07,692.21,693.96,689.32,689.58,60132171,691.773,566947
2026-01-08,688.79,690.62,687.49,689.51,52088407,689.225,513748
2026-01-09,690.65,695.31,689.18,694.07,58426222,693.184,552076
2026-01-12,690.68,696.09,690.63,695.16,49779065,694.277,465128
2026-01-13,695.52,696.09,691.35,693.77,61851797,693.51,606570
2026-01-14,691.03,691.72,686.04,690.36,70572925,688.565,703762
2026-01-15,694.61,695.45,691.25,692.24,60092284,693.592,617838
2026-01-16,693.65,694.25,690.1,691.66,54012581,692.364,551370
2026-01-20,681.48,684.77,676.57,677.58,81782223,680.545,736209
2026-01-21,679.65,688.74,678.13,685.4,96205848,683.177,993425
2026-01-22,689.89,691.13,686.92,688.98,55962281,689.255,555355
2026-01-23,688.15,690.96,687.16,689.23,48307959,689.206,460817
2026-01-26,690.47,694.13,689.92,692.73,44643484,692.987,423531
2026-01-27,694.18,696.53,693.57,695.49,40191997,695.6,356133
2026-01-28,697.06,697.84,693.94,695.42,46863029,695.781,430412
2026-01-29,696.39,697.06,684.83,694.04,81116021,690.667,778600
2026-01-30,691.84,694.21,687.12,691.97,65538179,691.309,612111
2026-02-02,689.58,696.93,689.42,695.41,63436047,694.943,584673
2026-02-03,696.24,696.96,684.03,689.53,83865960,689.741,859336
2026-02-04,690.4,691.45,681.76,686.19,81885173,686.718,838791
2026-02-05,680.97,683.69,675.79,677.62,83164747,679.033,842172
2026-02-06,681.46,692.31,680.85,690.62,67758268,687.496,677808
2026-02-09,689.42,695.87,688.34,693.95,54917196,693.627,550095
2026-02-10,694.95,696.54,691.66,692.12,49549385,694.11,490288
2026-02-11,696.44,697.14,689.18,691.96,61930687,692.688,610550
2026-02-12,694.27,695.35,680.37,681.27,93707170,685.955,994038
2026-02-13,681.67,686.28,677.52,681.75,70642110,682.67,675606
2026-02-17,680.12,684.94,675.78,682.85,66356843,681.085,636572
2026-02-18,684.03,689.15,682.83,686.29,57623533,686.536,532379
2026-02-19,683.86,686.18,681.54,684.48,47509501,683.779,451338
2026-02-20,682.31,690.06,681.73,689.43,68762112,687.321,639247
2026-02-23,687.82,690.0,680.37,682.39,70943285,683.194,690747
2026-02-24,681.89,688.35,680.0,687.35,55310204,685.913,499103
2026-02-25,690.21,693.68,690.1,693.15,41135316,692.16,389100
2026-02-26,693.32,693.32,684.35,689.3,58258668,688.091,565296
2026-02-27,683.06,686.86,681.64,685.99,60830997,684.578,600019
2026-03-02,678.66,688.62,678.02,686.38,66975098,685.195,637256
2026-03-03,675.05,682.61,669.66,680.33,81440968,676.491,818342
2026-03-04,681.63,687.09,679.62,685.13,56273441,685.099,566398
2026-03-05,682.07,685.53,675.61,681.31,80111623,679.908,800875
2026-03-06,673.39,676.11,669.76,672.38,74421543,673.402,722501
2026-03-09,666.4,679.92,662.39,678.27,79411759,670.461,771732
2026-03-10,677.69,683.36,674.76,677.18,63958138,679.321,619577
2026-03-11,677.54,680.08,673.34,676.33,49488530,675.906,474223
2026-03-12,671.13,671.65,665.9,666.06,79378156,668.619,792629
2026-03-13,669.28,672.34,661.36,662.29,67244178,665.361,693188
2026-03-16,668.38,672.07,667.12,669.03,58507960,669.323,585015
2026-03-17,672.35,674.44,669.7,670.79,50618232,671.841,507268
2026-03-18,668.3,669.72,661.19,661.43,59045264,665.439,594736
2026-03-19,656.97,662.98,655.17,659.8,79504304,658.406,822001
2026-03-20,656.51,656.69,644.72,648.57,92202809,650.378,902863
2026-03-23,658.08,662.62,653.94,655.38,87855380,658.198,903360
2026-03-24,651.33,657.03,649.88,653.18,66978131,653.897,658526
2026-03-25,658.68,660.89,654.24,656.82,71087538,657.405,709809
2026-03-26,652.05,654.85,644.82,645.09,68755879,649.763,684333
2026-03-27,642.55,642.66,633.1,634.09,75608972,637.706,734260
2026-03-30,640.05,640.37,629.28,631.97,73803922,634.345,720234
2026-03-31,639.0,651.54,637.98,650.34,104683294,645.402,1000325
2026-04-01,653.85,658.52,653.0,655.24,72491090,655.702,734147
2026-04-02,646.42,658.2,645.11,655.83,48157030,652.897,428711
2026-04-06,655.86,659.72,655.52,658.93,28079028,657.59,235537
2026-04-07,656.64,659.61,651.06,659.22,47915475,655.393,397813
2026-04-08,676.39,677.08,671.46,676.01,67555981,674.794,585202
2026-04-09,674.84,681.16,673.77,679.91,42287703,678.05,354300
2026-04-10,681.27,682.03,678.45,679.46,30238476,679.987,267874
2026-04-13,677.4,686.3,676.58,686.1,36496305,681.862,316018
2026-04-14,687.69,694.58,687.66,694.46,43054226,692.264,354462
2026-04-15,695.26,700.28,694.2,699.94,42557705,697.773,344881
2026-04-16,701.06,702.78,698.53,701.66,34037424,700.799,300557
2026-04-17,706.14,712.39,705.76,710.14,43085913,709.787,388516
2026-04-20,708.79,709.91,706.14,708.72,27361348,708.136,238970
2026-04-21,710.28,711.28,702.64,704.08,43467644,706.462,349189
2026-04-22,709.19,711.45,708.22,711.21,28181451,709.946,226328
2026-04-23,709.5,712.36,702.28,708.45,42958064,708.291,358223
2026-04-24,710.75,714.47,709.01,713.94,29350408,712.471,244603
2026-04-27,713.18,715.63,712.29,715.17,24071337,714.215,214873
2026-04-28,711.82,712.88,709.25,711.69,26375555,711.059,233081
2026-04-29,711.0,712.2,708.37,711.58,28880531,710.314,263241
2026-04-30,714.73,719.79,710.44,718.66,38106419,715.963,340361
2026-05-01,721.25,724.87,720.47,720.65,30371390,722.515,289793
2026-05-04,720.07,722.12,714.99,718.01,37839280,718.478,345770
2026-05-05,721.77,725.04,721.48,723.77,25041685,723.469,211804
2026-05-06,728.16,734.59,727.82,733.83,31959307,732.115,272491
2026-05-07,735.05,736.13,729.75,731.58,35831850,732.652,322865
2026-05-08,734.94,738.02,734.57,737.62,30283957,736.951,259041
2026-05-11,736.46,740.79,736.45,739.3,34556739,739.186,310672
2026-05-12,736.91,738.84,731.83,738.18,36903839,735.097,365490
2026-05-13,738.46,743.91,735.47,742.31,29763736,740.92,267653
2026-05-14,743.62,749.53,743.56,748.17,28926251,747.448,262748
2026-05-15,741.8,743.46,737.96,739.17,33195778,740.662,305659
2026-05-18,739.82,741.42,733.39,738.65,33130849,737.103,319901
2026-05-19,734.75,737.65,731.53,733.73,36132671,734.488,350292
2026-05-20,735.7,741.87,733.89,741.25,32364561,739.111,317112
2026-05-21,738.67,744.87,737.03,742.72,33746666,740.798,325133
2026-05-22,746.21,748.94,744.48,745.64,23966466,746.781,237827
2026-05-26,750.01,752.13,748.37,750.59,27780718,750.008,276562
2026-05-27,750.9,751.38,748.22,750.46,26608447,750.141,279945
2026-05-28,750.22,755.15,749.23,754.6,25713771,753.398,249699
2026-05-29,755.9,758.08,754.69,756.48,33981149,756.636,322492
2026-06-01,755.32,760.27,754.69,758.54,29735751,757.513,292398
2026-06-02,757.0,760.4,756.75,759.57,22214259,759.013,207873
2026-06-03,758.14,758.8,753.57,754.24,31737825,755.393,286997
2026-06-04,752.11,758.31,751.47,757.09,30897619,755.966,291221
2026-06-05,752.31,752.82,735.52,737.55,59069428,743.21,603211
2026-06-08,743.31,745.34,738.19,739.22,33052894,741.767,323346
2026-06-09,743.63,746.9,722.59,737.05,64205290,733.594,631866
2026-06-10,733.4,738.38,725.33,725.43,39313992,730.514,399539
2026-06-11,728.82,740.0,724.4,737.76,58206218,732.64,565930
2026-06-12,740.75,744.44,735.03,741.75,37200862,740.592,389392
