datetime,open,high,low,close,volume,wap,bar_count
1996-06-21,45.83,46.0,45.71,46.0,573300,46.0063356063469044,1
1996-06-24,46.12,46.29,46.03,46.09,416500,46.0930984376706282,1
1996-06-25,46.23,46.25,45.98,46.04,454400,46.0386995196184563,1
1996-06-26,45.98,46.08,45.72,45.73,838200,45.7267664831927596,1
1996-06-27,45.73,46.17,45.56,46.05,1090500,46.0497170220087914,1
1996-06-28,46.25,46.48,46.12,46.21,1060800,46.2108479944670915,1
1996-07-01,46.33,46.62,46.27,46.61,471300,46.6095438622165257,1
1996-07-02,46.57,46.58,46.36,46.44,389400,46.4373953873679227,1
1996-07-03,46.42,46.48,46.18,46.34,308300,46.3403036475532623,1
1996-07-05,45.54,45.75,45.02,45.16,842900,45.1566107344940533,1
1996-07-08,45.19,45.43,44.85,44.97,942000,44.9741333511545183,1
1996-07-09,45.18,45.32,45.02,45.16,739200,45.1566107344940713,1
1996-07-10,45.14,45.34,44.7,45.34,1132300,45.3397767117329962,1
1996-07-11,45.14,45.23,43.99,44.43,1587400,44.4253240133370737,1
1996-07-12,44.5,44.7,44.13,44.46,1312000,44.4576879266085936,1
1996-07-15,44.57,44.57,43.15,43.15,1951300,43.1472937360608431,1
1996-07-16,43.27,43.73,41.58,43.25,4141000,43.2526486026682009,1
1996-07-17,43.9,44.07,43.38,43.77,1340500,43.7684054333146721,1
1996-07-18,43.9,44.45,43.61,44.37,1432500,44.371613689184292,1
1996-07-19,44.26,44.33,43.82,44.05,1216000,44.0486631503682519,1
1996-07-22,43.75,43.9,43.4,43.73,519800,43.7257126115521983,1
1996-07-23,43.79,44.03,43.09,43.17,1479800,43.1665743652438454,1
1996-07-24,42.65,43.51,42.44,43.25,2463400,43.2526486026681524,1
1996-07-25,43.68,43.77,43.47,43.64,1989800,43.6396383741278788,1
1996-07-26,43.77,43.94,43.65,43.88,642300,43.8765146755196119,1
1996-07-29,43.82,43.88,43.34,43.4,1297900,43.3924331642452754,1
1996-07-30,43.68,43.86,43.34,43.82,1868200,43.8117868489765622,1
1996-07-31,43.84,44.26,43.74,44.13,767100,44.134737387792612,1
1996-08-01,44.18,45.03,44.11,44.87,1168600,44.8660241089495865,1
1996-08-02,45.45,45.85,45.28,45.83,1098500,45.834187131498319,1
1996-08-05,45.85,45.85,45.43,45.56,710200,45.5656355107344226,1
1996-08-06,45.56,45.81,45.31,45.71,640000,45.705420072311534,1
1996-08-07,45.88,45.96,45.54,45.83,917800,45.8238582230073879,1
1996-08-08,45.83,45.83,45.58,45.75,925100,45.7481128940739899,1
1996-08-09,45.91,45.98,45.49,45.6,648800,45.5979994240059427,1
1996-08-12,45.62,46.04,45.45,45.93,764200,45.9312788713129153,1
1996-08-13,45.85,45.88,45.45,45.56,805200,45.5656355107343955,1
1996-08-14,45.58,45.77,45.45,45.73,533800,45.7267664831927232,1
1996-08-15,45.61,45.88,45.58,45.64,632600,45.640692245768421,1
1996-08-16,45.77,46.05,45.77,46.03,475100,46.0283706111275011,1
1996-08-19,46.04,46.08,45.88,46.05,436400,46.0497170220087451,1
1996-08-20,46.06,46.07,45.91,46.02,645700,46.0173531087372207,1
1996-08-21,45.9,46.0,45.71,45.85,266400,45.8562221362789168,1
1996-08-22,45.96,46.37,45.94,46.29,584800,46.2865933234004937,1
1996-08-23,46.2,46.27,45.89,46.04,757100,46.0386995196184608,1
1996-08-26,45.93,45.98,45.74,45.81,784700,45.8128407206170288,1
1996-08-27,45.94,46.03,45.79,45.98,389400,45.9849891954656647,1
1996-08-28,46.09,46.14,45.9,45.91,227600,45.9099324604316893,1
1996-08-29,45.85,45.85,45.19,45.46,680200,45.4582148624288544,1
1996-08-30,45.45,45.46,44.85,44.99,1500900,44.9844622596453994,1
1996-09-03,44.39,45.34,44.33,45.28,1782000,45.275048885189902,1
1996-09-04,45.28,45.96,45.09,45.32,930200,45.3184303008517704,1
1996-09-05,45.1,45.29,44.77,44.77,616600,44.7723753386319045,1
1996-09-06,44.93,45.56,44.86,45.41,804900,45.4045045382760725,1
1996-09-09,45.58,45.95,45.5,45.94,719200,45.9422963737032089,1
1996-09-10,45.88,46.07,45.71,45.92,669900,45.9202613689225883,1
1996-09-11,45.83,46.23,45.73,46.18,713500,46.1791726750949293,1
1996-09-12,46.31,46.64,46.25,46.5,713300,46.5014346200115755,1
1996-09-13,47.04,47.26,46.91,47.21,2008800,47.2120635241867291,1
1996-09-16,47.28,47.62,47.21,47.38,1220200,47.3842119990353407,1
1996-09-17,47.43,47.5,46.98,47.28,604700,47.2761027568304054,1
1996-09-18,47.21,47.34,46.98,47.15,225500,47.1576646061345377,1
1996-09-19,47.08,47.38,47.02,47.34,410000,47.3408305833734499,1
1996-09-20,47.47,47.61,47.33,47.51,948400,47.508950571336606,1
1996-09-23,47.39,47.58,47.18,47.5,466800,47.4978763852212711,1
1996-09-24,47.45,47.93,47.28,47.49,1269800,47.4868021991059646,1
1996-09-25,47.72,47.72,47.41,47.52,1353300,47.5193326208196859,1
1996-09-26,47.58,47.89,47.34,47.5,773200,47.4978763852212565,1
1996-09-27,47.56,47.56,47.33,47.54,407600,47.5414809930503074,1
1996-09-30,47.61,47.8,47.47,47.5,578200,47.4978763852212521,1
1996-10-01,47.55,47.79,47.37,47.76,561400,47.7574276222989639,1
1996-10-02,47.93,48.17,47.87,48.08,609000,48.0820397028041458,1
1996-10-03,48.1,48.12,47.9,48.04,342200,48.0384350949751044,1
1996-10-04,48.24,48.68,48.1,48.68,754100,48.6876592559855121,1
1996-10-07,48.66,48.89,48.62,48.74,235100,48.7416459132977006,1
1996-10-08,48.76,48.93,48.46,48.55,386200,48.5471555196474732,1
1996-10-09,48.62,48.71,48.12,48.17,528800,48.1685567818300828,1
1996-10-10,48.17,48.35,48.02,48.07,1562200,48.0709655166888927,1
1996-10-11,48.26,48.66,48.26,48.66,331300,48.665510883754915,1
1996-10-14,48.66,48.93,48.66,48.73,201600,48.7305717271823851,1
1996-10-15,49.23,49.23,48.41,48.66,776900,48.6655108837549155,1
1996-10-16,48.8,48.91,48.41,48.91,590100,48.9036058852342175,1
1996-10-17,49.06,49.16,48.83,49.03,792500,49.0337275720892015,1
1996-10-18,49.06,49.36,48.95,49.29,695800,49.2932788091668842,1
1996-10-21,49.34,49.58,49.1,49.23,879200,49.2282179657393851,1
1996-10-22,49.18,49.2,48.86,48.89,848900,48.8821496496357491,1
1996-10-23,48.77,49.07,48.58,49.04,735900,49.0441096215722166,1
1996-10-24,49.04,49.13,48.6,48.62,379300,48.622598412558032,1
1996-10-25,48.61,48.84,48.54,48.66,568300,48.6662030203870533,1
1996-10-28,48.71,48.95,48.32,48.34,975400,48.3415909398818767,1
1996-10-29,48.49,48.85,48.24,48.73,815900,48.7305717271823455,1
1996-10-30,48.89,48.89,48.51,48.57,495400,48.568611755245863,1
1996-10-31,48.64,49.06,48.58,49.03,726300,49.0337275720891376,1
1996-11-01,49.13,49.25,48.64,48.86,821300,48.8606934140373101,1
1996-11-04,48.93,49.18,48.82,49.18,1608400,49.1853054945424769,1
1996-11-05,49.35,49.7,49.34,49.47,764000,49.4663129672185931,1
1996-11-06,49.55,50.44,49.51,50.42,1665000,50.4180008365035406,1
1996-11-07,50.27,50.73,50.2,50.54,1446300,50.5370483372431897,1
1996-11-08,50.55,50.83,50.35,50.82,1355700,50.818055809919305,1
1996-11-11,50.7,50.89,50.68,50.76,655900,50.764069152607141,1
1996-11-12,50.91,50.93,50.54,50.62,719900,50.6124912301537929,1
1996-11-13,50.66,50.91,50.54,50.84,481900,50.8395120455177493,1
1996-11-14,50.66,51.18,50.64,51.18,558800,51.1751983121382621,1
1996-11-15,51.31,51.56,51.02,51.24,2250900,51.2395670189335238,1
1996-11-18,51.34,51.39,51.03,51.25,1518200,51.2506412050487982,1
1996-11-19,51.32,51.63,51.24,51.62,1029300,51.6181657567507703,1
1996-11-20,51.61,51.92,51.43,51.7,730000,51.7046828357767053,1
1996-11-21,51.77,51.8,51.48,51.63,653000,51.6292399428661586,1
1996-11-22,51.7,52.08,51.7,52.03,965100,52.0292949162819589,1
1996-11-25,52.08,52.71,51.97,52.69,2058800,52.6889011267754603,1
1996-11-26,52.8,53.08,52.24,52.52,2861800,52.5158669687236267,1
1996-11-27,52.64,52.73,52.35,52.42,872000,52.4182757035824226,1
1996-11-29,52.6,52.75,52.51,52.62,1073400,52.6134582338648557,1
1996-12-02,52.55,52.69,52.18,52.64,1350600,52.6349144694633231,1
1996-12-03,52.64,53.0,51.74,51.74,1777800,51.7372132574905802,1
1996-12-04,51.83,51.95,51.28,51.88,2365100,51.8777169938286484,1
1996-12-05,51.8,52.01,51.58,51.74,1697700,51.7372132574905443,1
1996-12-06,50.7,51.74,50.29,51.43,3401800,51.4347495492159473,1
1996-12-09,51.7,52.2,51.62,52.19,1864600,52.1912548882184717,1
1996-12-10,52.3,52.37,51.89,51.94,1331600,51.9427778372561283,1
1996-12-11,50.96,51.65,50.74,51.47,1847900,51.4665878342976043,1
1996-12-12,51.76,51.83,50.48,50.62,2540200,50.6124912301539104,1
1996-12-13,50.57,50.93,50.12,50.74,1678300,50.7426129170088443,1
1996-12-16,50.87,51.0,49.88,50.1,1831100,50.0933887559984602,1
1996-12-17,49.94,50.72,49.75,50.49,2023200,50.4934437294142408,1
1996-12-18,50.79,51.06,50.71,50.89,1666800,50.8934987028300416,1
1996-12-19,51.35,52.0,51.14,51.94,2269300,51.9427665209736237,1
1996-12-20,52.28,52.69,52.02,52.08,1543200,52.0845927194159275,1
1996-12-23,52.26,52.33,51.73,51.96,1263700,51.9537618788509036,1
1996-12-24,52.08,52.33,52.05,52.33,633000,52.3344239521969918,1
1996-12-26,52.5,52.77,52.46,52.74,1384300,52.7366591960618573,1
1996-12-27,52.74,52.91,52.54,52.81,410400,52.8020746163443423,1
1996-12-30,52.98,52.98,52.3,52.35,694100,52.3455584918194857,1
1996-12-31,52.39,52.46,51.39,51.39,1378100,51.3886839930060024,1
1997-01-02,51.76,51.76,50.63,51.52,2031900,51.5188189248446469,1
1997-01-03,51.76,52.28,51.55,52.26,2123200,52.2585699010182755,1
1997-01-06,52.26,52.5,51.71,51.8,1374100,51.8020537764934393,1
1997-01-07,51.8,52.52,51.59,52.43,939000,52.4325470826207173,1
1997-01-08,52.72,52.74,51.98,51.98,1802200,51.9774227755487064,1
1997-01-09,52.23,52.81,52.15,52.41,1415700,52.4102780033756083,1
1997-01-10,51.67,53.06,51.67,52.98,2369500,52.9760517979468535,1
1997-01-13,53.24,53.24,52.64,52.9,1364600,52.9001977467681894,1
1997-01-14,53.37,53.86,53.24,53.56,2111200,53.5633987630367116,1
1997-01-15,53.39,53.72,53.15,53.43,1583900,53.4325679224716299,1
1997-01-16,53.61,53.79,53.24,53.65,1308400,53.6503873538379008,1
1997-01-17,53.72,54.11,53.66,53.97,1604000,53.976768546524042,1
1997-01-20,54.11,54.34,53.91,54.04,1889900,54.0414880580801538,1
1997-01-21,53.85,54.66,53.66,54.48,2785800,54.4764310120862908,1
1997-01-22,54.5,54.87,54.2,54.87,1201600,54.8682276250549855,1
1997-01-23,55.02,55.46,53.52,54.11,2601100,54.1069034783627142,1
1997-01-24,54.2,54.22,53.41,53.41,2176000,53.4109947519529314,1
1997-01-27,53.5,53.75,53.15,53.26,2108500,53.2585907408692097,1
1997-01-28,54.02,54.17,52.89,53.41,4376000,53.4109947519529791,1
1997-01-29,53.5,53.93,53.3,53.93,1122700,53.9329262967603161,1
1997-01-30,54.2,54.65,53.87,54.63,2126300,54.6288350231701646,1
1997-01-31,54.94,55.26,54.55,54.57,3208100,54.5634196028876703,1
1997-02-03,54.78,54.9,54.53,54.73,755000,54.7269581535939979,1
1997-02-04,54.8,55.12,54.59,55.07,654100,55.0637779771763745,1
1997-02-05,55.14,55.3,53.68,54.03,2255400,54.0310494271842407,1
1997-02-06,54.13,54.42,53.87,54.39,2483100,54.3894424212852777,1
1997-02-07,54.84,55.15,54.13,55.13,2321000,55.1291933974589247,1
1997-02-10,55.15,55.35,54.57,54.61,1670000,54.6072618526515711,1
1997-02-11,54.82,55.24,54.37,55.24,1664300,55.2377551587788883,1
1997-02-12,55.24,56.12,55.16,56.02,2675400,56.0206524759899226,1
1997-02-13,56.24,56.76,56.15,56.63,1104800,56.6295726115985252,1
1997-02-14,56.5,56.7,56.31,56.5,1112900,56.4994376797598564,1
1997-02-18,56.61,57.02,56.19,56.98,833100,56.977526974803426,1
1997-02-19,56.83,57.06,56.48,56.6,648100,56.5968649014572871,1
1997-02-20,56.39,56.62,55.78,55.91,1193900,55.9120907146700138,1
1997-02-21,55.96,56.21,55.77,55.94,1844400,55.9336638851887743,1
1997-02-24,55.65,56.63,55.65,56.6,787300,56.5968649014573436,1
1997-02-25,56.65,56.74,56.29,56.64,1653900,56.6407071512211563,1
1997-02-26,56.58,56.67,55.42,56.08,1597800,56.0860678962725795,1
1997-02-27,56.24,56.24,55.24,55.25,1813100,55.2488896984015953,1
1997-02-28,55.15,55.59,55.02,55.09,2961200,55.0853511476952782,1
1997-03-03,54.8,55.5,54.76,55.46,1210400,55.4555745901452877,1
1997-03-04,55.61,55.76,55.04,55.15,1478700,55.1507665679777839,1
1997-03-05,55.48,56.08,55.29,56.08,1254800,56.0860678962725575,1
1997-03-06,56.11,56.31,55.59,55.76,1528500,55.7596867035863375,1
1997-03-07,55.98,56.48,55.85,56.26,1859300,56.2600450778749489,1
1997-03-10,56.33,56.85,56.06,56.85,1074900,56.8473920429648884,1
1997-03-11,56.89,56.93,56.54,56.54,624600,56.542584020797384,1
1997-03-12,56.58,56.61,55.88,56.04,1055600,56.0422256465087162,1
1997-03-13,55.85,56.0,55.02,55.17,2514100,55.1723397384965157,1
1997-03-14,55.42,55.69,55.15,55.46,1642700,55.4548786814188949,1
1997-03-17,55.15,55.69,54.59,55.61,3013500,55.6072826925026331,1
1997-03-18,55.67,55.75,54.78,55.01,1352500,55.0094970965166137,1
1997-03-19,54.87,55.32,54.32,54.82,1510000,54.8243853752916527,1
1997-03-20,54.8,54.98,54.2,54.55,1808200,54.5418464323692895,1
1997-03-21,54.76,54.8,54.52,54.59,2810600,54.5856886821331627,1
1997-03-24,54.63,55.38,54.34,55.35,2145600,55.3463169200990919,1
1997-03-25,55.21,55.65,54.65,54.8,2125800,54.80281220477302,1
1997-03-26,55.02,55.44,54.76,55.04,1335300,55.0422048066579803,1
1997-03-27,55.24,55.24,53.0,53.58,2898500,53.5849719335558577,1
1997-03-31,53.54,53.68,52.37,52.37,4270800,52.3671316623386582,1
1997-04-01,52.37,53.02,52.23,52.79,3210900,52.7909400767222577,1
1997-04-02,52.63,52.85,51.8,51.85,2672700,51.845200117531333,1
1997-04-03,51.8,52.28,51.63,52.13,2284200,52.127739060453729,1
1997-04-04,51.85,52.79,51.61,52.78,3706700,52.7805014458260679,1
1997-04-07,53.02,53.33,52.99,52.99,2596200,52.9871863375698255,1
1997-04-08,52.98,53.43,52.78,53.37,1822700,53.367152502189612,1
1997-04-09,53.58,53.62,52.78,52.93,2453200,52.9329054569098972,1
1997-04-10,52.95,53.27,52.67,52.74,1996500,52.7366591960623073,1
1997-04-11,52.23,52.41,51.07,51.07,4221600,51.0657823439523178,1
1997-04-14,51.31,51.81,51.02,51.75,3988500,51.7470769871074863,1
1997-04-15,52.37,52.64,51.85,52.63,2760400,52.628097434742339,1
1997-04-16,52.46,53.31,52.37,53.24,2273300,53.2370175703509503,1
1997-04-17,53.24,53.58,52.89,53.02,1386000,53.0198940477110606,1
1997-04-18,53.45,53.57,53.06,53.28,1702100,53.2801639113883208,1
1997-04-21,53.41,53.52,52.52,52.93,2809400,52.9329054569098228,1
1997-04-22,52.97,54.09,52.89,54.09,3215000,54.0957689387406145,1
1997-04-23,54.04,54.3,53.72,54.15,2047700,54.1500498194005524,1
1997-04-24,54.32,54.48,53.5,53.88,2689900,53.8786454161007788,1
1997-04-25,53.63,53.72,53.18,53.26,1606200,53.2585907408696435,1
1997-04-28,53.24,54.15,53.15,53.78,1666500,53.7805222856770383,1
1997-04-29,54.49,55.52,54.49,55.48,3197400,55.4771477606641653,1
1997-04-30,55.15,56.15,55.13,55.74,3372200,55.7381135330678852,1
1997-05-01,55.83,56.04,55.19,55.67,2149500,55.6726981127853575,1
1997-05-02,55.87,56.83,55.71,56.67,1448300,56.6727189526362584,1
1997-05-05,56.83,58.15,56.58,58.02,3636200,58.0213900644185135,1
1997-05-06,57.74,58.09,57.41,57.98,1721100,57.9782437233810751,1
1997-05-07,57.76,57.76,56.65,56.72,2327200,56.7165612024000316,1
1997-05-08,56.58,57.91,56.5,57.11,2923700,57.1076619066423941,1
1997-05-09,57.74,57.85,56.83,57.5,2558200,57.4994585196111617,1
1997-05-12,57.72,58.63,57.68,58.46,2357900,58.4563330184246722,1
1997-05-13,58.41,58.52,57.77,58.22,1195100,58.2169404165396891,1
1997-05-14,58.62,58.8,58.07,58.32,2772000,58.3261980865860775,1
1997-05-15,58.32,58.87,58.12,58.72,884100,58.7172987908284013,1
1997-05-16,58.55,58.67,57.76,57.91,1934200,57.912828303098663,1
1997-05-19,57.98,58.39,57.8,58.09,1375800,58.0868054847010651,1
1997-05-20,57.96,58.94,57.59,58.78,1756400,58.7827142111108766,1
1997-05-21,58.94,59.14,58.22,58.65,1208000,58.6518833705458545,1
1997-05-22,58.72,58.78,58.15,58.46,907600,58.4563330184247132,1
1997-05-23,58.72,59.31,58.57,59.0,644400,58.9998377337508112,1
1997-05-27,58.72,59.52,58.64,59.24,1531000,59.2392303356357468,1
1997-05-28,59.24,59.47,58.82,59.23,716700,59.2280957960132019,1
1997-05-29,59.21,59.33,58.8,58.88,1282700,58.8801414328082568,1
1997-05-30,57.91,59.54,57.85,59.26,2143300,59.2608035061544512,1
1997-06-02,59.39,59.5,58.96,59.0,1479100,58.9998377337507634,1
1997-06-03,58.74,59.46,58.69,58.8,1562100,58.8042873816296702,1
1997-06-04,58.83,58.98,58.51,58.74,1063100,58.7388719613471466,1
1997-06-05,58.87,59.37,58.75,58.96,1180800,58.9566913927134315,1
1997-06-06,58.87,60.15,58.87,60.11,1510000,60.1091162436481158,1
1997-06-09,60.15,60.46,60.08,60.41,1823400,60.413924265815568,1
1997-06-10,60.43,60.83,60.2,60.6,1217500,60.5983400783142062,1
1997-06-11,60.54,60.83,60.43,60.74,1673800,60.739609549775424,1
1997-06-12,61.16,61.94,60.93,61.91,4270000,61.914303479955205,1
1997-06-13,61.98,62.63,61.87,62.44,2132900,62.4362350247625506,1
1997-06-16,62.46,62.63,62.26,62.46,800400,62.4578081952812361,1
1997-06-17,62.24,62.79,61.89,62.37,2048100,62.3708196044800713,1
1997-06-18,62.03,62.37,61.91,62.15,1971900,62.1536960818401765,1
1997-06-19,62.36,62.98,62.2,62.79,2029900,62.7946280188636387,1
1997-06-20,62.59,62.87,62.28,62.34,1396900,62.3381118943388602,1
1997-06-23,62.22,62.57,60.78,60.83,3991500,60.8265981405767553,1
1997-06-24,61.41,62.55,61.24,62.37,4895100,62.370819604480159,1
1997-06-25,62.27,62.81,61.2,61.94,4708900,61.9358766504740649,1
1997-06-26,61.82,62.37,61.02,61.63,2569900,61.6317645370329424,1
1997-06-27,61.91,62.44,61.72,61.87,2617900,61.8704612301915171,1
1997-06-30,61.87,62.26,61.16,61.46,2384900,61.4570914467040837,1
1997-07-01,61.59,62.33,61.51,62.17,1749000,62.1752692523590181,1
1997-07-02,62.33,63.2,62.09,63.2,1961800,63.1975591714550828,1
1997-07-03,63.94,64.13,63.65,64.07,2539100,64.0674450794673147,1
1997-07-07,64.29,64.37,63.27,63.42,1158600,63.4146826940948325,1
1997-07-08,63.5,64.16,63.46,64.08,3396500,64.0778837103633845,1
1997-07-09,64.24,64.29,62.65,63.37,5390300,63.3715363530574174,1
1997-07-10,63.42,63.91,62.97,63.65,2072200,63.6540752959797335,1
1997-07-11,63.74,64.16,63.59,63.87,2260400,63.8711988186195712,1
1997-07-14,63.95,64.24,63.48,64.07,3186400,64.0674450794670953,1
1997-07-15,64.24,64.56,63.65,64.39,2983100,64.3931303634269093,1
1997-07-16,64.81,65.48,64.64,65.24,2621300,65.2414431009205309,1
1997-07-17,65.16,65.28,64.57,64.91,1794800,64.9150619082342868,1
1997-07-18,64.73,64.87,63.37,63.54,3961900,63.5343789950372511,1
1997-07-21,63.52,63.74,63.11,63.54,3810300,63.5455135346598022,1
1997-07-22,63.81,65.28,63.77,65.23,4243400,65.2303085612979412,1
1997-07-23,65.37,65.75,65.09,65.18,3204300,65.1760276806380278,1
1997-07-24,65.37,65.6,64.5,65.48,4152700,65.4808357028055088,1
1997-07-25,65.81,65.98,65.16,65.44,2364800,65.4369934530416768,1
1997-07-28,65.59,65.81,65.07,65.39,2794700,65.3938471120042025,1
1997-07-29,65.16,65.74,65.01,65.61,2737100,65.6109706346441583,1
1997-07-30,65.76,66.55,65.7,66.4,4839800,66.3938679518552641,1
1997-07-31,66.4,66.83,66.13,66.33,2138700,66.3291484402991645,1
1997-08-01,66.46,66.61,65.28,66.07,7077700,66.068182667895469,1
1997-08-04,65.96,66.49,65.7,66.24,2339500,66.2414639407715009,1
1997-08-05,66.17,66.59,66.05,66.29,1467000,66.2853061905353398,1
1997-08-06,66.42,67.18,66.15,66.83,2478200,66.8288109058613952,1
1997-08-07,67.16,67.25,66.2,66.33,3641900,66.3291484402991647,1
1997-08-08,65.63,65.94,64.31,64.98,7167600,64.9804773285169663,1
1997-08-11,65.24,65.61,64.46,65.46,6355900,65.4592625322869228,1
1997-08-12,65.57,65.8,64.35,64.41,6160800,64.4153994426722502,1
1997-08-13,65.2,65.3,63.65,64.22,6982300,64.2191531818246874,1
1997-08-14,64.78,64.94,63.83,64.46,3462700,64.4585457837096074,1
1997-08-15,64.11,64.11,62.37,62.48,4907100,62.4793813658001039,1
1997-08-18,62.9,63.87,62.17,63.87,5638900,63.8711988186196933,1
1997-08-19,64.18,64.66,63.7,64.61,3802800,64.6109497947933583,1
1997-08-20,64.68,65.63,64.45,65.59,3558200,65.5893974641255595,1
1997-08-21,65.51,65.59,64.09,64.43,5392600,64.4369726131909226,1
1997-08-22,63.33,64.53,63.02,64.41,7172900,64.4147035339458021,1
1997-08-25,64.57,65.0,63.91,64.18,3888000,64.1760068407872596,1
1997-08-26,64.02,64.41,63.12,63.23,4290000,63.2295709728698907,1
1997-08-27,63.33,64.0,62.92,63.61,5484300,63.6102330462160313,1
1997-08-28,63.46,63.98,62.63,62.65,4287900,62.6429199165064433,1
1997-08-29,62.72,63.4,62.44,62.9,2652300,62.8927511492875441,1
1997-09-02,63.11,64.97,63.04,64.94,7294000,64.937330987479584,1
1997-09-03,64.93,65.42,64.55,64.59,2812500,64.5886807155482772,1
1997-09-04,64.76,65.22,64.55,65.0,2473700,65.0020504990356973,1
1997-09-05,65.39,65.72,64.43,64.82,3663300,64.8176346865370427,1
1997-09-08,65.22,65.42,64.94,65.1,803500,65.1001736294594688,1
1997-09-09,64.87,65.61,64.66,65.13,1885200,65.132881339600678,1
1997-09-10,64.81,65.07,63.79,63.79,3623700,63.7869938627241504,1
1997-09-11,63.87,63.96,62.81,63.46,7055900,63.4578290351322865,1
1997-09-12,64.02,64.7,63.29,64.48,6708000,64.4801189542282993,1
1997-09-15,64.48,64.94,64.16,64.37,2060500,64.3715571929083872,1
1997-09-16,64.94,66.31,64.74,65.98,6979000,65.9811940770943019,1
1997-09-17,66.38,66.46,65.76,65.98,2220000,65.9811940770943349,1
1997-09-18,66.11,67.07,66.09,66.26,5045400,66.2637330200167285,1
1997-09-19,65.87,66.36,65.7,66.13,1566400,66.1329021794516817,1
1997-09-22,66.46,66.95,66.26,66.5,3259000,66.5031256219016669,1
1997-09-23,66.5,66.6,65.94,66.2,1872800,66.1983175997341919,1
1997-09-24,66.38,66.88,65.61,65.65,2793100,65.6548128844080761,1
1997-09-25,65.59,65.94,65.16,65.2,6327800,65.198296759883286,1
1997-09-26,65.72,65.98,65.55,65.74,3995800,65.7418014752093959,1
1997-09-29,65.76,66.5,65.53,66.38,2065000,66.3722947813366673,1
1997-09-30,66.11,66.59,65.68,65.68,4137600,65.6798655985588624,1
1997-10-01,66.29,66.68,65.96,66.55,3567500,66.546271962939136,1
1997-10-02,66.48,66.94,66.33,66.92,2577500,66.9157994966626836,1
1997-10-03,67.87,68.03,66.35,67.25,6499900,67.2533152289715,1
1997-10-06,67.72,67.93,67.44,67.7,2272100,67.6986968138737654,1
1997-10-07,67.87,68.55,67.64,68.33,1832800,68.3298860287274729,1
1997-10-08,68.45,68.46,67.32,67.85,4439400,67.8511008249575435,1
1997-10-09,67.35,67.93,66.96,67.61,3607800,67.6117082230725651,1
1997-10-10,67.02,67.49,66.98,67.42,2858100,67.4161578709514327,1
1997-10-13,67.74,67.89,67.31,67.48,1760300,67.4815732912339287,1
1997-10-14,67.83,67.85,66.94,67.5,2235700,67.5031464617525584,1
1997-10-15,67.02,67.54,67.0,67.35,2601700,67.3507424506688284,1
1997-10-16,67.72,67.85,66.11,66.29,9488100,66.2853061905354197,1
1997-10-17,66.13,66.38,64.72,65.61,8151300,65.6109706346443036,1
1997-10-20,66.0,66.63,65.53,66.55,3636400,66.5462719629391088,1
1997-10-21,66.96,67.85,66.83,67.84,5225400,67.8399662853348636,1
1997-10-22,67.74,67.77,67.18,67.39,4485200,67.3945847004325657,1
1997-10-23,66.07,66.63,65.61,66.07,8054100,66.0681826678954296,1
1997-10-24,66.92,66.92,65.19,65.42,6778700,65.4154202825230059,1
1997-10-27,64.73,65.37,60.43,60.68,10840700,60.6741941294928706,1
1997-10-28,58.72,64.64,58.72,64.18,19548000,64.1760068407870725,1
1997-10-29,64.37,65.24,63.52,64.0,10184200,64.0020296591845083,1
1997-10-30,63.07,64.41,62.46,62.59,9772900,62.5886390358461883,1
1997-10-31,63.89,64.37,62.94,64.07,7072700,64.0674450794670571,1
1997-11-03,64.85,65.68,64.64,65.42,5548500,65.4154202825228744,1
1997-11-04,65.33,65.72,64.91,65.42,3455700,65.4154202825227821,1
1997-11-05,65.55,66.31,65.3,65.63,4774900,65.6325438051626578,1
1997-11-06,65.44,65.65,65.07,65.38,3679800,65.3827125723814487,1
1997-11-07,64.29,64.89,63.63,64.68,10606800,64.6763652150754916,1
1997-11-10,65.16,65.3,64.02,64.29,4347900,64.2845686021067068,1
1997-11-11,64.5,64.76,64.04,64.31,3212400,64.3061417726253918,1
1997-11-12,63.77,64.52,62.9,62.98,6775300,62.9797397400882462,1
1997-11-13,63.65,64.13,62.69,63.89,8589600,63.8934678978642944,1
1997-11-14,64.24,64.99,63.75,64.76,5827900,64.7633538058765235,1
1997-11-17,65.68,66.33,65.44,65.96,5149900,65.958924997848584,1
1997-11-18,65.98,66.17,65.34,65.55,3433600,65.546251123087591,1
1997-11-19,65.2,66.15,64.55,65.87,4387900,65.8719364070473971,1
1997-11-20,66.33,67.18,66.31,66.87,4822700,66.8726531556247032,1
1997-11-21,67.25,67.37,66.57,67.33,5436500,67.329169280149609,1
1997-11-24,66.81,67.04,65.85,66.11,4337200,66.1113290089324262,1
1997-11-25,66.55,66.68,65.87,66.29,4525000,66.2853061905349069,1
1997-11-26,66.72,66.79,66.33,66.48,2681100,66.4808565426560311,1
1997-11-28,66.63,66.98,66.52,66.55,1564700,66.5462719629385139,1
1997-12-01,66.96,68.26,66.83,68.26,4850900,68.2644706084443664,1
1997-12-02,67.98,68.19,67.68,67.85,1974900,67.8511008249569228,1
1997-12-03,67.94,68.57,67.42,68.05,3302500,68.0466511770780944,1
1997-12-04,68.55,68.7,67.77,67.98,2872500,67.9819316655220158,1
1997-12-05,67.77,68.89,67.59,68.85,3458800,68.8518175735342986,1
1997-12-08,68.87,68.89,68.37,68.66,2289200,68.6555713126867102,1
1997-12-09,68.35,68.61,67.94,68.24,1703000,68.2428974379257034,1
1997-12-10,67.89,68.09,67.13,67.66,3558400,67.6555504728357859,1
1997-12-11,67.02,67.22,66.33,66.5,5072800,66.5031256219011523,1
1997-12-12,67.11,67.16,66.05,66.63,4478400,66.6332605537398276,1
1997-12-15,66.98,67.58,66.72,67.31,4674700,67.3075961096308783,1
1997-12-16,67.66,68.07,67.42,67.72,2885800,67.7209658931182336,1
1997-12-17,68.09,68.12,67.29,67.37,2236300,67.3730115299133878,1
1997-12-18,67.46,67.46,66.26,66.72,4658300,66.720249144541035,1
1997-12-19,65.78,66.72,64.29,65.96,8556000,65.9589249978486506,1
1997-12-22,66.42,66.74,65.81,66.38,5136800,66.3834293209586378,1
1997-12-23,66.42,66.55,65.09,65.2,4436500,65.1982967598826899,1
1997-12-24,65.72,65.72,64.89,65.0,2019200,65.0020504990350573,1
1997-12-26,65.51,65.51,65.0,65.26,941800,65.2630162714387766,1
1997-12-29,65.83,66.61,65.72,66.55,2080000,66.5462719629385004,1
1997-12-30,66.77,67.68,66.7,67.59,3616000,67.5901350525531886,1
1997-12-31,67.42,67.94,67.29,67.54,4359500,67.5469887115158482,1
1998-01-02,67.72,67.96,67.18,67.89,2360900,67.8942471659944337,1
1998-01-05,68.09,68.51,67.35,68.05,4191800,68.046651177078163,1
1998-01-06,67.68,67.7,66.94,66.96,3154900,66.9596417464260582,1
1998-01-07,66.87,67.31,66.26,67.13,4424200,67.1336189280285053,1
1998-01-08,67.02,67.02,66.38,66.55,3831000,66.5462719629386808,1
1998-01-09,66.29,66.46,63.96,64.24,10258800,64.2414222610694661,1
1998-01-12,63.42,65.55,63.27,65.42,12097900,65.4154202825228284,1
1998-01-13,65.85,66.38,65.57,66.33,5224900,66.3284525315725619,1
1998-01-14,66.59,66.79,65.92,66.63,3770400,66.6332605537401017,1
1998-01-15,66.46,66.63,65.98,66.08,2875400,66.0786212987913972,1
1998-01-16,66.98,67.29,66.57,67.02,4374800,67.0250571667087289,1
1998-01-20,67.29,68.21,67.16,68.12,5091700,68.1120665973608703,1
1998-01-21,67.66,67.98,66.92,67.46,4699400,67.460000120714865,1
1998-01-22,66.92,67.42,66.72,66.86,4543400,66.8615186160024284,1
1998-01-23,67.16,67.35,66.11,66.77,6350300,66.7633954855786042,1
1998-01-26,67.07,67.32,66.4,66.72,4362900,66.7202491445412224,1
1998-01-27,66.68,67.85,66.57,67.39,7044200,67.3945847004323553,1
1998-01-28,67.79,68.28,67.64,68.0,4268600,68.0035048360409457,1
1998-01-29,68.09,69.28,67.89,68.37,8007700,68.3730323697646064,1
1998-01-30,68.74,68.87,68.2,68.41,3649100,68.4168746195284462,1
1998-02-02,69.53,69.94,69.42,69.55,5756300,69.5470303912180325,1
1998-02-03,69.59,70.15,69.4,70.07,2763000,70.0696578447517498,1
1998-02-04,69.79,70.4,69.55,69.98,3374000,69.9819733452241197,1
1998-02-05,70.5,70.7,69.61,69.94,5076200,69.9388270041867883,1
1998-02-06,70.29,70.73,70.07,70.73,5701200,70.721724321397849,1
1998-02-09,70.79,70.81,70.09,70.48,2322200,70.4823317195129205,1
1998-02-10,70.59,71.31,70.42,71.16,3660400,71.156667275404071,1
1998-02-11,71.05,71.22,70.77,71.09,4073200,71.09125185512157,1
1998-02-12,70.79,71.64,70.2,71.39,5024700,71.3960598772890423,1
1998-02-13,71.11,71.34,70.9,70.98,2101300,70.9826900938015879,1
1998-02-17,71.55,71.74,71.09,71.33,3055500,71.3306444570064547,1
1998-02-18,71.2,72.01,71.18,71.98,3007400,71.9834068423788649,1
1998-02-19,71.85,71.96,71.5,71.6,3387800,71.602744769032759,1
1998-02-20,71.73,72.18,71.25,72.14,3707000,72.1351149447362637,1
1998-02-23,72.55,72.55,71.92,72.42,3227800,72.4176538876586284,1
1998-02-24,72.31,72.44,71.64,71.85,3386800,71.8525760018139346,1
1998-02-25,72.2,72.99,72.12,72.74,3481800,72.7440350803448407,1
1998-02-26,72.68,73.22,72.51,73.16,3187600,73.1574048638322742,1
1998-02-27,73.05,73.44,72.74,73.16,3442900,73.1574048638323181,1
1998-03-02,73.24,73.59,72.81,73.01,4252300,73.0050008527485674,1
1998-03-03,72.74,73.51,72.74,73.42,3349200,73.4183706362360451,1
1998-03-04,73.13,73.36,72.68,72.94,4404100,72.9395854324661173,1
1998-03-05,72.03,72.68,71.79,72.26,7268000,72.2659457853014186,1
1998-03-06,72.76,73.72,72.68,73.72,6896300,73.7231786584036423,1
1998-03-09,73.44,73.92,73.24,73.46,3362800,73.4615169772734906,1
1998-03-10,73.92,74.35,73.72,74.16,5481900,74.1574257036833259,1
1998-03-11,74.44,74.68,74.31,74.5,3439600,74.5053800668882738,1
1998-03-12,74.52,74.87,74.11,74.81,3191300,74.8101880890557681,1
1998-03-13,75.05,75.16,74.38,74.52,2879400,74.5276491461333431,1
1998-03-16,75.05,75.42,74.83,75.33,3223600,75.3321196338630733,1
1998-03-17,75.37,75.55,74.92,75.55,4581900,75.5492431565028838,1
1998-03-18,75.33,75.83,75.18,75.83,1944100,75.8324780081517113,1
1998-03-19,75.83,76.12,75.62,76.03,2554800,76.0280283602729091,1
1998-03-20,76.24,76.68,75.77,76.47,3123300,76.4629713142790701,1
1998-03-23,76.36,76.77,76.14,76.29,4453100,76.2889941326765762,1
1998-03-24,76.59,77.11,76.51,76.94,3333600,76.9410606093226553,1
1998-03-25,77.53,77.61,75.99,76.66,4597600,76.6585216664002144,1
1998-03-26,76.47,77.07,76.29,76.61,3333500,76.6153753253629132,1
1998-03-27,77.07,77.09,75.85,76.29,2611300,76.288994132676722,1
1998-03-30,76.29,76.61,75.83,76.24,3108700,76.245151882912857,1
1998-03-31,76.66,77.38,76.38,76.51,5926500,76.5068135640429733,1
1998-04-01,76.77,77.3,76.14,77.13,2929000,77.1261723305477457,1
1998-04-02,77.2,78.12,77.07,77.96,3920900,77.9633505284187534,1
1998-04-03,78.18,78.51,77.83,78.35,3787600,78.3551471413874991,1
1998-04-06,78.81,78.9,77.73,77.73,4550500,77.726045652712957,1
1998-04-07,77.77,77.9,76.66,77.2,5583700,77.202722290452717,1
1998-04-08,77.4,77.44,76.38,76.77,4854800,76.767083427720131,1
1998-04-09,76.94,77.44,76.92,77.38,4481200,77.376699472055165,1
1998-04-13,77.51,77.51,76.55,77.16,4350200,77.1588800406888291,1
1998-04-14,77.34,77.81,77.18,77.81,3279100,77.8109465173347758,1
1998-04-15,77.92,78.03,77.36,78.03,3867200,78.0287659487011203,1
1998-04-16,77.46,77.59,76.9,77.11,7177900,77.1150377909250407,1
1998-04-17,77.05,78.25,76.86,78.14,5688800,78.1373277100210206,1
1998-04-20,77.94,78.33,77.86,78.12,3688300,78.115754539502324,1
1998-04-21,78.25,78.75,77.88,78.48,4573200,78.4852820732259466,1
1998-04-22,78.55,78.94,78.51,78.7,2386100,78.7031015045921492,1
1998-04-23,78.38,78.64,77.77,77.94,5062000,77.9417773578997829,1
1998-04-24,77.77,78.27,76.79,77.11,11039700,77.1150377909248711,1
1998-04-27,76.12,76.33,74.9,75.66,14510200,75.6585008265490892,1
1998-04-28,76.4,76.42,75.25,75.55,6511400,75.5492431565028083,1
1998-04-29,75.87,76.53,75.46,76.07,7703100,76.0711747013102187,1
1998-04-30,76.94,77.89,76.84,77.48,8684500,77.4852612333749564,1
1998-05-01,77.77,78.35,77.46,78.35,4008800,78.3551471413872396,1
1998-05-04,78.44,78.85,78.05,78.16,4537200,78.1589008805396155,1
1998-05-05,77.94,78.05,77.34,77.61,5146400,77.6153961652134764,1
1998-05-06,78.03,78.03,76.68,76.7,5526100,76.7023639161637173,1
1998-05-07,76.9,76.94,76.09,76.09,6940400,76.0934437805550881,1
1998-05-08,76.55,77.51,76.55,77.34,7951000,77.3328572222910122,1
1998-05-11,77.64,78.09,76.81,77.07,6336300,77.071891449887385,1
1998-05-12,77.11,77.92,76.79,77.9,6045200,77.8986310168622881,1
1998-05-13,77.98,78.33,77.66,78.09,4441500,78.094181368983455,1
1998-05-14,77.61,78.42,77.48,77.71,4187500,77.7023847560146568,1
1998-05-15,77.94,78.09,77.11,77.27,6716100,77.2674418020085592,1
1998-05-18,77.05,77.66,76.43,76.96,4847200,76.9633296885675305,1
1998-05-19,77.25,77.73,77.09,77.48,5918700,77.4852612333748791,1
1998-05-20,78.0,78.29,77.16,78.23,5716600,78.2243163008221228,1
1998-05-21,78.21,78.48,77.46,77.73,6301500,77.7246538352599271,1
1998-05-22,77.77,77.98,77.2,77.42,4862200,77.4198458130924108,1
1998-05-26,78.0,78.0,75.99,76.18,6899300,76.1804323713565679,1
1998-05-27,75.53,76.49,74.87,76.29,10202600,76.2889941326764312,1
1998-05-28,76.47,76.81,75.9,76.64,4907600,76.6369484958813788,1
1998-05-29,76.99,77.11,75.87,75.87,4772600,75.8756243491889983,1
1998-06-01,75.83,76.7,75.55,76.22,6092200,76.223578712393885,1
1998-06-02,76.55,76.79,75.97,76.29,6701100,76.2889941326764162,1
1998-06-03,76.47,76.68,75.07,75.07,6445100,75.0746334050912437,1
1998-06-04,75.33,76.59,75.2,76.47,6566300,76.462971314278832,1
1998-06-05,76.81,77.94,76.47,77.94,8463200,77.9417773578996968,1
1998-06-08,77.9,78.27,77.71,77.86,4159900,77.8547887670984929,1
1998-06-09,77.75,78.23,77.53,78.09,2725300,78.0941813689835022,1
1998-06-10,77.68,78.68,77.42,77.59,6186900,77.5938229946948419,1
1998-06-11,77.55,77.86,76.12,76.14,8056600,76.1365901215926343,1
1998-06-12,76.47,76.86,75.33,76.86,9779000,76.8547679272475988,1
1998-06-15,75.72,76.49,74.81,74.83,10234200,74.8317612595743296,1
1998-06-16,75.44,76.01,74.98,75.99,7471500,75.9848820192353477,1
1998-06-17,76.66,77.79,76.51,77.57,12057700,77.5722498241761457,1
1998-06-18,77.38,77.55,77.07,77.22,3844600,77.2242954609712513,1
1998-06-19,77.29,77.41,76.29,76.59,3549100,76.5931062461175917,1
1998-06-22,76.72,77.29,76.59,76.96,5438300,76.9633296885676619,1
1998-06-23,77.31,77.98,77.25,77.88,5004600,77.8763619376173774,1
1998-06-24,78.05,79.12,77.67,78.92,8291900,78.9202250272321085,1
1998-06-25,79.27,79.64,78.51,78.79,5854800,78.7900900953935035,1
1998-06-26,78.85,79.22,78.73,79.12,4833100,79.1164712880797576,1
1998-06-29,79.51,79.81,79.19,79.4,5953400,79.3990102310021366,1
1998-06-30,79.27,79.47,78.68,78.85,4284800,78.8548096069496247,1
1998-07-01,79.38,79.99,79.08,79.77,3489500,79.7685377647257115,1
1998-07-02,79.83,79.95,79.51,79.92,3503900,79.9209417758094299,1
1998-07-06,79.88,80.73,79.72,80.73,3144400,80.7254122635392071,1
1998-07-07,80.71,80.82,80.22,80.57,4920700,80.5730082524555456,1
1998-07-08,80.64,81.38,80.55,81.16,6875000,81.1603552175454429,1
1998-07-09,80.92,81.23,80.47,80.61,6942500,80.6168505022193395,1
1998-07-10,80.75,81.38,80.07,81.05,7849700,81.0517934562254453,1
1998-07-13,81.12,81.31,80.77,81.07,6555100,81.0733666267441502,1
1998-07-14,81.38,82.23,81.38,81.99,6983600,81.9863988757938926,1
1998-07-15,82.16,82.31,81.79,81.83,4977500,81.8346907734364614,1
1998-07-16,81.9,82.53,81.46,82.4,6315600,82.3997686592813762,1
1998-07-17,82.56,82.81,82.33,82.51,3539500,82.5083304206013084,1
1998-07-20,82.64,82.97,82.08,82.51,2338400,82.5083304206013086,1
1998-07-21,82.81,82.81,80.92,81.07,5518600,81.073366626744256,1
1998-07-22,80.96,81.41,80.4,81.07,10417300,81.0733666267442557,1
1998-07-23,80.94,81.14,79.27,79.47,15110900,79.4644256512847555,1
1998-07-24,80.01,80.09,78.55,79.4,11540500,79.3990102310022004,1
1998-07-27,79.08,80.03,78.53,79.97,9600000,79.964088116847032,1
1998-07-28,79.64,79.79,77.86,78.62,13693000,78.6161129137911743,1
1998-07-29,79.14,79.42,78.12,78.31,7462400,78.3113048916236879,1
1998-07-30,79.08,79.74,78.92,79.49,6821600,79.4859988218034041,1
1998-07-31,79.57,79.68,77.46,77.79,7680500,77.7893733468163058,1
1998-08-03,77.79,78.23,77.27,77.46,10486500,77.462992154130045,1
1998-08-04,78.09,78.09,74.46,74.46,15091600,74.4622337258508801,1
1998-08-05,75.12,75.77,73.48,75.49,21718400,75.4845236449468469,1
1998-08-06,75.25,76.2,74.85,75.81,13084400,75.8109048376330375,1
1998-08-07,76.33,76.96,75.49,75.94,12083800,75.9410397694716359,1
1998-08-10,75.68,76.31,75.29,75.51,6273000,75.5060968154654903,1
1998-08-11,74.31,74.77,73.42,74.38,14287100,74.3752451350495478,1
1998-08-12,74.98,75.77,74.81,75.64,11158400,75.6369276560305292,1
1998-08-13,75.72,76.31,74.73,74.73,9073900,74.7266790418864696,1
1998-08-14,75.39,75.66,73.61,73.86,8628500,73.8533135902421009,1
1998-08-17,73.77,75.81,73.42,75.42,11290000,75.4191082246642477,1
1998-08-18,75.85,76.96,75.7,76.81,7603900,76.8109256774838576,1
1998-08-19,77.31,77.31,76.29,76.61,6258600,76.6153753253627749,1
1998-08-20,76.33,76.84,75.97,76.16,7402800,76.1588592008378563,1
1998-08-21,75.29,75.66,73.42,75.55,16685400,75.5492431565028692,1
1998-08-24,76.03,76.51,75.37,76.03,7201700,76.0280283602728713,1
1998-08-25,76.81,77.42,75.6,76.2,9688300,76.2020055418752651,1
1998-08-26,75.35,76.29,74.98,75.77,9339700,75.7670625878691349,1
1998-08-27,74.46,74.85,72.01,72.2,24887800,72.2005303650187722,1
1998-08-28,73.05,73.57,71.09,71.94,23735900,71.939564592615126,1
1998-08-31,72.2,72.39,66.11,66.81,22563100,66.8072377353426783,1
1998-09-01,66.85,69.98,65.16,69.63,24748500,69.6340189820192882,1
1998-09-02,69.46,70.81,68.74,69.13,13843200,69.1343565164569968,1
1998-09-03,67.94,69.16,67.33,68.59,17311300,68.5901558924045255,1
1998-09-04,69.2,69.46,66.63,68.03,17783800,68.0250780065597459,1
1998-09-08,70.2,71.68,69.46,71.68,14746500,71.6785988202112781,1
1998-09-09,71.5,71.77,69.9,69.94,12109700,69.9388270041867677,1
1998-09-10,68.51,69.13,67.37,68.55,19889300,68.5470095513669998,1
1998-09-11,68.33,70.77,67.5,70.77,20379800,70.7655665711615186,1
1998-09-14,71.6,72.69,71.05,71.98,10686800,71.9834068423786916,1
1998-09-15,71.6,72.59,71.18,72.42,8337900,72.4176538876584319,1
1998-09-16,72.9,73.24,71.79,73.07,11024900,73.0704162730307679,1
1998-09-17,71.16,71.7,70.83,70.98,12945200,70.9826900938013386,1
1998-09-18,71.25,71.27,70.35,71.05,7019200,71.04810551408384,1
1998-09-21,69.33,71.96,68.85,71.0,8834600,71.004263264320007,1
1998-09-22,72.03,72.14,71.09,71.6,7270100,71.5916102294098424,1
1998-09-23,72.29,74.46,72.22,74.46,13688500,74.4622337258503711,1
1998-09-24,73.98,74.33,71.85,72.64,11129500,72.6354733190245664,1
1998-09-25,71.77,73.36,71.42,72.55,10247400,72.548484728223368,1
1998-09-28,73.29,73.98,72.55,73.2,8847800,73.2012471135958425,1
1998-09-29,73.33,73.72,71.94,73.03,10618100,73.0272699319933223,1
1998-09-30,72.03,72.59,70.55,70.81,7908400,70.8087129121988632,1
1998-10-01,69.61,70.67,68.26,68.76,13335600,68.7648289827332239,1
1998-10-02,68.81,70.2,67.66,70.09,14351800,70.0912310152703771,1
1998-10-05,69.31,69.57,67.04,68.68,12807200,68.677840391932031,1
1998-10-06,70.11,70.48,67.87,68.61,12621000,68.612424971649508,1
1998-10-07,68.64,69.61,66.63,67.59,14348500,67.5901350525535006,1
1998-10-08,65.81,67.33,64.18,67.22,20625000,67.2206075188299283,1
1998-10-09,67.5,68.74,65.46,68.57,12708500,68.5685827218857659,1
1998-10-12,70.03,70.59,69.38,69.57,9508500,69.5692994704630908,1
1998-10-13,69.28,69.88,68.72,69.33,6256800,69.3299068685780582,1
1998-10-14,68.85,70.85,68.78,69.98,8176900,69.9819733452240425,1
1998-10-15,69.68,74.64,69.55,73.75,20541100,73.7447518289218426,1
1998-10-16,73.86,74.29,73.07,73.77,16573900,73.7663249994405178,1
1998-10-19,73.55,74.33,73.42,74.03,7915900,74.0272907718441988,1
1998-10-20,74.85,75.71,73.83,74.46,14611600,74.4622337258503416,1
1998-10-21,74.38,74.9,73.68,74.2,9178400,74.2012679534466751,1
1998-10-22,74.31,75.49,73.88,75.31,8277500,75.3105464633438623,1
1998-10-23,75.14,75.16,74.31,74.35,6237200,74.3536719645303206,1
1998-10-26,74.96,75.49,74.31,74.9,5838600,74.8971766798563636,1
1998-10-27,75.46,75.83,73.96,74.46,10089700,74.4622337258503039,1
1998-10-28,74.16,74.83,73.79,74.33,5650600,74.3314028852852286,1
1998-10-29,74.52,76.16,74.2,76.14,9625600,76.1365901215923135,1
1998-10-30,76.64,77.18,76.2,76.55,9872800,76.5499599050796672,1
1998-11-02,77.11,77.86,76.68,77.86,6501400,77.8547887670980545,1
1998-11-03,77.66,77.81,77.07,77.29,6866000,77.2890149725269373,1
1998-11-04,78.27,78.7,77.31,78.12,8233600,78.1157545395017437,1
1998-11-05,77.61,79.29,77.34,79.18,6841500,79.1811907996351782,1
1998-11-06,78.96,79.72,78.85,79.42,5224800,79.4205834015201704,1
1998-11-09,79.29,79.51,78.29,78.85,6188700,78.854809606948999,1
1998-11-10,78.64,79.29,78.12,78.64,14015200,78.6376860843091917,1
1998-11-11,79.2,79.33,77.87,78.12,10922400,78.1157545395018218,1
1998-11-12,78.16,78.73,77.73,78.03,5457400,78.0287659487006024,1
1998-11-13,78.09,78.79,78.03,78.79,5524600,78.7900900953929256,1
1998-11-16,79.49,79.58,78.56,79.38,6023700,79.3767411517563999,1
1998-11-17,79.1,80.47,78.64,79.38,9058900,79.3767411517564077,1
1998-11-18,79.55,80.03,78.99,79.86,4567700,79.8555263555263611,1
1998-11-19,80.22,80.66,79.77,80.55,5249300,80.5514350819362095,1
1998-11-20,80.98,81.25,80.61,81.16,5562000,81.1603552175447983,1
1998-11-23,81.75,83.25,81.53,83.08,7151300,83.0741042151718676,1
1998-11-24,82.81,83.27,82.43,82.56,5323700,82.5521726703645052,1
1998-11-25,82.77,82.95,82.27,82.56,4393500,82.5521726703645466,1
1998-11-27,83.14,83.31,82.83,83.16,4557900,83.161092805973145,1
1998-11-30,82.83,83.08,80.82,80.82,8705400,80.8158803979720373,1
1998-12-01,80.82,82.14,80.18,81.86,8950600,81.8562639439546965,1
1998-12-02,81.57,82.05,80.73,81.62,7495500,81.6168713420697198,1
1998-12-03,81.6,82.33,80.09,80.27,12145300,80.2688961390139053,1
1998-12-04,81.16,82.47,81.07,82.38,10339500,82.3781954887619932,1
1998-12-07,82.16,83.14,82.12,82.77,4290000,82.7699921017307778,1
1998-12-08,82.49,83.34,81.77,82.4,10102600,82.3997686592807471,1
1998-12-09,82.6,82.79,82.03,82.56,5327900,82.5521726703644637,1
1998-12-10,82.7,82.7,81.23,81.34,5966600,81.3454669387697931,1
1998-12-11,81.03,81.66,80.42,81.51,8198200,81.5083095807496737,1
1998-12-14,80.84,81.01,79.16,79.16,9521400,79.1596176291164896,1
1998-12-15,79.81,81.25,79.7,81.21,9631500,81.2041974673085191,1
1998-12-16,81.51,81.51,80.55,81.09,7260000,81.0949397972621616,1
1998-12-17,81.57,82.53,81.44,82.39,6914700,82.3893300283843929,1
1998-12-18,82.33,82.9,82.03,82.47,4802400,82.4651840795630211,1
1998-12-21,82.99,84.44,82.81,83.62,8580700,83.6176089304976659,1
1998-12-22,83.79,84.36,82.95,83.99,5461100,83.987832372947763,1
1998-12-23,84.34,85.75,84.07,85.75,7791000,85.7491773594910222,1
1998-12-24,85.71,85.77,85.25,85.38,1507100,85.3796498257673927,1
1998-12-28,85.77,85.81,84.9,85.17,4203600,85.1618303944010954,1
1998-12-29,85.4,86.63,84.99,86.51,3935800,86.5098055974568023,1
1998-12-30,86.25,86.81,85.62,85.81,6810700,85.8138968710469884,1
1998-12-31,85.81,86.25,85.23,85.81,6790500,85.8138968710470057,1
1999-01-04,85.86,87.14,84.71,85.62,9450400,85.6183465189258135,1
1999-01-05,85.56,86.91,85.56,86.6,8031000,86.5974900969844388,1
1999-01-06,87.55,88.9,87.51,88.69,7737700,88.6852162762138811,1
1999-01-07,87.95,88.53,87.53,88.25,5504900,88.2495774134813463,1
1999-01-08,89.21,89.42,87.66,88.9,6224400,88.9023397988537516,1
1999-01-11,88.86,88.86,87.14,88.05,7578300,88.0540270613602061,1
1999-01-12,87.84,87.84,86.12,86.47,7768800,86.4666592564194375,1
1999-01-13,83.79,87.08,83.77,85.86,10810600,85.8577391208108501,1
1999-01-14,86.04,86.23,84.14,84.36,11400700,84.3573599066713064,1
1999-01-15,85.17,86.84,84.94,86.56,7817700,86.5536478472207338,1
1999-01-19,87.2,87.43,85.94,87.12,6535100,87.1194216417918523,1
1999-01-20,87.75,89.03,87.01,87.82,6534400,87.8153303682017018,1
1999-01-21,87.39,87.57,85.31,85.49,6937500,85.4882115870873844,1
1999-01-22,84.99,86.18,84.75,85.29,7522300,85.2919653262398678,1
1999-01-25,85.79,86.29,84.84,86.16,5700300,86.1618512342521551,1
1999-01-26,86.38,87.73,86.04,87.73,6047000,87.7276458686743029,1
1999-01-27,87.95,88.12,86.4,86.7,7399400,86.7060518583046311,1
1999-01-28,87.16,88.36,87.12,88.16,5961700,88.1632847314067508,1
1999-01-29,88.62,89.29,87.27,88.84,6456800,88.8369243785715236,1
1999-02-01,89.56,89.56,88.32,88.32,9426800,88.317776468669783,1
1999-02-02,88.44,88.53,86.83,87.77,9194500,87.7714881184380948,1
1999-02-03,87.47,89.03,87.45,88.67,10290700,88.6629471969690786,1
1999-02-04,88.64,88.73,86.84,87.34,7761100,87.3365451644319684,1
1999-02-05,87.45,87.45,85.75,86.33,7516100,86.3358284158546436,1
1999-02-08,87.05,87.05,85.83,86.51,8528400,86.5098055974570802,1
1999-02-09,86.56,86.64,84.57,84.57,8985700,84.5744834293114407,1
1999-02-10,84.99,85.6,84.43,85.12,6936700,85.1179881446374649,1
1999-02-11,85.64,87.75,85.25,87.73,9181800,87.7276458686742324,1
1999-02-12,86.86,87.34,85.34,86.04,10676600,86.0317163024135285,1
1999-02-16,86.81,87.43,85.51,85.51,6915500,85.5132643012381288,1
1999-02-17,85.73,87.24,85.07,85.42,7858100,85.422796166804836,1
1999-02-18,85.73,86.56,85.05,86.1,9048900,86.0971317226959036,1
1999-02-19,86.29,87.51,85.86,86.47,5312200,86.4666592564194895,1
1999-02-22,86.6,88.88,86.49,88.77,10695800,88.7715089582887691,1
1999-02-23,88.79,89.42,88.1,88.73,7770700,88.7283626172513073,1
1999-02-24,88.96,89.66,86.99,87.16,7271000,87.1625679828292168,1
1999-02-25,86.66,87.18,85.38,86.33,11633000,86.3358284158543662,1
1999-02-26,86.81,86.88,85.46,85.99,9621300,85.987874052649511,1
1999-03-01,86.06,86.51,85.17,86.23,7607200,86.2272666545345387,1
1999-03-02,86.64,87.2,85.12,85.46,9651500,85.4659425078421671,1
1999-03-03,85.66,85.99,84.75,85.92,7881400,85.9231545410933723,1
1999-03-04,86.33,87.32,85.78,87.01,8256400,87.0101639717455109,1
1999-03-05,88.73,89.17,88.07,88.76,10703100,88.761070327392578,1
1999-03-08,89.27,89.63,88.55,89.34,4802200,89.3372827528599311,1
1999-03-09,89.17,90.43,88.9,89.12,7893400,89.1194633214937037,1
1999-03-10,89.4,89.95,88.92,89.9,3960100,89.9030565474311822,1
1999-03-11,90.25,91.3,89.69,90.91,6583700,90.9030773872821042,1
1999-03-12,91.16,91.18,89.93,90.04,5286500,90.0331914792698719,1
1999-03-15,90.43,91.34,90.12,91.32,5394400,91.3164471707695345,1
1999-03-16,91.25,91.62,90.8,90.97,4547500,90.9684928075645818,1
1999-03-17,90.95,91.12,90.21,90.58,4524100,90.5766961945958283,1
1999-03-18,90.32,92.12,90.29,92.03,3506300,92.0339290676979982,1
1999-03-19,92.08,92.3,90.25,90.25,5526700,90.2524027280888278,1
1999-03-22,90.51,90.88,90.06,90.43,4603800,90.4249880922384167,1
1999-03-23,89.99,90.14,87.48,87.82,9713800,87.8153303682016226,1
1999-03-24,88.27,88.5,87.43,88.32,6280900,88.3149928337638868,1
1999-03-25,89.12,90.12,88.9,90.12,6639600,90.1201800700709267,1
1999-03-26,89.51,89.86,88.88,89.47,6159700,89.4674176846985484,1
1999-03-29,89.88,91.47,89.88,91.28,5863900,91.2726049210055513,1
1999-03-30,90.43,91.32,90.16,90.8,5401400,90.7945156259620002,1
1999-03-31,91.28,91.59,89.29,89.34,7413600,89.3372827528598857,1
1999-04-01,90.25,90.25,89.17,90.01,7683600,90.0116183087509596,1
1999-04-05,91.12,92.27,90.64,92.15,5791100,92.1424908290178187,1
1999-04-06,91.99,92.54,91.28,91.92,5381300,91.9253673063779754,1
1999-04-07,92.34,92.82,91.43,92.67,6248600,92.6644223738252256,1
1999-04-08,92.69,93.91,92.05,93.84,5909100,93.839116304004992,1
1999-04-09,93.56,94.3,92.97,93.86,4365800,93.860689474523659,1
1999-04-12,92.88,94.93,92.71,94.86,8213200,94.8607103143745238,1
1999-04-13,94.82,94.97,93.6,94.25,10071400,94.2524860874923089,1
1999-04-14,94.69,94.69,92.34,92.67,11551700,92.6644223738250959,1
1999-04-15,92.86,92.95,91.16,92.32,11150000,92.3164680106201427,1
1999-04-16,92.49,92.49,91.3,91.53,6476200,91.5335706934090573,1
1999-04-19,92.34,93.62,89.34,90.12,12487200,90.1201800700707461,1
1999-04-20,90.34,91.3,89.77,91.25,9049600,91.2510317504866915,1
1999-04-21,91.21,94.39,90.75,93.86,5772200,93.8606894745235363,1
1999-04-22,94.04,94.91,93.52,94.75,6897400,94.7521485530544689,1
1999-04-23,94.56,95.17,93.95,94.51,4593100,94.5127559511694557,1
1999-04-26,94.99,95.21,94.27,95.05,3606500,95.0569565752219672,1
1999-04-27,95.43,95.69,94.53,95.51,5147200,95.5134726997467757,1
1999-04-28,94.95,95.51,93.95,94.21,5544300,94.2086438377284145,1
1999-04-29,94.34,94.69,93.12,93.49,9824300,93.4911619407998512,1
1999-04-30,94.01,94.39,91.51,92.73,10991900,92.7298377941074416,1
1999-05-03,92.86,94.53,92.62,94.43,10709700,94.4264632690945535,1
1999-05-04,94.04,94.51,92.65,93.08,10509300,93.0777921573123939,1
1999-05-05,93.21,93.99,91.75,93.82,10032300,93.816847224759652,1
1999-05-06,93.56,94.04,92.12,93.24,13507200,93.2406347992923277,1
1999-05-07,93.6,94.04,92.86,93.95,8680700,93.9476780653247162,1
1999-05-10,93.84,94.45,92.92,93.48,5580100,93.4800274011773786,1
1999-05-11,94.16,95.26,93.75,94.43,7000600,94.4264632690947811,1
1999-05-12,94.47,95.49,91.51,95.17,13865800,95.1655183365420225,1
1999-05-13,95.51,96.04,95.21,95.58,4485700,95.5788881200294422,1
1999-05-14,93.64,94.56,92.9,93.1,8370100,93.0993653278312762,1
1999-05-17,92.99,93.59,92.12,93.38,6268100,93.3826001794800421,1
1999-05-18,93.62,93.93,92.3,93.21,8218600,93.2086229978776072,1
1999-05-19,93.58,93.95,92.73,93.89,5052400,93.8822626450422976,1
1999-05-20,94.04,94.36,90.51,93.31,4675400,93.3171847591975197,1
1999-05-21,93.34,93.73,92.27,92.79,6414600,92.7952532143901966,1
1999-05-24,93.14,93.14,90.74,91.25,7952000,91.2510317504868476,1
1999-05-25,91.43,92.1,89.38,89.77,15406400,89.7722257068660294,1
1999-05-26,89.99,91.16,89.14,90.77,12575900,90.772942455443379,1
1999-05-27,90.36,90.66,89.08,89.47,14515400,89.4674176846985306,1
1999-05-28,89.77,90.99,89.49,90.61,8748000,90.6094039047370171,1
1999-06-01,90.56,90.58,89.34,90.29,6705300,90.2941572516734081,1
1999-06-02,90.29,90.6,89.09,90.38,6981900,90.3811458424746165,1
1999-06-03,90.95,91.08,90.32,90.88,6076600,90.8815042167632636,1
1999-06-04,91.49,92.81,91.12,92.71,9787200,92.7082646235890538,1
1999-06-07,92.86,93.38,92.49,92.95,5299100,92.9469613167476575,1
1999-06-08,92.82,93.11,91.57,92.03,4895700,92.0339290676980268,1
1999-06-09,92.15,92.62,91.73,91.95,7409700,91.9469404768967815,1
1999-06-10,91.47,91.49,90.18,91.1,7040700,91.0986277394034275,1
1999-06-11,91.32,92.01,89.83,90.34,12824800,90.3373035927110975,1
1999-06-14,90.95,90.99,90.15,90.43,6823500,90.424988092238671,1
1999-06-15,90.8,91.62,90.52,91.03,5700900,91.0332123191208046,1
1999-06-16,92.12,93.17,92.12,92.77,7865800,92.7729841351453432,1
1999-06-17,92.47,94.34,92.3,93.64,8162800,93.6428700431575378,1
1999-06-18,93.29,93.73,92.82,93.47,2875100,93.4688928615550839,1
1999-06-21,93.58,94.12,93.02,93.69,4646400,93.6867122929214127,1
1999-06-22,93.25,94.08,92.9,93.04,5862400,93.0346458162753969,1
1999-06-23,92.56,92.99,91.95,92.58,9629200,92.5774337830241203,1
1999-06-24,92.47,92.51,90.93,91.88,9176900,91.8815250566142771,1
1999-06-25,92.27,92.57,91.34,91.65,4087000,91.6532669943518767,1
1999-06-28,92.34,92.99,92.21,92.77,5028900,92.7729841351452501,1
1999-06-29,92.56,94.08,92.4,93.64,6956200,93.6428700431574721,1
1999-06-30,93.69,95.69,93.14,95.34,16856100,95.3394955181446956,1
1999-07-01,95.34,96.38,94.69,96.06,9939500,96.0569774150731577,1
1999-07-02,96.13,97.08,95.97,97.02,3772800,97.0138519138866234,1
1999-07-06,96.91,97.95,96.45,97.0,11221100,96.9922787433678513,1
1999-07-07,96.77,97.23,96.4,97.12,3230700,97.1224136752064667,1
1999-07-08,96.77,97.87,96.56,97.2,7101500,97.1989636351115662,1
1999-07-09,97.43,97.84,97.12,97.78,2934700,97.7751760605789116,1
1999-07-12,98.08,98.08,97.08,97.34,4436300,97.3402331065727286,1
1999-07-13,97.0,97.37,96.49,97.0,6477600,96.9922787433678506,1
1999-07-14,97.43,97.58,96.56,97.54,4382500,97.5357834586938962,1
1999-07-15,97.97,98.39,97.64,98.16,3348600,98.1558381339249318,1
1999-07-16,98.3,98.93,97.95,98.69,2281500,98.6882083096284589,1
1999-07-19,98.95,98.99,97.82,98.04,4287000,98.0361418329824637,1
1999-07-20,97.52,97.71,95.71,96.02,7060100,96.0242697049316737,1
1999-07-21,96.1,96.67,95.56,95.92,4793700,95.9157079436117141,1
1999-07-22,95.65,96.04,94.27,94.66,7804100,94.6547213313572187,1
1999-07-23,95.1,95.34,94.04,94.47,4603000,94.4696096101321604,1
1999-07-26,93.86,94.73,93.69,93.77,4333400,93.7737008837223851,1
1999-07-27,94.64,95.48,94.21,94.56,5908500,94.5565982009333679,1
1999-07-28,94.82,95.56,94.36,94.86,3955500,94.8607103143744471,1
1999-07-29,93.91,94.12,92.77,93.54,7760600,93.534308281837399,1
1999-07-30,93.82,94.18,92.25,92.38,5994300,92.3818834309027391,1
1999-08-02,92.38,93.77,92.21,92.6,6065500,92.5990069535425824,1
1999-08-03,93.06,93.14,91.43,92.17,5445400,92.1647599082628495,1
1999-08-04,92.36,93.17,90.77,90.91,6497900,90.9030773872819127,1
1999-08-05,91.08,91.82,89.66,91.73,10322000,91.7291210455303432,1
1999-08-06,91.32,91.86,90.12,90.73,7537700,90.7291002056794593,1
1999-08-09,90.88,91.72,90.29,90.53,5565900,90.5335498535583382,1
1999-08-10,90.38,90.58,88.38,89.54,9793300,89.5328331049810346,1
1999-08-11,90.25,90.84,89.51,90.62,8003400,90.620538444359556,1
1999-08-12,90.95,91.73,90.41,90.57,7036800,90.5662575636995538,1
1999-08-13,91.6,92.73,91.25,92.67,5857700,92.6644223738251514,1
1999-08-16,92.65,93.23,92.03,93.08,3927000,93.0777921573126089,1
1999-08-17,93.56,93.84,92.65,93.69,4808000,93.6867122929212523,1
1999-08-18,93.39,93.52,92.73,93.02,4355500,93.0123767370301421,1
1999-08-19,92.12,92.72,91.64,92.25,6448100,92.2510525903378053,1
1999-08-20,92.6,93.34,92.34,93.19,3663700,93.1863539186325961,1
1999-08-23,93.82,95.03,93.71,94.97,5637800,94.9699679844208736,1
1999-08-24,94.69,96.01,94.21,95.32,9279500,95.3179223476258376,1
1999-08-25,95.47,96.58,94.75,96.3,6005300,96.2963700169580077,1
1999-08-26,96.23,96.33,94.99,95.14,4322300,95.1439451660233465,1
1999-08-27,95.26,95.38,93.99,93.99,6247400,93.9908244063622752,1
1999-08-30,94.18,94.3,91.86,92.25,4652000,92.2510525903377778,1
1999-08-31,92.51,93.08,91.08,91.9,11453700,91.9030982271328244,1
1999-09-01,92.51,93.06,92.08,93.04,6863900,93.034645816275191,1
1999-09-02,91.95,92.33,90.93,91.94,10896300,91.935805937274122,1
1999-09-03,93.86,94.99,93.73,94.62,9160800,94.6220136212160337,1
1999-09-07,94.69,95.08,94.1,94.27,4560800,94.2740592580111168,1
1999-09-08,93.84,94.69,93.27,93.82,6159600,93.8168472247598312,1
1999-09-09,93.77,94.12,93.04,93.77,6177800,93.7737008837224044,1
1999-09-10,94.82,94.89,93.91,94.56,2934500,94.5565982009333494,1
1999-09-13,94.04,94.27,93.6,93.91,2320500,93.9149703551835491,1
1999-09-14,93.29,93.64,92.82,93.29,3736000,93.2949156799523582,1
1999-09-15,94.25,94.25,91.78,91.82,6984500,91.8168055450579893,1
1999-09-16,92.21,92.42,90.68,92.17,15377600,92.1751985391590801,1
1999-09-17,92.3,93.21,91.97,93.08,8542300,93.0777921573125996,1
1999-09-20,93.21,93.25,92.62,92.95,2803900,92.946961316747545,1
1999-09-21,92.03,92.19,90.58,90.99,9335200,90.9900659780831401,1
1999-09-22,91.34,91.75,90.29,90.89,13009100,90.8870714865744691,1
1999-09-23,91.73,91.73,88.82,88.99,12204200,88.9893283896549247,1
1999-09-24,88.9,89.34,87.9,88.9,13792900,88.9023397988536986,1
1999-09-27,89.6,90.29,89.27,89.49,6970300,89.4896867639436262,1
1999-09-28,89.03,89.64,87.38,89.31,11063400,89.3157095823411995,1
1999-09-29,89.38,89.86,88.21,88.25,7580300,88.2495774134813467,1
1999-09-30,88.69,90.08,88.36,89.6,7498900,89.5982485252635752,1
1999-10-01,89.03,89.47,88.12,89.4,11127100,89.4026981731424534,1
1999-10-04,89.9,91.08,89.6,90.99,6341600,90.9900659780832676,1
1999-10-05,90.97,91.84,89.56,90.91,11976000,90.9030773872821046,1
1999-10-06,90.99,92.42,90.95,92.3,10308200,92.294894840101726,1
1999-10-07,92.46,92.56,91.51,91.78,6535600,91.77296329529441,1
1999-10-08,91.69,93.17,91.32,93.17,9674300,93.164780748114032,1
1999-10-11,92.97,93.34,92.77,93.02,4282000,93.0123767370301987,1
1999-10-12,92.65,92.77,91.3,91.57,8686100,91.5774129431730681,1
1999-10-13,90.95,91.38,89.21,89.21,10469300,89.2085396384740345,1
1999-10-14,89.41,89.9,88.21,89.19,10562200,89.184878741776101,1
1999-10-15,87.68,88.21,86.64,86.91,14238700,86.9016022104255457,1
1999-10-18,86.95,87.64,85.9,87.53,9758800,87.5320955165528547,1
1999-10-19,88.51,89.25,87.64,88.38,14392900,88.3804082540463473,1
1999-10-20,88.9,90.1,88.47,89.25,9759400,89.2502941620586238,1
1999-10-21,88.53,89.77,88.12,89.77,9105400,89.7722257068659387,1
1999-10-22,90.29,91.32,90.16,90.53,8309600,90.5335498535583477,1
1999-10-25,89.99,90.8,89.6,90.08,8114300,90.0770337290335096,1
1999-10-26,90.6,90.95,88.94,88.94,6256300,88.9454861398911431,1
1999-10-27,89.34,90.68,89.25,90.56,5433300,90.5551230240770335,1
1999-10-28,92.17,93.85,91.99,93.64,10509700,93.6428700431573868,1
1999-10-29,94.53,95.82,94.45,95.34,10988600,95.3394955181444564,1
1999-11-01,94.99,95.34,94.34,94.34,4006500,94.3387787695671443,1
1999-11-02,94.62,95.51,93.66,93.66,6516900,93.6651391224025294,1
1999-11-03,94.64,94.91,94.04,94.3,7222300,94.295632428529802,1
1999-11-04,95.17,95.59,94.48,95.01,7907500,95.013114325458406,1
1999-11-05,96.47,96.81,95.19,95.95,7431500,95.948415653753197,1
1999-11-08,95.34,96.3,95.17,96.04,4649200,96.0354042445544724,1
1999-11-09,96.38,96.52,94.84,95.13,4533700,95.1328106264009045,1
1999-11-10,94.82,96.31,94.7,95.84,6405600,95.8398538924333815,1
1999-11-11,96.17,96.38,95.67,96.38,4794100,96.3833586077593798,1
1999-11-12,96.91,97.41,95.43,97.25,11802900,97.2532445157717079,1
1999-11-15,97.32,97.6,97.02,97.48,2187500,97.4815025780341659,1
1999-11-16,97.82,99.51,97.49,98.3,7544800,98.297107605386509,1
1999-11-17,98.99,99.47,98.34,98.56,9459000,98.5580733777902595,1
1999-11-18,99.13,99.51,98.56,99.26,4491000,99.2539821042001061,1
1999-11-19,99.1,99.49,98.82,99.17,4832100,99.1642098784932694,1
1999-11-22,99.13,99.51,98.47,99.15,4155400,99.1454203428802245,1
1999-11-23,99.4,99.4,97.69,98.28,5918000,98.275534434867963,1
1999-11-24,97.95,99.13,97.43,98.8,4459700,98.7974659796753952,1
1999-11-26,99.15,99.43,98.3,98.43,1693900,98.4279384459517329,1
1999-11-29,98.04,98.76,97.73,98.08,7348600,98.0799840827467158,1
1999-11-30,97.95,99.03,96.73,96.93,7682000,96.926863323085669,1
1999-12-01,96.95,97.78,96.73,97.71,6980200,97.7097606402966737,1
1999-12-02,97.87,98.39,97.69,98.3,6698300,98.2971076053865782,1
1999-12-03,99.54,101.14,99.54,100.1,10045400,100.1022948416936525,1
1999-12-06,99.88,100.02,98.99,99.36,3138900,99.3625438655200272,1
1999-12-07,99.71,99.73,98.39,98.56,10714200,98.558073377790299,1
1999-12-08,98.36,98.86,97.78,97.93,4611400,97.9275800716629359,1
1999-12-09,98.69,98.97,97.0,98.41,6474700,98.4056693667064506,1
1999-12-10,99.01,99.38,98.04,98.74,5127300,98.7320505593926343,1
1999-12-13,98.43,99.32,98.32,98.91,4210800,98.9060277409951183,1
1999-12-14,98.56,99.15,97.87,97.95,5739000,97.9491532421815817,1
1999-12-15,97.69,98.96,97.45,98.47,6879100,98.4710847869889533,1
1999-12-16,98.95,99.28,98.23,98.91,5854900,98.9060277409951674,1
1999-12-17,99.51,99.73,98.86,99.3,4775400,99.2978243539639242,1
1999-12-20,99.21,99.65,98.19,98.58,4608700,98.5796465483089243,1
1999-12-21,98.53,100.25,98.36,100.08,7981300,100.0800257624484876,1
1999-12-22,99.95,100.34,99.49,100.34,5377500,100.3416874435786091,1
1999-12-23,100.92,101.94,100.91,101.94,5721700,101.9394938794155066,1
1999-12-27,101.95,102.15,100.95,101.8,2691000,101.7982244079542934,1
1999-12-28,101.52,101.95,101.24,101.73,4084500,101.73350489639816,1
1999-12-29,101.82,102.17,101.12,102.17,3001000,102.1677519416778749,1
1999-12-30,102.39,102.69,101.73,102.05,3641300,102.0487515494618165,1
1999-12-31,102.19,102.65,101.78,102.22,3172700,102.2115941914417446,1
2000-01-03,103.17,103.17,100.13,101.21,8164300,101.2115733515907984,1
2000-01-04,99.88,100.25,97.18,97.25,8089800,97.2532445157717362,1
2000-01-05,97.39,98.49,95.51,97.43,12177900,97.4272216973741805,1
2000-01-06,97.17,98.47,95.86,95.86,6227200,95.8614270629520761,1
2000-01-07,97.64,101.43,97.47,101.43,8066500,101.4286968742306194,1
2000-01-10,101.78,102.24,100.93,101.78,5741700,101.7766512374355178,1
2000-01-11,101.47,101.67,99.86,100.56,7503700,100.5588109662183305,1
2000-01-12,100.62,100.62,99.43,99.56,6907700,99.5580942176409956,1
2000-01-13,100.54,101.43,99.71,100.91,5158300,100.9067653294231872,1
2000-01-14,101.97,102.63,101.58,102.28,7437300,102.2770096117240625,1
2000-01-18,101.14,102.04,101.04,101.47,6488500,101.4718432152678349,1
2000-01-19,101.12,102.3,100.91,102.3,6157900,102.2985827822426738,1
2000-01-20,102.28,102.28,100.08,100.73,5800100,100.7327881478206122,1
2000-01-21,101.25,101.25,100.25,100.52,6244800,100.5156646251807802,1
2000-01-24,101.37,101.49,97.02,97.66,7896900,97.6666142992589512,1
2000-01-25,97.79,98.78,96.73,98.78,9942500,98.7758928091562047,1
2000-01-26,98.12,98.51,97.49,97.99,5158100,97.9922995832187242,1
2000-01-27,98.71,98.97,96.13,97.6,10922700,97.6011988789764088,1
2000-01-28,97.04,97.47,94.32,94.56,11916200,94.556598200933539,1
2000-01-31,94.51,97.2,93.95,97.12,10768700,97.1224136752065839,1
2000-02-01,97.25,98.6,96.4,98.08,8419900,98.0799840827464989,1
2000-02-02,98.32,98.99,97.69,98.16,6205900,98.1662767648213256,1
2000-02-03,98.04,99.69,97.43,99.65,7997500,99.6457787171686724,1
2000-02-04,99.65,100.21,98.91,99.23,4925400,99.232408933681252,1
2000-02-07,99.21,99.36,98.43,99.08,5845800,99.0800049225975225,1
2000-02-08,100.19,100.6,99.95,100.43,4936500,100.427980125653275,1
2000-02-09,100.54,100.54,98.31,98.32,8511500,98.3186807759050657,1
2000-02-10,98.56,99.21,98.04,98.51,6690600,98.5142311280261637,1
2000-02-11,98.71,98.78,96.06,96.52,9849800,96.5141894483243566,1
2000-02-14,97.27,97.27,96.25,97.08,8528800,97.0792673341690679,1
2000-02-15,96.91,98.28,95.9,98.19,11078300,98.1885458440663214,1
2000-02-16,97.69,98.08,96.59,96.73,8845400,96.7313129709641704,1
2000-02-17,97.73,97.73,96.19,96.23,7584200,96.2309545966756102,1
2000-02-18,96.65,96.65,93.69,94.16,9409200,94.1648015879648606,1
2000-02-22,94.08,94.88,92.92,93.93,16415400,93.9261048948063037,1
2000-02-23,94.39,95.67,93.6,95.03,12119000,95.0346874959770818,1
2000-02-24,95.12,95.36,92.62,93.12,17375000,93.1209384983501293,1
2000-02-25,94.08,95.14,92.65,92.79,10559900,92.7841186747677697,1
2000-02-28,92.82,95.12,92.36,94.73,13397800,94.730575382535955,1
2000-02-29,94.69,95.65,94.47,95.65,8242500,95.6443035403120216,1
2000-03-01,95.78,96.73,95.49,96.34,6868000,96.3402122667218351,1
2000-03-02,96.52,96.82,95.58,96.4,7600200,96.4049317782780352,1
2000-03-03,97.73,98.62,97.23,98.21,12770300,98.2101190145850942,1
2000-03-06,97.99,98.36,96.56,97.25,11967100,97.2532445157716381,1
2000-03-07,97.43,97.54,94.1,95.37,20062000,95.372203228285899,1
2000-03-08,94.97,95.92,93.97,95.26,11808500,95.252506927343382,1
2000-03-09,95.51,98.04,94.73,98.04,5500900,98.0361418329827001,1
2000-03-10,97.56,98.82,97.1,97.52,7924600,97.5142102881752994,1
2000-03-13,95.12,97.75,94.99,96.45,10540400,96.4487740280419021,1
2000-03-14,96.93,97.49,94.75,95.08,8263900,95.0785297457409478,1
2000-03-15,95.26,97.73,94.69,97.29,10300800,97.2963908568089885,1
2000-03-16,98.56,102.19,98.04,101.84,25601400,101.8420666577178869,1
2000-03-17,101.47,102.99,101.21,102.26,10272900,102.2554364412052753,1
2000-03-20,102.22,102.54,100.75,101.73,12502300,101.7335048963978022,1
2000-03-21,101.28,104.21,100.56,103.82,13612600,103.8212310756272942,1
2000-03-22,104.08,104.97,103.47,104.45,8260000,104.4517243817545329,1
2000-03-23,103.8,106.8,103.8,106.24,11654500,106.2346425388164323,1
2000-03-24,106.39,108.39,105.58,106.86,11462900,106.8651358449438517,1
2000-03-27,106.74,107.02,105.65,105.74,8798600,105.7349800732542398,1
2000-03-28,105.26,106.46,104.8,105.12,6334400,105.1253640289192326,1
2000-03-29,105.47,106.11,104.15,105.24,6747500,105.2346216989657422,1
2000-03-30,104.5,105.72,102.39,103.47,9491900,103.4732767124224397,1
2000-03-31,104.13,105.99,103.3,104.65,9249100,104.6472747338758375,1
2000-04-03,104.48,105.26,103.47,105.26,8508200,105.2561948694843721,1
2000-04-04,105.6,106.47,98.39,101.43,21060400,101.4286968742304464,1
2000-04-05,102.91,104.95,102.74,103.82,8227900,103.8212310756273457,1
2000-04-06,104.56,105.56,103.69,104.72,6378500,104.723128785054434,1
2000-04-07,105.47,105.87,104.73,105.39,6023600,105.3870257100493538,1
2000-04-10,105.6,106.55,104.6,104.97,9624200,104.9736559265619563,1
2000-04-11,104.39,105.52,103.26,104.67,9006400,104.66884790439451,1
2000-04-12,104.65,105.19,101.71,101.8,10779700,101.7982244079539759,1
2000-04-13,102.63,103.11,98.21,100.38,12226800,100.3848337846156336,1
2000-04-14,99.26,99.38,92.9,94.64,29604000,94.6435867917346894,1
2000-04-17,94.08,97.95,93.73,97.95,23918200,97.9491532421813151,1
2000-04-18,97.82,100.54,97.27,100.54,11070700,100.5372377956994535,1
2000-04-19,100.56,101.0,99.19,99.61,6553700,99.6019364674046931,1
2000-04-20,99.9,100.17,99.08,100.08,8537600,100.0800257624482258,1
2000-04-24,98.47,99.73,97.78,98.99,12893100,98.9930163317961355,1
2000-04-25,100.65,103.11,100.52,103.11,14102000,103.1030532699724489,1
2000-04-26,102.97,103.52,101.6,101.94,7711100,101.9394938794153109,1
2000-04-27,99.51,102.54,99.51,101.6,15595300,101.6026740558329712,1
2000-04-28,102.3,102.9,100.95,100.97,8743400,100.9721807497056585,1
2000-05-01,101.99,103.33,101.49,102.34,7328300,102.3417291232802255,1
2000-05-02,101.25,102.39,100.3,100.3,9411900,100.3013247374466882,1
2000-05-03,100.21,100.21,97.27,97.95,12630700,97.9491532421815509,1
2000-05-04,98.82,99.07,97.95,98.69,5963600,98.6882083096287952,1
2000-05-05,98.16,100.21,98.08,99.88,7862400,99.884475410327259,1
2000-05-08,99.34,99.78,98.71,99.13,5064100,99.1342858032574473,1
2000-05-09,99.56,99.8,97.62,98.34,5620300,98.3402539464238578,1
2000-05-10,97.78,98.1,95.86,96.13,10293900,96.1223928353557951,1
2000-05-11,97.52,98.47,96.82,98.32,7091100,98.3186807759051731,1
2000-05-12,98.69,99.84,98.56,99.38,5960800,99.3841170360386909,1
2000-05-15,99.34,101.33,98.82,101.1,4441300,101.102315681544507,1
2000-05-16,101.99,102.8,101.12,102.08,8192200,102.0814592596031593,1
2000-05-17,101.39,101.73,100.54,101.02,5907200,101.01532709074327,1
2000-05-18,101.35,101.82,99.78,99.78,4325600,99.7793931926395268,1
2000-05-19,99.21,99.68,97.71,98.21,6518400,98.2101190145853799,1
2000-05-22,98.3,98.45,95.34,97.47,10839400,97.470368038411715,1
2000-05-23,97.73,97.99,95.73,96.04,7979200,96.0354042445546935,1
2000-05-24,96.04,97.91,94.99,97.6,11084500,97.6011988789768783,1
2000-05-25,97.91,98.69,95.84,95.92,8278900,95.9268424832348389,1
2000-05-26,96.6,97.21,95.57,96.04,4814000,96.0354042445547509,1
2000-05-30,97.43,99.47,97.06,99.17,5362700,99.1669935133989378,1
2000-05-31,99.21,100.21,98.88,99.38,6056500,99.3841170360388004,1
2000-06-01,100.0,101.21,99.51,101.12,8961600,101.1238888520633635,1
2000-06-02,103.65,103.75,102.63,102.88,8962200,102.8859297473329796,1
2000-06-05,102.63,103.15,102.22,102.39,6998100,102.3855713730443106,1
2000-06-06,102.04,102.84,101.54,101.93,4858900,101.9290552485194711,1
2000-06-07,102.04,102.99,101.6,102.63,4919500,102.6354026058254969,1
2000-06-08,102.65,102.82,101.64,102.24,5723100,102.233167361960633,1
2000-06-09,102.65,102.97,101.35,102.01,3085300,102.0160438393206778,1
2000-06-12,102.28,102.28,100.82,100.82,3478900,100.8232562822542823,1
2000-06-13,100.77,102.82,100.65,102.71,6558700,102.7119525657305568,1
2000-06-14,103.17,103.61,102.43,102.88,6420500,102.8859297473329696,1
2000-06-15,103.08,103.52,102.19,103.11,5881200,103.1030532699728527,1
2000-06-16,103.21,103.21,101.52,102.01,5567900,102.0160438393207393,1
2000-06-19,101.93,103.8,101.78,103.32,5106900,103.3208727013391259,1
2000-06-20,103.13,103.61,102.3,102.95,6480000,102.951345167615399,1
2000-06-21,102.26,103.3,102.22,102.91,3115000,102.9075029178516839,1
2000-06-22,102.69,102.78,100.91,101.35,7490500,101.3417082834296473,1
2000-06-23,101.47,101.69,100.13,100.48,4863300,100.4718223754172945,1
2000-06-26,101.17,101.78,100.82,101.76,5201300,101.7655166978131949,1
2000-06-27,101.59,102.1,100.92,101.02,4159500,101.0153270907434726,1
2000-06-28,101.35,102.28,101.12,101.3,5347700,101.2978660336658692,1
2000-06-29,100.73,101.43,99.88,100.34,6345700,100.3416874435788604,1
2000-06-30,100.17,101.32,100.13,101.1,7420200,101.1023156815447606,1
2000-07-03,101.21,102.6,101.04,102.49,1436600,102.494133134364304,1
2000-07-05,101.87,102.06,100.48,100.65,2748200,100.6457995570197481,1
2000-07-06,100.87,101.93,100.36,101.43,5963200,101.4286968742307917,1
2000-07-07,102.08,103.54,101.78,103.06,3034800,103.0599069289352679,1
2000-07-10,102.91,103.63,102.67,102.88,2816100,102.8859297473327516,1
2000-07-11,102.63,103.78,102.41,103.11,5431600,103.1030532699726138,1
2000-07-12,103.89,104.48,103.47,103.78,5883000,103.7773888258636313,1
2000-07-13,104.37,104.65,103.82,104.23,5356000,104.2339049503884592,1
2000-07-14,104.69,105.26,104.16,105.26,5341900,105.2561948694844455,1
2000-07-17,105.07,105.76,104.87,105.08,4208300,105.0822176878819396,1
2000-07-18,104.82,104.82,103.93,104.23,4262100,104.2234663194922285,1
2000-07-19,104.02,104.32,103.17,103.38,8506800,103.3855922128946978,1
2000-07-20,103.69,104.82,103.56,104.82,4538900,104.8212519154780689,1
2000-07-21,104.21,104.21,102.78,102.78,5656900,102.7787598034652889,1
2000-07-24,103.08,103.59,101.99,102.19,5628500,102.1900210209226485,1
2000-07-25,102.82,102.88,102.15,102.51,4757100,102.5157063048824724,1
2000-07-26,102.28,102.41,101.35,101.52,12062500,101.5156854650315701,1
2000-07-27,101.56,102.04,100.69,101.17,7652600,101.167731101826704,1
2000-07-28,101.41,101.54,98.49,98.88,6229500,98.8844545704760351,1
2000-07-31,99.47,100.3,98.86,99.51,5265500,99.5149478766033654,1
2000-08-01,99.95,100.71,99.61,100.13,3946600,100.123868012212003,1
2000-08-02,100.13,101.19,99.95,100.62,7439800,100.6242263865006392,1
2000-08-03,99.43,101.47,99.26,101.32,4607100,101.3201351129104226,1
2000-08-04,101.82,102.1,101.19,101.87,3686600,101.8636398282364868,1
2000-08-07,102.1,103.3,101.87,103.08,4159800,103.0814800994536198,1
2000-08-08,102.65,103.56,102.65,103.47,3658700,103.4732767124224175,1
2000-08-09,103.79,103.84,102.56,102.6,5383800,102.6033908044101393,1
2000-08-10,102.67,102.9,101.8,102.1,4193400,102.1030324301213909,1
2000-08-11,102.04,102.99,101.3,102.58,5089400,102.5811217251650356,1
2000-08-14,102.84,104.08,102.34,103.89,2966700,103.8859505871834371,1
2000-08-15,103.93,104.25,103.38,103.8,5564600,103.7989619963822416,1
2000-08-16,103.91,104.34,102.88,103.43,5191600,103.4294344626587034,1
2000-08-17,103.47,104.69,103.23,104.52,5652200,104.5171398020372539,1
2000-08-18,104.65,104.65,103.84,104.17,4626400,104.1691854388322731,1
2000-08-21,104.41,104.89,103.98,104.73,2380600,104.7342633246770425,1
2000-08-22,104.78,105.3,104.45,104.56,3075300,104.5602861430747042,1
2000-08-23,104.25,105.28,103.89,104.97,5483200,104.9736559265621877,1
2000-08-24,105.19,105.46,104.73,105.3,4529000,105.2993412105219912,1
2000-08-25,105.19,105.52,105.04,105.26,2822200,105.2561948694845617,1
2000-08-28,105.26,106.41,105.26,105.62,5518700,105.6152837723121965,1
2000-08-29,105.39,105.69,105.02,105.64,3561900,105.6368569428309006,1
2000-08-30,105.3,105.43,104.62,104.62,3964800,104.6257015633574164,1
2000-08-31,105.12,106.54,105.02,106.01,4863100,106.0175190161770276,1
2000-09-01,106.65,106.88,105.78,106.13,3191200,106.1260807774969589,1
2000-09-05,105.69,105.92,104.95,105.28,3470800,105.2777680400034457,1
2000-09-06,105.21,105.74,104.06,104.08,4322200,104.0815009393050131,1
2000-09-07,104.56,105.14,104.27,104.97,4265500,104.9736559265623873,1
2000-09-08,104.58,104.73,103.92,104.25,3518200,104.2554781209074045,1
2000-09-11,104.21,105.21,103.47,104.1,3937500,104.1037700185501378,1
2000-09-12,104.21,104.56,103.3,103.34,4769100,103.3424458718577981,1
2000-09-13,102.99,103.93,102.76,103.61,7691600,103.6145461838840157,1
2000-09-14,104.3,104.34,103.11,104.14,3397100,104.1364777286914097,1
2000-09-15,103.13,103.17,101.6,101.6,4085700,101.6026740558333175,1
2000-09-18,101.87,102.28,100.35,100.67,5109300,100.6673727275385838,1
2000-09-19,101.0,101.82,100.7,101.58,6588200,101.5811008853146742,1
2000-09-20,101.39,101.62,99.63,100.83,6508100,100.8309112782449213,1
2000-09-21,100.54,101.3,99.26,99.3,5972300,99.2978243539641223,1
2000-09-22,99.26,101.12,99.11,101.1,7791300,101.1023156815447906,1
2000-09-25,101.56,101.64,100.02,100.38,9726300,100.3848337846162379,1
2000-09-26,100.48,100.91,99.1,99.1,5302400,99.1043617280221831,1
2000-09-27,99.9,100.19,98.91,99.63,7186200,99.6235096379239573,1
2000-09-28,99.65,101.83,99.44,100.91,7036400,100.9067653294236626,1
2000-09-29,101.23,101.58,99.95,99.95,9333600,99.9533703742422111,1
2000-10-02,100.41,100.84,99.61,100.1,5517800,100.1022948416939728,1
2000-10-03,100.58,101.43,99.01,99.17,9347200,99.1669935133991065,1
2000-10-04,99.43,100.38,98.65,100.0,6149000,99.993733080373991,1
2000-10-05,99.8,100.8,99.73,100.34,4566900,100.3416874435789407,1
2000-10-06,100.13,100.66,97.25,98.16,10014900,98.1662767648217482,1
2000-10-09,98.34,98.34,97.0,97.43,4508000,97.4272216973744726,1
2000-10-10,97.49,98.3,95.82,95.82,6104700,95.8196725393678129,1
2000-10-11,95.78,96.47,94.04,95.01,10366000,95.0131143254588246,1
2000-10-12,95.53,95.75,92.4,92.65,12336900,92.6428492033069669,1
2000-10-13,92.51,95.8,92.47,95.73,11778800,95.7305962223873182,1
2000-10-16,95.62,96.2,95.12,96.17,5659000,96.1662350851198637,1
2000-10-17,96.34,96.43,93.54,93.77,7831700,93.7737008837228827,1
2000-10-18,92.3,94.73,90.58,93.43,10897300,93.4257465205180023,1
2000-10-19,95.23,97.04,94.95,96.95,8767300,96.9484364936044692,1
2000-10-20,96.3,98.26,96.3,97.36,7373500,97.3618062770919501,1
2000-10-23,97.39,98.14,96.69,97.8,5290000,97.796749231098115,1
2000-10-24,98.1,98.78,96.73,97.14,5750700,97.1446827544521453,1
2000-10-25,96.56,97.12,94.73,94.86,9137600,94.8607103143751318,1
2000-10-26,95.43,95.8,93.27,95.12,9345800,95.122371995505204,1
2000-10-27,95.95,96.93,95.08,96.93,9762900,96.9268633230858914,1
2000-10-30,96.34,98.19,96.15,97.8,10154100,97.796749231098135,1
2000-10-31,98.14,100.0,97.47,99.48,7752400,99.4822401664627445,1
2000-11-01,98.99,99.69,98.28,99.15,6753600,99.1454203428803824,1
2000-11-02,99.63,100.15,99.18,99.31,11395100,99.3082629848602301,1
2000-11-03,99.84,100.04,99.08,99.36,5187100,99.3625438655201655,1
2000-11-06,99.63,100.42,99.54,100.06,4042500,100.0584525919299732,1
2000-11-07,99.61,100.21,99.21,100.04,5231300,100.0368794214112585,1
2000-11-08,100.25,100.25,97.82,97.82,6123300,97.8183224016168093,1
2000-11-09,97.43,98.28,95.51,97.45,10635300,97.4487948678931374,1
2000-11-10,96.73,97.06,95.01,95.08,8569500,95.0785297457413476,1
2000-11-13,94.39,95.33,92.57,94.34,17285300,94.3387787695676918,1
2000-11-14,95.67,97.17,95.34,96.82,7668900,96.8183015617658337,1
2000-11-15,96.77,97.5,95.86,97.12,8837700,97.1224136752068844,1
2000-11-16,97.12,97.34,95.56,95.6,6684100,95.6004612905486055,1
2000-11-17,95.56,96.73,94.47,95.09,6551100,95.0896642853637611,1
2000-11-20,94.47,94.91,93.47,93.73,5458500,93.7305545426853706,1
2000-11-21,93.86,94.78,92.92,94.21,7684300,94.2086438377289236,1
2000-11-22,93.49,93.86,91.95,91.96,5736900,91.9580750165195864,1
2000-11-24,92.99,93.93,92.99,93.84,3411600,93.8391163040053017,1
2000-11-27,94.97,95.12,94.16,94.66,5992000,94.6651599622537065,1
2000-11-28,94.04,95.05,93.0,93.04,5336100,93.0346458162754416,1
2000-11-29,93.52,94.58,92.74,92.86,6914100,92.8606686346729786,1
2000-11-30,92.21,92.9,90.29,92.05,11201600,92.0555022382168034,1
2000-12-01,92.69,93.29,91.16,92.01,7587200,92.0123558971794596,1
2000-12-04,91.78,93.17,91.51,92.79,6996600,92.7952532143904557,1
2000-12-05,93.86,96.21,93.54,95.84,8883400,95.8398538924334378,1
2000-12-06,95.88,96.27,93.97,94.31,12888000,94.3067669681526987,1
2000-12-07,93.86,94.56,93.02,93.02,6529100,93.0151603719360608,1
2000-12-08,95.38,96.82,93.17,93.23,10275300,93.2301961683967783,1
2000-12-11,95.6,97.12,95.14,96.47,6405600,96.4703471985609537,1
2000-12-12,96.17,96.6,95.6,96.06,5022900,96.056977415073513,1
2000-12-13,96.91,97.02,94.66,94.74,6070500,94.741709922158977,1
2000-12-14,94.56,94.99,93.27,93.54,7778400,93.5343082818379149,1
2000-12-15,92.65,92.65,90.86,91.14,9065300,91.1424699891674183,1
2000-12-18,91.9,92.88,91.7,92.36,7235400,92.3603102603846364,1
2000-12-19,92.19,93.93,90.48,90.48,9616700,90.4820526078045837,1
2000-12-20,89.51,89.73,87.75,87.86,9994300,87.858476709239621,1
2000-12-21,87.68,89.67,87.36,88.47,14331500,88.4673968448482385,1
2000-12-22,89.77,91.24,89.66,91.12,10182900,91.1208968186488512,1
2000-12-26,91.05,92.1,90.66,92.1,4665300,92.0993444879810385,1
2000-12-27,91.86,93.06,91.34,92.77,4854100,92.7729841351456775,1
2000-12-28,92.42,93.17,92.27,93.06,8358700,93.0562189867945013,1
2000-12-29,93.29,93.45,91.3,91.3,8774600,91.2962658177040153,1
2001-01-02,91.86,91.97,88.77,89.64,8737500,89.6413948663014774,1
2001-01-03,89.29,94.64,88.84,93.95,19431600,93.9476780653254124,1
2001-01-04,93.91,94.27,92.56,92.94,9219000,92.9365226858518913,1
2001-01-05,92.88,92.99,89.9,89.9,12911400,89.9044483648843528,1
2001-01-08,90.38,90.6,88.86,90.6,6625300,90.5989652738413602,1
2001-01-09,91.2,91.51,90.06,90.36,5702400,90.3595726719563283,1
2001-01-10,89.77,91.95,89.64,91.95,8746100,91.9469404768970937,1
2001-01-11,91.23,92.89,91.23,92.03,7245300,92.0339290676983399,1
2001-01-12,92.34,93.06,91.36,91.86,7244000,91.8599518860958389,1
2001-01-16,91.86,92.69,91.53,92.44,8542200,92.4472988511857527,1
2001-01-17,93.84,93.98,92.31,92.87,7851400,92.871107265569331,1
2001-01-18,92.86,94.43,92.51,93.79,8107000,93.7952740542416159,1
2001-01-19,94.78,94.78,93.17,93.27,7825300,93.2629038785381426,1
2001-01-22,93.43,94.49,92.95,93.89,7050900,93.8822626450429465,1
2001-01-23,93.58,95.1,93.36,94.62,8463100,94.6220136212165834,1
2001-01-24,94.82,95.56,94.53,94.91,6199900,94.9045525641389596,1
2001-01-25,94.82,95.51,94.41,94.66,10818300,94.6651599622540207,1
2001-01-26,94.06,94.73,93.56,94.56,7135400,94.556598200934089,1
2001-01-29,94.3,95.27,94.21,95.06,6705900,95.0611320275811883,1
2001-01-30,94.85,95.98,94.5,95.9,7069100,95.8962224992729606,1
2001-01-31,95.62,96.52,95.06,95.35,9706900,95.3534136926733212,1
2001-02-01,95.41,96.0,94.82,95.99,8239600,95.9866906337062369,1
2001-02-02,95.62,96.03,93.77,93.81,8276700,93.8084963200435814,1
2001-02-05,93.81,94.6,93.77,94.5,4352900,94.4974459591893111,1
2001-02-06,94.16,95.13,94.1,94.22,7106700,94.2190824686254025,1
2001-02-07,93.75,94.23,93.03,93.73,5748700,93.7319463601384633,1
2001-02-08,93.81,94.23,92.63,92.64,5943300,92.6393696596750388,1
2001-02-09,92.8,92.8,91.34,91.75,9913000,91.7486064898704892,1
2001-02-12,91.65,92.9,91.65,92.8,5804400,92.7994286667492317,1
2001-02-13,93.04,93.37,91.86,92.04,6587600,92.040888154962475,1
2001-02-14,92.3,92.31,90.93,91.9,8400100,91.901706409680502,1
2001-02-15,92.44,92.92,91.85,92.79,5929800,92.7924695794850961,1
2001-02-16,91.16,91.37,89.98,90.75,6434900,90.7464979238402503,1
2001-02-20,91.19,91.26,89.15,89.35,5760000,89.347721383756553,1
2001-02-21,89.01,89.66,87.34,87.42,10910800,87.4200542116013209,1
2001-02-22,87.93,88.06,85.61,87.55,21281600,87.5522768696192391,1
2001-02-23,87.04,87.36,84.76,86.96,20173000,86.9607544521709374,1
2001-02-26,87.55,88.81,86.64,88.81,11503700,88.8118716644210458,1
2001-02-27,88.24,88.96,87.34,87.99,11415200,87.9906993672575042,1
2001-02-28,88.21,88.27,85.78,86.26,14831100,86.2578866384970294,1
2001-03-01,86.33,86.71,84.73,86.71,14672000,86.7102273106634464,1
2001-03-02,85.25,87.44,85.11,86.02,12564300,86.0212776715177425,1
2001-03-05,86.4,86.84,86.16,86.81,5293200,86.8076545323608292,1
2001-03-06,87.93,88.9,87.33,87.74,6917000,87.7401722257499604,1
2001-03-07,88.31,88.41,87.52,88.37,6371700,88.3664900795188332,1
2001-03-08,88.1,88.55,87.78,88.46,6055000,88.4639173012161988,1
2001-03-09,87.75,87.75,85.67,85.85,10020300,85.847300489915236,1
2001-03-12,85.14,85.25,81.94,82.17,13973100,82.172902414471393,1
2001-03-13,83.09,83.82,81.79,83.52,12888000,83.5229653437064082,1
2001-03-14,81.46,83.01,80.55,81.87,19883400,81.8736616621151714,1
2001-03-15,82.43,82.72,81.67,81.89,10370300,81.8945389239075157,1
2001-03-16,81.51,81.7,79.9,80.04,58515700,80.0364626243933221,1
2001-03-19,80.56,81.9,79.9,81.66,10067800,81.6648890441923157,1
2001-03-20,82.05,82.44,79.41,79.47,15086900,79.4727765560013765,1
2001-03-21,79.46,80.21,77.87,78.12,19004700,78.12271362676628,1
2001-03-22,77.96,78.36,75.19,77.33,28626600,77.3293776786590629,1
2001-03-23,78.81,79.79,77.59,79.67,12861700,79.6676309993961098,1
2001-03-26,80.52,80.91,79.87,80.68,9944800,80.6836577399544787,1
2001-03-27,80.46,82.57,80.22,82.33,12882000,82.3329614215457507,1
2001-03-28,81.35,81.39,79.96,80.06,10953300,80.0573398861856411,1
2001-03-29,79.82,81.07,78.04,80.36,12061600,80.3635397258059617,1
2001-03-30,80.41,81.21,79.68,81.21,9183600,81.2055892847618352,1
2001-04-02,80.93,81.69,79.19,79.47,10561000,79.4727765560013525,1
2001-04-03,79.32,79.44,76.59,76.82,12838000,76.8213643083798568,1
2001-04-04,76.95,78.01,76.06,77.14,14887300,77.1414823225284352,1
2001-04-05,78.85,80.37,78.29,80.06,21528500,80.0642989734497309,1
2001-04-06,79.33,79.61,77.98,78.85,14937800,78.846458702232555,1
2001-04-09,79.33,80.02,78.48,79.72,9036900,79.7233036975089275,1
2001-04-10,80.34,81.94,80.15,81.18,17877100,81.1777529357054991,1
2001-04-11,82.66,82.81,80.82,81.23,12735100,81.2334256338183581,1
2001-04-12,80.93,82.77,80.7,82.71,9233200,82.7087521338072361,1
2001-04-16,82.32,82.74,81.36,81.84,7351000,81.8388662257949437,1
2001-04-17,81.64,83.27,81.44,82.99,10690200,82.9940747116352878,1
2001-04-18,84.25,87.68,83.99,86.29,32495000,86.2926820748178409,1
2001-04-19,86.47,87.57,86.0,87.44,13810800,87.4409314733940456,1
2001-04-20,86.92,87.27,86.06,86.64,7626700,86.6406364380227689,1
2001-04-23,86.05,86.22,84.84,85.07,8451800,85.0678827163366061,1
2001-04-24,85.26,86.05,84.27,84.61,10046800,84.6085829569061496,1
2001-04-25,84.5,86.06,84.17,85.72,8249000,85.7150778318977149,1
2001-04-26,86.1,87.14,85.94,86.1,10590700,86.0978276314231949,1
2001-04-27,86.93,87.57,86.43,87.53,8048900,87.5313996078274019,1
2001-04-30,88.0,88.57,86.76,86.93,10766900,86.9259590158508485,1
2001-05-01,87.04,88.48,86.71,88.42,10578300,88.4152036903678489,1
2001-05-02,88.67,88.86,87.68,88.26,9572900,88.2551446832935373,1
2001-05-03,87.77,87.79,86.45,87.13,9926200,87.1347316337736721,1
2001-05-04,86.05,88.62,85.9,88.62,12145300,88.6170172210265639,1
2001-05-07,88.28,88.64,87.84,87.85,7185200,87.8515176219757792,1
2001-05-08,88.28,88.45,87.38,87.81,6952900,87.8097630983911632,1
2001-05-09,87.16,88.07,87.03,87.44,9507400,87.4409314733940107,1
2001-05-10,88.56,88.73,87.52,87.7,6872400,87.6984177021656185,1
2001-05-11,87.68,88.03,86.57,87.09,7739400,87.0929771101890738,1
2001-05-14,86.92,87.29,86.61,87.27,7914000,87.2669542917915469,1
2001-05-15,87.37,88.03,86.88,87.67,9782500,87.6705813531092695,1
2001-05-16,86.88,89.91,86.72,89.74,14916200,89.737430270546393,1
2001-05-17,89.77,90.52,89.47,89.88,11828900,89.8766120158283844,1
2001-05-18,89.83,90.29,89.15,90.29,6683300,90.2871981644101602,1
2001-05-21,90.36,91.75,89.88,91.62,11532100,91.6163838318529369,1
2001-05-22,91.74,91.92,91.21,91.5,8343200,91.4980793483632676,1
2001-05-23,91.2,91.2,89.95,89.95,12331000,89.9462028884692941,1
2001-05-24,90.1,90.47,89.46,90.21,7906300,90.210648204505017,1
2001-05-25,90.22,90.26,89.01,89.15,7425000,89.1459078530979829,1
2001-05-29,89.24,89.32,88.31,88.44,9012300,88.4360809521599482,1
2001-05-30,88.1,88.44,86.99,87.2,10041800,87.1973634191504773,1
2001-05-31,87.29,88.21,87.17,87.65,9875200,87.6497040913168427,1
2001-06-01,87.82,88.45,87.07,88.19,8848300,88.1925128979165908,1
2001-06-04,88.24,88.68,87.74,88.62,5634700,88.6170172210265548,1
2001-06-05,88.72,89.93,88.57,89.63,9115900,89.6330439615848569,1
2001-06-06,89.65,89.65,88.63,88.89,12067600,88.888421624326376,1
2001-06-07,88.42,89.32,88.38,89.21,7358900,89.2085396384749202,1
2001-06-08,88.87,88.99,87.78,88.38,8170600,88.3804082540471891,1
2001-06-11,88.18,88.37,87.27,87.75,7012200,87.7540904002783599,1
2001-06-12,86.89,88.2,86.32,87.6,9369200,87.6009904804682342,1
2001-06-13,87.8,88.09,86.75,86.85,7629600,86.849409055945602,1
2001-06-14,86.42,86.5,84.73,84.9,12603300,84.9008646219980871,1
2001-06-15,84.14,85.18,83.79,84.8,16821300,84.7964783130365891,1
2001-06-18,84.66,85.21,84.14,84.39,11376600,84.3858921644547949,1
2001-06-19,85.17,85.52,84.13,84.75,7732300,84.754723789451991,1
2001-06-20,84.34,85.5,84.27,85.2,8787200,85.2001053743542933,1
2001-06-21,85.05,86.51,85.01,86.17,12259100,86.1674185040638911,1
2001-06-22,85.94,86.01,85.01,85.49,12212000,85.4923870394464006,1
2001-06-25,85.79,85.9,84.55,84.71,8406800,84.7060101786032698,1
2001-06-26,84.14,85.17,83.91,84.59,8006900,84.5877056951135831,1
2001-06-27,84.62,85.07,84.14,84.54,10105100,84.5389920842648622,1
2001-06-28,84.9,86.25,84.85,85.01,10271000,85.005250930959364,1
2001-06-29,85.46,86.3,85.08,85.32,9824200,85.3184098578437482,1
2001-07-02,85.46,86.52,85.33,86.38,8522400,86.3831502092507531,1
2001-07-03,86.28,86.36,85.63,86.36,3303100,86.3622729474584497,1
2001-07-05,85.65,86.05,84.66,84.68,5520900,84.6781738295466302,1
2001-07-06,84.42,84.55,82.85,82.85,11666200,82.8479338790887928,1
2001-07-09,83.15,83.88,82.95,83.3,8340500,83.300274551255124,1
2001-07-10,83.71,83.95,82.26,82.3,8631900,82.2981659852249791,1
2001-07-11,82.19,82.74,81.48,82.38,15374000,82.3816750323941655,1
2001-07-12,83.16,84.53,83.03,84.34,12004800,84.3371785536057175,1
2001-07-13,84.09,85.12,83.94,85.07,10433800,85.0678827163360172,1
2001-07-16,84.74,85.1,83.71,84.0,6915300,84.0031423649290395,1
2001-07-17,83.65,84.87,83.39,84.79,7470300,84.7895192257720992,1
2001-07-18,83.9,84.65,83.55,84.21,7710300,84.2119149828519931,1
2001-07-19,85.03,85.58,84.04,84.95,10083000,84.9495782328463824,1
2001-07-20,84.31,84.86,84.15,84.44,6705800,84.4415648625671903,1
2001-07-23,84.76,84.82,82.78,82.78,8067200,82.778343006447703,1
2001-07-24,82.81,82.95,81.25,81.98,12271000,81.9780479710764053,1
2001-07-25,82.06,83.15,81.74,82.88,12090900,82.8827293154091839,1
2001-07-26,82.85,84.1,82.51,83.75,12930100,83.7526152234214966,1
2001-07-27,84.09,84.45,83.45,84.07,8481800,84.0727332375699032,1
2001-07-30,84.34,84.45,83.72,84.1,8547700,84.1005695866263463,1
2001-07-31,84.2,85.37,84.07,84.45,11918600,84.4485239498313055,1
2001-08-01,84.88,85.39,84.59,84.98,11941800,84.9774145819027833,1
2001-08-02,85.76,85.77,84.82,85.33,11070200,85.3253689451076751,1
2001-08-03,85.15,85.15,84.14,84.86,10817900,84.8591100984130807,1
2001-08-06,84.45,84.56,83.58,83.72,8550400,83.7178197871009812,1
2001-08-07,83.7,84.34,83.45,84.04,8865100,84.0448968885136372,1
2001-08-08,83.59,84.32,82.42,82.49,15183800,82.4860613413556296,1
2001-08-09,82.6,82.79,82.02,82.73,14118500,82.7296293955990658,1
2001-08-10,82.67,83.4,81.66,83.01,11173300,83.0149519734270995,1
2001-08-13,83.23,83.4,82.69,83.04,7435400,83.0358292352193685,1
2001-08-14,83.61,83.75,82.67,83.0,13178100,83.0010337988989028,1
2001-08-15,82.97,83.24,82.17,82.28,8520600,82.2842478106967829,1
2001-08-16,81.98,82.64,81.42,82.57,10735800,82.5695703885247579,1
2001-08-17,81.87,82.03,80.73,81.25,11604600,81.2473438083460978,1
2001-08-20,81.28,82.05,81.11,82.0,10417400,81.9989252328687414,1
2001-08-21,81.98,82.49,80.59,80.6,14420400,80.6001486927849926,1
2001-08-22,81.25,81.72,80.57,81.44,11752900,81.435239164476822,1
2001-08-23,81.39,81.78,81.07,81.14,8707600,81.1429574993846905,1
2001-08-24,81.57,82.9,81.24,82.83,11688900,82.827056617296382,1
2001-08-27,82.79,82.95,82.3,82.33,7428100,82.3329614215454285,1
2001-08-28,82.31,82.46,81.13,81.13,12046600,81.1290393248564126,1
2001-08-29,81.51,81.55,80.15,80.41,16181800,80.4052942493902523,1
2001-08-30,79.93,80.54,77.97,78.86,17693300,78.8603768767605062,1
2001-08-31,78.92,79.87,78.73,79.44,15985700,79.4379811196807025,1
2001-09-04,79.23,80.84,78.9,78.93,24476400,78.9299677494015434,1
2001-09-05,79.12,79.47,77.91,79.12,21477700,79.1248221927962128,1
2001-09-06,78.39,78.85,77.09,77.09,21655500,77.0858096244154251,1
2001-09-07,76.56,77.42,75.6,75.66,33133900,75.6591967352752777,1
2001-09-10,74.95,76.79,74.95,76.58,23409000,76.5847553414003106,1
2001-09-17,70.29,74.04,69.59,72.58,32393800,72.5832801645438293,1
2001-09-18,72.6,73.28,71.93,72.41,22029200,72.4093029829414046,1
2001-09-19,72.44,72.72,68.59,70.95,42772100,70.9478946574807972,1
2001-09-20,69.87,70.85,68.6,68.69,36212800,68.6931503839129774,1
2001-09-21,65.45,68.89,65.28,67.7,49783500,67.6980009051469129,1
2001-09-24,69.4,70.4,68.94,70.08,25549900,70.0780087494684843,1
2001-09-25,70.11,70.98,69.52,70.81,25466200,70.8087129121988198,1
2001-09-26,71.23,71.26,69.89,70.56,18587700,70.5581857706913424,1
2001-09-27,70.46,71.18,69.59,71.17,20536800,71.1705854499319247,1
2001-09-28,71.66,72.79,71.33,72.68,21787700,72.680707386241138,1
2001-10-01,72.3,72.6,71.56,72.56,20457800,72.5624029027514842,1
2001-10-02,72.37,73.47,72.13,73.47,19833600,73.4740433343483352,1
2001-10-03,72.79,75.07,72.62,74.71,32070900,74.7058017800937463,1
2001-10-04,75.36,75.83,74.29,74.77,32676200,74.768433565470622,1
2001-10-05,74.64,74.89,73.43,74.62,29830200,74.6222927329245461,1
2001-10-08,73.96,74.67,73.68,74.14,12971200,74.1351566244376525,1
2001-10-09,74.19,74.29,73.49,73.74,15976300,73.7384886503840208,1
2001-10-10,73.63,75.54,73.43,75.38,19992400,75.3808332447112152,1
2001-10-11,75.82,76.76,75.82,76.55,23011600,76.5499599050796666,1
2001-10-12,75.96,76.47,74.67,76.2,31363500,76.2020055418747361,1
2001-10-15,75.6,76.17,75.2,76.06,16875000,76.0628237965927427,1
2001-10-16,76.41,76.98,75.82,76.54,15885900,76.543000817815499,1
2001-10-17,77.29,77.35,74.91,74.91,28601700,74.9145743980165558,1
2001-10-18,75.03,75.27,74.29,74.75,16521100,74.7545153909422231,1
2001-10-19,74.46,75.1,73.77,74.71,21916300,74.7058017800934986,1
2001-10-22,74.67,76.25,74.61,76.18,17571200,76.1811282800823267,1
2001-10-23,76.52,76.74,75.42,75.79,22064500,75.7914193932928381,1
2001-10-24,75.84,76.17,75.31,75.59,16065400,75.5896058626339773,1
2001-10-25,74.78,76.97,74.28,76.95,27504000,76.9466278791331067,1
2001-10-26,76.52,77.8,76.32,76.77,18623700,76.7726506975306296,1
2001-10-29,76.66,76.93,74.78,74.78,18743900,74.7753926527345103,1
2001-10-30,74.71,74.95,73.46,73.88,26203400,73.8776703956658648,1
2001-10-31,74.39,75.06,73.63,73.63,28132000,73.6271432541582354,1
2001-11-01,74.18,75.86,73.56,75.51,29807300,75.5130559027288594,1
2001-11-02,75.46,76.12,75.07,76.03,17577900,76.0280283602721371,1
2001-11-05,76.63,77.31,76.52,77.02,16100900,77.02317783903824,1
2001-11-06,76.79,78.28,76.45,78.22,23248100,78.2201408484630892,1
2001-11-07,77.78,78.72,77.69,78.12,19717800,78.1157545395016246,1
2001-11-08,78.55,79.39,77.87,78.36,22749200,78.359322593745083,1
2001-11-09,78.12,78.61,77.55,78.44,15897500,78.44283164091423,1
2001-11-12,77.25,78.39,76.55,77.96,26096600,77.9626546196914891,1
2001-11-13,78.94,79.72,78.76,79.72,15347100,79.7163446102441414,1
2001-11-14,80.15,80.31,79.13,79.79,17595500,79.7928945701491645,1
2001-11-15,79.59,80.15,79.28,79.94,19472500,79.9390354026951764,1
2001-11-16,80.09,80.1,78.92,79.58,18135900,79.5841219522261724,1
2001-11-19,79.97,80.62,79.65,80.57,13683800,80.565353256463992,1
2001-11-20,80.29,80.59,79.78,79.89,16223000,79.8903217918464661,1
2001-11-21,79.68,79.8,78.99,79.36,11471100,79.3614311597750004,1
2001-11-23,79.36,80.55,79.33,80.5,6716900,80.5027214710870926,1
2001-11-26,80.55,80.96,80.08,80.68,13729700,80.6766986526895787,1
2001-11-27,80.46,81.35,79.4,80.33,19266400,80.3287442894847124,1
2001-11-28,79.85,80.15,78.81,78.87,20247200,78.8742950512881793,1
2001-11-29,79.1,79.97,78.64,79.94,17267900,79.9390354026951772,1
2001-11-30,79.61,79.97,79.35,79.37,13680400,79.3683902470391068,1
2001-12-03,79.09,79.39,78.64,78.9,15220400,78.8951723130804345,1
2001-12-04,79.28,80.24,78.88,80.23,17245800,80.2313170677872741,1
2001-12-05,80.45,82.12,80.42,81.7,25204000,81.6996844805119618,1
2001-12-06,81.66,82.08,81.37,81.66,17972900,81.6579299569273155,1
2001-12-07,81.35,81.48,80.52,81.12,18908000,81.1151211503275728,1
2001-12-10,80.62,81.0,79.58,79.6,13862800,79.5980401267542574,1
2001-12-11,79.96,80.53,79.26,79.44,20833500,79.4379811196799686,1
2001-12-12,79.72,79.88,78.71,79.53,16172400,79.5284492541132677,1
2001-12-13,78.95,79.12,77.97,77.98,19037900,77.9835318814834861,1
2001-12-14,78.17,78.98,77.94,78.73,16723100,78.7281542187420866,1
2001-12-17,78.63,79.58,78.57,79.54,13947300,79.5423674286416312,1
2001-12-18,79.77,80.13,79.57,80.02,13664000,80.0155853626003208,1
2001-12-19,79.4,80.67,79.33,80.58,20147400,80.5792714309922452,1
2001-12-20,80.38,80.59,79.72,79.79,14867900,79.7859354828850502,1
2001-12-21,80.05,80.08,79.47,79.99,14042700,79.9947081008079059,1
2001-12-24,79.91,80.06,79.76,79.84,5728800,79.8416081809977713,1
2001-12-26,79.79,80.87,79.79,80.28,10307900,80.2800306786359685,1
2001-12-27,80.24,80.78,80.21,80.77,9407300,80.7671667871228539,1
2001-12-28,80.93,81.25,80.67,80.73,10593800,80.7254122635382165,1
2001-12-31,80.83,81.0,79.49,79.54,14620200,79.5423674286415118,1
2002-01-02,80.11,80.55,79.2,80.4,18652200,80.398335162125589,1
2002-01-03,80.48,81.39,80.41,81.31,15743100,81.3099755937224832,1
2002-01-04,81.54,82.1,81.11,81.85,20140700,81.8527844003220879,1
2002-01-07,81.91,82.11,81.12,81.28,13106500,81.2751801574018946,1
2002-01-08,81.28,81.46,80.7,81.09,12687200,81.0872848012712699,1
2002-01-09,81.2,81.96,80.27,80.43,16616900,80.4261715111819326,1
2002-01-10,80.51,80.97,80.24,80.78,12823400,80.7810849616509205,1
2002-01-11,80.87,80.92,79.82,79.99,13708500,79.9877490135437113,1
2002-01-14,79.79,79.92,79.31,79.49,12304300,79.4866947305286629,1
2002-01-15,79.72,80.3,79.26,80.13,20221400,80.1338898460897958,1
2002-01-16,79.54,79.61,78.42,78.51,17077200,78.5124225135550454,1
2002-01-17,79.17,79.5,78.92,79.1,17707900,79.1039449310034496,1
2002-01-18,78.64,79.23,78.41,78.74,17028200,78.7420723932703232,1
2002-01-22,79.16,79.28,77.96,78.2,11691000,78.1992635866706061,1
2002-01-23,78.38,79.02,77.96,78.8,12439100,78.7977450913830684,1
2002-01-24,79.08,79.51,78.86,79.04,12163100,79.0413131456265108,1
2002-01-25,78.72,79.46,78.67,79.02,12810700,79.0204358838342719,1
2002-01-28,79.26,79.47,78.58,79.24,10589500,79.2361675890213381,1
2002-01-29,79.23,79.42,76.58,76.74,27736100,76.7448143484742142,1
2002-01-30,76.82,77.85,75.44,77.85,34712000,77.8513092234658175,1
2002-01-31,78.05,78.85,77.68,78.76,19910100,78.7629496550626568,1
2002-02-01,78.7,78.85,78.06,78.39,15838500,78.3941180300654953,1
2002-02-04,78.1,78.1,76.17,76.45,24247500,76.4455735961179789,1
2002-02-05,76.13,76.9,75.53,75.97,33614000,75.9723556621592988,1
2002-02-06,76.31,76.37,75.2,75.65,29670400,75.6452785607466638,1
2002-02-07,75.66,76.45,75.16,75.17,23450200,75.1720606267880442,1
2002-02-08,75.6,77.07,75.37,76.61,19278100,76.6125916904563342,1
2002-02-11,76.58,77.69,76.42,77.55,18792400,77.5520684711096364,1
2002-02-12,77.22,77.74,76.57,77.31,13942500,77.3085004168661859,1
2002-02-13,77.58,78.32,77.49,78.13,16791900,78.1296727140298056,1
2002-02-14,78.3,78.62,77.66,77.98,20458200,77.9835318814837449,1
2002-02-15,78.05,78.11,77.04,77.17,18394600,77.1693186715843167,1
2002-02-19,76.65,76.76,75.58,75.69,15998300,75.6870330843314119,1
2002-02-20,75.89,76.96,75.03,76.96,29247100,76.9605460536613648,1
2002-02-21,76.5,76.99,75.34,75.37,26292800,75.3669150701827841,1
2002-02-22,75.4,76.51,75.07,76.3,26572900,76.2994327635719647,1
2002-02-25,76.38,77.81,76.34,77.56,17459600,77.5590275583736806,1
2002-02-26,77.66,77.97,76.95,77.4,22362900,77.3989685512993922,1
2002-02-27,77.91,78.54,77.0,77.7,28597900,77.6982093036556197,1
2002-02-28,77.82,78.46,77.27,77.35,23755500,77.350254940450573,1
2002-03-01,77.75,79.23,77.6,79.15,26186600,79.1526585418520413,1
2002-03-04,79.26,80.72,79.09,80.55,27187800,80.5514350819356991,1
2002-03-05,80.26,81.0,80.01,80.29,22733500,80.2939488531640688,1
2002-03-06,80.1,81.53,80.09,81.25,20169700,81.2473438083454536,1
2002-03-07,81.67,81.77,80.43,81.07,19331900,81.0733666267429436,1
2002-03-08,81.69,82.05,81.06,81.41,19930800,81.414361902683734,1
2002-03-11,81.34,82.05,81.02,81.59,15622100,81.5883390842861463,1
2002-03-12,80.8,81.6,80.68,81.54,17155000,81.5396254734374839,1
2002-03-13,81.16,81.25,80.47,80.75,17176600,80.7532486125944224,1
2002-03-14,80.75,81.02,80.47,80.64,11169600,80.6419032163688446,1
2002-03-15,80.7,81.39,80.66,81.18,21222100,81.1777529357043333,1
2002-03-18,81.49,81.82,80.8,81.19,17558000,81.1916711102325297,1
2002-03-19,81.63,81.94,81.3,81.73,17913600,81.7344799168320992,1
2002-03-20,81.07,81.13,80.16,80.2,17128200,80.1965216314663965,1
2002-03-21,80.24,80.61,79.42,80.23,26888800,80.2313170677868796,1
2002-03-22,80.38,80.68,79.82,80.06,15235400,80.0573398861845153,1
2002-03-25,80.09,80.28,78.85,79.06,17507200,79.0621904074184478,1
2002-03-26,79.0,80.04,78.96,79.52,19950600,79.5214901668489459,1
2002-03-27,79.35,80.04,79.17,79.73,19021400,79.7302627847718725,1
2002-03-28,80.01,80.57,79.68,79.7,17535900,79.6954673484513418,1
2002-04-01,79.49,80.1,78.99,79.73,17714000,79.7302627847718645,1
2002-04-02,79.32,79.99,79.17,79.29,15596700,79.2918402871336529,1
2002-04-03,79.34,79.49,78.05,78.74,25662700,78.7351133060058135,1
2002-04-04,78.36,78.92,78.1,78.41,23561400,78.4080362045931243,1
2002-04-05,78.77,79.08,78.07,78.42,19404900,78.4219543791213209,1
2002-04-08,77.47,78.66,77.41,78.59,16476200,78.5889724734596506,1
2002-04-09,78.77,78.77,77.89,78.04,15122700,78.0392045795958945,1
2002-04-10,78.01,79.01,78.0,78.92,17204500,78.9230086621363429,1
2002-04-11,78.56,78.67,76.9,76.96,25460200,76.9605460536606995,1
2002-04-12,77.27,77.7,76.95,77.54,14950600,77.538150296580856,1
2002-04-15,77.68,77.84,76.69,76.95,17403600,76.9466278791324958,1
2002-04-16,77.73,78.86,77.71,78.78,15098400,78.7768678295902117,1
2002-04-17,78.91,79.1,78.36,78.61,12928600,78.6098497352518664,1
2002-04-18,78.57,78.96,77.35,78.27,25219800,78.2688544593109979,1
2002-04-19,78.78,78.8,78.33,78.55,10602500,78.5541770371389713,1
2002-04-22,78.21,78.24,77.13,77.25,13924500,77.2458686314886042,1
2002-04-23,77.31,77.58,76.67,76.91,16973800,76.9118324428118507,1
2002-04-24,76.94,77.81,76.13,76.14,18903900,76.1393737564969191,1
2002-04-25,76.0,76.37,75.66,76.18,25456900,76.1811282800814393,1
2002-04-26,76.4,76.56,74.66,74.73,19770000,74.7336381291489754,1
2002-04-29,75.11,75.34,74.2,74.36,17725600,74.3648065041518009,1
2002-04-30,74.48,75.6,74.21,75.06,19475300,75.0607152305615462,1
2002-05-01,75.14,76.03,74.32,75.98,24581100,75.9793147494225267,1
2002-05-02,75.92,76.49,75.01,75.69,15667300,75.6870330843304461,1
2002-05-03,75.58,75.69,74.6,74.87,18186000,74.8658607871668528,1
2002-05-06,74.91,75.16,73.29,73.4,23911200,73.3974933744421715,1
2002-05-07,73.84,73.99,73.0,73.14,22173500,73.140007145670529,1
2002-05-08,74.5,76.1,74.32,75.86,27918600,75.8610102659328595,1
2002-05-09,75.61,75.92,74.87,74.98,18087300,74.9841652706564452,1
2002-05-10,75.14,75.19,73.49,73.57,18959500,73.5714705560445118,1
2002-05-13,73.92,75.12,73.63,75.07,14687000,75.0676743178255838,1
2002-05-14,76.29,76.81,75.85,76.7,34224900,76.7030598248886314,1
2002-05-15,76.2,77.18,76.06,76.4,29539200,76.4038190725324231,1
2002-05-16,76.34,76.88,76.08,76.8,28097400,76.8004870465860041,1
2002-05-17,77.01,77.42,76.62,77.18,27823700,77.1762777588472444,1
2002-05-20,77.0,77.03,76.2,76.34,13834200,76.3411872871554261,1
2002-05-21,76.63,76.89,75.38,75.65,16878100,75.6452785607456605,1
2002-05-22,75.31,75.94,75.16,75.81,15845100,75.8122966550839604,1
2002-05-23,76.03,76.8,75.49,76.62,13881600,76.6195507777193397,1
2002-05-24,76.54,76.7,75.58,75.64,11876600,75.638319473481479,1
2002-05-28,75.89,75.94,74.78,75.23,24237200,75.227733324899718,1
2002-05-29,74.9,75.17,74.55,74.67,14779300,74.6710063437718748,1
2002-05-30,74.15,74.82,73.7,74.46,18218100,74.4622337258488895,1
2002-05-31,74.74,75.55,74.36,74.62,19826300,74.6153336456589491,1
2002-06-03,74.52,74.88,72.46,72.63,26074700,72.6319937753910058,1
2002-06-04,72.48,73.21,72.06,72.81,25872100,72.8129300442575328,1
2002-06-05,73.04,73.54,72.62,73.49,19718500,73.4949205961390788,1
2002-06-06,73.45,73.49,71.78,72.0,23369900,71.9987168343580358,1
2002-06-07,70.84,72.32,70.79,71.92,24011600,71.9152077871888964,1
2002-06-10,71.85,72.69,71.69,72.19,18760200,72.1935712777528749,1
2002-06-11,72.46,72.75,70.79,70.95,19992200,70.9548537447434123,1
2002-06-12,70.78,71.55,70.13,71.39,31273400,71.38631715511749,1
2002-06-13,71.07,71.68,70.52,70.67,21052400,70.6695311669153797,1
2002-06-14,69.81,70.68,68.55,70.57,39267500,70.5651448579539589,1
2002-06-17,70.93,72.61,70.88,72.46,17649000,72.4580165937886429,1
2002-06-18,72.19,73.09,72.12,73.05,21860800,73.049539011236975,1
2002-06-19,72.03,72.67,71.15,71.34,21550900,71.3445626315329877,1
2002-06-20,71.17,71.71,70.26,70.43,25762400,70.4329221999362027,1
2002-06-21,69.92,70.24,68.68,69.09,31191400,69.0898183579652677,1
2002-06-24,68.62,70.07,67.68,69.45,37173800,69.4516908956984004,1
2002-06-25,69.8,70.21,67.88,67.89,33419000,67.8928553485404812,1
2002-06-26,66.25,68.3,66.24,68.0,37928400,68.0042007447660909,1
2002-06-27,68.55,69.24,67.2,69.19,31729100,69.1942046669268361,1
2002-06-28,69.06,69.94,68.81,68.87,28185600,68.8671275655142626,1
2002-07-01,69.03,69.45,67.43,67.52,20282900,67.524023723543407,1
2002-07-02,67.41,67.64,65.95,66.09,34219100,66.0904517471392481,1
2002-07-03,65.85,66.7,65.23,66.47,30571900,66.4662424594005567,1
2002-07-05,67.35,69.26,67.27,69.11,19014900,69.1106956197578193,1
2002-07-08,68.88,69.38,67.89,68.25,19123100,68.2477687990097077,1
2002-07-09,68.01,68.44,66.12,66.53,28636000,66.5288742447774458,1
2002-07-10,66.81,66.86,64.05,64.11,50533700,64.1071118768713281,1
2002-07-11,63.86,64.96,62.85,64.63,59537700,64.6290434216787017,1
2002-07-12,64.95,65.34,63.69,63.92,39026100,63.919216520740719,1
2002-07-15,63.77,64.3,61.16,64.26,77322900,64.2602117966815884,1
2002-07-16,63.42,64.29,62.54,63.02,53293100,63.0214942636721823,1
2002-07-17,64.34,64.93,62.46,63.15,49016200,63.1467578344259288,1
2002-07-18,63.12,63.4,61.07,61.1,32721600,61.1007861787810827,1
2002-07-19,60.38,60.93,58.67,58.95,77712000,58.9504282141747661,1
2002-07-22,58.53,59.79,56.68,57.2,78252700,57.2036973108861961,1
2002-07-23,57.45,57.93,55.5,55.64,74520500,55.6379026764640951,1
2002-07-24,54.38,59.24,54.06,58.96,107023100,58.9573873014388821,1
2002-07-25,58.65,59.74,56.79,58.46,87195600,58.4563330184237738,1
2002-07-26,58.91,59.8,58.32,59.57,41211700,59.5697869806794228,1
2002-07-29,60.9,62.87,60.75,62.47,53498500,62.4717263698083024,1
2002-07-30,62.16,63.61,61.74,63.29,47570000,63.2859395797078011,1
2002-07-31,62.98,63.71,62.11,63.44,44719500,63.4390394995179519,1
2002-08-01,63.24,63.57,61.47,61.78,66576300,61.7827767306626007,1
2002-08-02,61.59,61.88,59.58,60.4,51831200,60.3979183651070982,1
2002-08-05,60.2,60.5,58.14,58.3,47199500,58.2962740113495355,1
2002-08-06,59.31,61.17,59.19,60.26,65257800,60.2587366198252093,1
2002-08-07,61.16,61.59,59.69,61.31,43720300,61.3095587967040491,1
2002-08-08,61.53,63.4,61.1,63.29,48380400,63.2928986669719815,1
2002-08-09,62.7,63.98,62.18,63.53,41880600,63.5295076339513295,1
2002-08-12,62.63,63.52,62.32,63.06,25858300,63.063248787256796,1
2002-08-13,62.74,63.79,61.69,61.91,49637500,61.9149993886806255,1
2002-08-14,61.95,64.46,61.25,64.18,57437000,64.176702749512547,1
2002-08-15,64.62,65.41,64.16,65.07,45653700,65.0674659193171216,1
2002-08-16,64.59,65.47,64.02,64.87,36518800,64.8726114759223748,1
2002-08-19,65.04,66.63,64.79,66.39,33676900,66.3896924994957917,1
2002-08-20,65.99,66.39,65.15,65.69,30513600,65.6868246858219174,1
2002-08-21,66.15,66.65,65.12,66.63,39635600,66.6332605537392182,1
2002-08-22,66.45,67.61,66.16,67.28,38404300,67.2804556693003401,1
2002-08-23,66.82,66.91,65.52,65.83,33717800,65.8329655183679572,1
2002-08-26,66.05,66.56,65.07,66.29,33832800,66.2922652777984515,1
2002-08-27,66.6,66.98,65.07,65.53,46036700,65.5267656787476478,1
2002-08-28,64.92,65.06,63.88,64.09,38983800,64.0931937023434339,1
2002-08-29,63.52,64.76,63.2,64.12,42968100,64.1210300513997234,1
2002-08-30,63.81,64.99,63.61,63.87,30371500,63.8705029098922308,1
2002-09-03,63.14,63.33,61.34,61.43,76692300,61.4348223674579067,1
2002-09-04,61.66,62.81,61.28,62.31,51100600,62.3116673627342599,1
2002-09-05,61.58,62.24,60.89,61.78,67335200,61.7827767306628489,1
2002-09-06,62.46,63.03,62.18,62.63,38622900,62.6317853768828406,1
2002-09-09,62.01,63.57,61.8,63.09,34078600,63.0910851363134106,1
2002-09-10,63.43,63.87,63.02,63.81,41430300,63.8148302117795875,1
2002-09-11,64.35,64.95,63.4,63.42,27746100,63.4181622377260083,1
2002-09-12,63.15,63.22,61.93,62.25,43639100,62.2490355773574959,1
2002-09-13,61.73,62.56,61.41,62.4,41131300,62.4021354971676668,1
2002-09-16,62.16,62.56,61.57,62.56,28170800,62.5552354169777809,1
2002-09-17,63.25,63.46,61.07,61.12,47770000,61.1216634405736165,1
2002-09-18,60.56,61.59,60.04,60.51,54847500,60.5092637613330259,1
2002-09-19,59.85,60.4,58.94,58.94,48524600,58.9434691269109169,1
2002-09-20,59.1,59.29,58.49,58.7,46326200,58.6999010726674771,1
2002-09-23,58.21,58.51,57.54,58.22,46913200,58.2197240514446965,1
2002-09-24,57.37,58.21,56.96,57.28,69598900,57.2802472707914417,1
2002-09-25,58.02,58.99,57.09,58.7,59297300,58.6999010726674595,1
2002-09-26,59.17,59.83,58.77,59.66,53672400,59.6602551151129432,1
2002-09-27,59.15,59.59,57.59,57.59,64778400,57.5864471104116943,1
2002-09-30,57.06,57.62,55.68,56.92,73096500,56.9183747330582834,1
2002-10-01,57.37,59.69,56.7,59.65,67278500,59.6532960278488751,1
2002-10-02,58.94,59.52,57.48,57.86,56850900,57.8648106009756646,1
2002-10-03,57.86,58.87,57.03,57.28,55568900,57.2802472707914763,1
2002-10-04,57.62,57.7,55.38,56.23,68725100,56.2294250939126515,1
2002-10-07,55.71,56.51,54.66,55.07,53197600,55.0672575208082523,1
2002-10-08,55.54,56.58,54.42,55.93,79535200,55.9301843415564054,1
2002-10-09,55.04,55.46,54.13,54.35,79918900,54.3504715326061258,1
2002-10-10,54.24,56.42,53.63,56.11,76784800,56.1111206104229052,1
2002-10-11,57.13,58.96,56.94,58.57,82323000,58.5676784146495193,1
2002-10-14,57.9,59.05,57.79,58.89,40644700,58.8947555160621114,1
2002-10-15,60.54,61.74,60.45,61.73,82460100,61.7271040325499713,1
2002-10-16,60.84,61.1,59.79,60.23,63588600,60.2309002707688416,1
2002-10-17,61.85,62.14,61.14,61.43,68608100,61.4278632801937224,1
2002-10-18,61.0,62.01,60.5,61.69,47563900,61.6853495089653887,1
2002-10-21,61.32,62.98,60.94,62.75,45977500,62.7500898603724141,1
2002-10-22,61.97,62.64,61.6,62.3,41217400,62.2977491882060761,1
2002-10-23,61.78,62.82,61.02,62.77,55102700,62.7709671221647334,1
2002-10-24,63.15,63.26,61.31,61.49,55305700,61.490495065570692,1
2002-10-25,61.39,62.9,61.2,62.77,43735200,62.7709671221648155,1
2002-10-28,63.43,63.53,61.83,62.36,39428500,62.3603809735830719,1
2002-10-29,61.99,62.28,60.54,61.64,59535800,61.6366358981168942,1
2002-10-30,61.71,62.6,61.4,62.24,41707400,62.2351174028293871,1
2002-10-31,62.4,62.84,61.37,61.6,41623000,61.6018404617964476,1
2002-11-01,61.48,63.2,61.27,62.82,51905100,62.8196807330136093,1
2002-11-04,63.88,64.68,63.26,63.42,49084800,63.4181622377260278,1
2002-11-05,63.22,64.07,63.22,63.92,37291500,63.9192165207410589,1
2002-11-06,64.36,64.77,63.18,64.75,65347600,64.7473479051687589,1
2002-11-07,64.04,64.18,62.78,63.16,51582000,63.1606760089543599,1
2002-11-08,63.0,63.72,62.3,62.39,37911900,62.3882173226394454,1
2002-11-11,62.3,62.33,61.1,61.42,33598500,61.4209041929297914,1
2002-11-12,61.7,62.58,61.5,61.91,37775500,61.9080403014166208,1
2002-11-13,61.46,62.46,60.86,61.97,63916100,61.9706720867935037,1
2002-11-14,62.68,63.33,62.46,63.14,31988900,63.1397987471620018,1
2002-11-15,62.63,63.71,62.6,63.61,39166800,63.6060575938565803,1
2002-11-18,64.13,64.13,62.88,62.97,29019400,62.9658215655596193,1
2002-11-19,62.65,63.4,62.46,62.88,32814800,62.8823125183904736,1
2002-11-20,62.62,64.32,62.6,64.28,36823200,64.2810890584741411,1
2002-11-21,64.44,65.55,64.32,65.48,55172500,65.4780520678990006,1
2002-11-22,65.05,65.6,64.91,65.01,32515000,65.0117932212044547,1
2002-11-25,65.02,65.6,64.56,65.05,34060600,65.0535477447890559,1
2002-11-26,64.77,65.03,63.76,63.81,42290400,63.8148302117796132,1
2002-11-27,64.39,65.87,64.32,65.61,37775100,65.6102747259169175,1
2002-11-29,65.97,66.08,65.26,65.4,19385700,65.4015021079940268,1
2002-12-02,66.44,66.84,64.87,65.51,49798600,65.5058884169554,1
2002-12-03,64.89,65.0,64.27,64.63,34434200,64.6290434216790129,1
2002-12-04,63.86,64.82,63.63,64.34,64151000,64.3367617565869191,1
2002-12-05,64.51,64.58,63.4,63.63,36825300,63.626934855648894,1
2002-12-06,62.72,64.14,62.62,64.04,50132600,64.0444800914947929,1
2002-12-09,63.38,63.65,62.27,62.28,36888500,62.2838310136779932,1
2002-12-10,62.65,63.4,62.46,63.12,33451700,63.118921485369803,1
2002-12-11,62.92,63.76,62.74,63.17,39207900,63.1745941834825626,1
2002-12-12,63.47,63.67,62.77,63.17,34486300,63.1676350962184577,1
2002-12-13,62.57,62.97,62.12,62.17,36877700,62.1724856174524854,1
2002-12-16,62.51,63.88,62.4,63.78,37119500,63.7800347754591549,1
2002-12-17,63.59,63.84,63.15,63.22,32405800,63.2233077943313124,1
2002-12-18,62.85,62.91,62.17,62.49,35651300,62.4926036316009795,1
2002-12-19,62.18,63.12,61.66,62.05,39293300,62.0472220466986887,1
2002-12-20,62.08,62.65,62.01,62.62,31183500,62.6248262896187681,1
2002-12-23,62.35,62.96,62.15,62.65,22645500,62.6457035514110878,1
2002-12-24,62.35,62.53,62.11,62.19,10937000,62.1829242483485454,1
2002-12-26,62.42,63.06,61.82,62.21,17490000,62.2072810537728825,1
2002-12-27,61.91,62.14,60.81,60.81,22213100,60.8085045136891165,1
2002-12-30,61.1,61.57,60.7,61.32,29972300,61.3165178839682711,1
2002-12-31,61.23,61.54,60.62,61.4,34038300,61.400026931137503,1
2003-01-02,61.83,63.54,61.62,63.38,44645400,63.3764077141414199,1
2003-01-03,63.27,63.6,62.98,63.57,32227900,63.5712621575361603,1
2003-01-06,63.49,65.06,63.45,64.69,41009800,64.6916752070559933,1
2003-01-07,64.65,64.98,64.16,64.53,38656800,64.5316161999817693,1
2003-01-08,64.16,64.3,63.36,63.6,38739700,63.5990985065925784,1
2003-01-09,63.9,64.84,63.61,64.59,34858800,64.5872888980945548,1
2003-01-10,63.99,65.16,63.88,64.76,37773300,64.7612660796970139,1
2003-01-13,65.1,65.32,64.33,64.74,31676800,64.7403888179046936,1
2003-01-14,64.5,65.3,64.31,64.95,30924700,64.9491614358276368,1
2003-01-15,65.1,65.12,63.96,64.3,33543000,64.3019663202665772,1
2003-01-16,64.37,64.67,63.64,64.04,45381800,64.0375210042308684,1
2003-01-17,63.32,64.23,62.74,63.09,35622700,63.0910851363134676,1
2003-01-21,63.24,63.27,61.9,62.11,42376400,62.1098538320755961,1
2003-01-22,61.78,62.16,61.24,61.36,42816000,61.3582724075530074,1
2003-01-23,61.76,62.2,61.21,61.73,56082000,61.7340631198142802,1
2003-01-24,61.65,61.71,59.97,60.11,68703000,60.1125957872793918,1
2003-01-27,59.66,60.4,58.8,59.29,58297300,59.2914234901158697,1
2003-01-28,59.59,60.13,59.24,59.73,46965300,59.7298459877540563,1
2003-01-29,59.46,60.67,58.99,60.18,53780800,60.1821866599204086,1
2003-01-30,60.4,60.46,58.73,58.76,49886700,58.7555737707803272,1
2003-01-31,58.56,60.0,58.56,59.89,55323600,59.889904994828277,1
2003-02-03,59.95,60.42,59.79,60.01,39799900,60.0082094783179081,1
2003-02-04,59.37,59.67,58.67,59.42,43762600,59.4166870608695697,1
2003-02-05,59.67,60.22,58.8,59.05,55304300,59.0478554358723411,1
2003-02-06,58.71,59.08,58.21,58.77,53664400,58.7694919453084167,1
2003-02-07,59.09,59.15,57.74,58.05,43170100,58.0527059571063251,1
2003-02-10,58.09,58.55,57.52,58.46,45476500,58.4632921056880948,1
2003-02-11,58.71,58.95,57.64,58.06,46887400,58.0596650443704695,1
2003-02-12,57.87,58.19,57.13,57.13,35929500,57.1341064382454621,1
2003-02-13,57.17,57.52,56.37,57.31,58073500,57.3080836198478573,1
2003-02-14,57.32,58.6,56.95,58.56,59590200,58.560719327385539,1
2003-02-18,58.83,59.71,58.73,59.59,39527000,59.5906642424720042,1
2003-02-19,59.37,59.48,58.65,59.28,31441500,59.2775053155875962,1
2003-02-20,59.3,59.44,58.49,58.69,29300500,58.6859828981392695,1
2003-02-21,58.72,59.67,58.08,59.28,60965300,59.2775053155876076,1
2003-02-24,59.1,59.15,58.17,58.32,30703600,58.317151273142006,1
2003-02-25,57.73,58.8,57.22,58.78,56927400,58.7834101198365721,1
2003-02-26,58.47,58.83,57.82,57.93,37808200,57.9274423863525416,1
2003-02-27,58.25,58.98,57.87,58.69,51834200,58.6929419854033203,1
2003-02-28,58.78,59.31,58.57,59.08,43891400,59.0826508721928316,1
2003-03-03,59.33,59.7,58.26,58.52,42942600,58.5189648038008861,1
2003-03-04,58.42,58.46,57.52,57.59,31481900,57.5864471104117874,1
2003-03-05,57.49,58.14,57.32,58.07,44110700,58.0735832188986833,1
2003-03-06,57.67,58.12,57.39,57.59,41469400,57.5864471104117932,1
2003-03-07,56.79,58.45,56.67,57.98,63584700,57.9831150844653613,1
2003-03-10,57.48,57.66,56.44,56.59,41077700,56.5912976316457815,1
2003-03-11,56.7,57.06,56.01,56.03,48128900,56.0345706505179555,1
2003-03-12,55.94,56.44,55.24,56.41,62483800,56.410361362779236,1
2003-03-13,57.19,58.39,56.74,58.36,72199000,58.3589057967267524,1
2003-03-14,58.6,58.99,58.0,58.55,63965400,58.5468011528573956,1
2003-03-17,58.08,60.51,57.91,60.39,88316900,60.390959277843352,1
2003-03-18,60.65,60.79,60.04,60.75,51094700,60.745872728312337,1
2003-03-19,60.74,61.35,60.32,61.21,49668600,61.2121315750069349,1
2003-03-20,60.77,61.65,60.09,61.34,67479700,61.3443542330248663,1
2003-03-21,61.8,62.55,61.19,62.4,71267000,62.4021354971677543,1
2003-03-24,61.25,61.34,60.09,60.33,65434500,60.3283274924665541,1
2003-03-25,60.36,61.42,60.15,60.91,61190500,60.905931735386667,1
2003-03-26,60.93,61.14,60.4,60.6,45772400,60.5997318957663806,1
2003-03-27,60.13,61.0,59.84,60.65,53294500,60.6484455066151404,1
2003-03-28,60.18,60.74,60.02,60.34,32604600,60.3422456669948292,1
2003-03-31,59.4,60.26,58.73,58.97,60802300,58.9713054759675406,1
2003-04-01,59.33,60.12,59.09,59.88,53914800,59.8759868203002489,1
2003-04-02,60.92,61.78,60.89,61.32,50507800,61.3234769712326398,1
2003-04-03,61.85,61.93,61.0,61.03,49028500,61.0311953061405308,1
2003-04-04,61.54,61.65,60.98,61.39,36262500,61.3930678438736643,1
2003-04-07,62.87,63.22,61.22,61.27,69833100,61.2747633603840206,1
2003-04-08,61.45,61.69,61.04,61.37,39753900,61.3721905820814438,1
2003-04-09,61.49,62.01,60.38,60.56,55693900,60.5649364594459565,1
2003-04-10,60.61,60.98,60.22,60.9,42155800,60.8989726481226541,1
2003-04-11,61.35,61.73,60.45,60.65,47738800,60.648445506615183,1
2003-04-14,60.87,61.94,60.54,61.9,36967900,61.901081214152759,1
2003-04-15,61.82,62.48,61.53,62.48,49989400,62.4786854570729025,1
2003-04-16,62.57,62.68,61.26,61.41,51820400,61.4139451056658783,1
2003-04-17,61.45,62.44,61.37,62.33,37487500,62.3255855372627381,1
2003-04-21,62.53,62.74,61.98,62.39,32085800,62.388217322639671,1
2003-04-22,62.01,63.72,61.86,63.56,59870000,63.5643030702722601,1
2003-04-23,63.76,64.27,63.49,64.15,44254100,64.1488664004564701,1
2003-04-24,63.7,64.08,63.3,63.58,50038400,63.5782212448004115,1
2003-04-25,63.54,63.65,62.65,62.79,43926700,62.7918443839573808,1
2003-04-28,62.94,64.16,62.84,63.88,46471900,63.877461997156682,1
2003-04-29,64.12,64.58,63.61,64.1,52347400,64.1001527896078668,1
2003-04-30,63.96,64.42,63.61,63.96,48919400,63.9609710443258786,1
2003-05-01,63.97,64.53,62.98,63.95,50419000,63.9540119570617359,1
2003-05-02,63.72,65.05,63.67,64.87,50239900,64.8656523886586025,1
2003-05-05,65.05,65.26,64.37,64.74,35456200,64.7403888179049213,1
2003-05-06,64.75,65.68,64.72,65.35,44587300,65.3527884971456028,1
2003-05-07,65.01,65.51,64.7,64.99,41443000,64.9909159594125127,1
2003-05-08,64.39,64.96,64.22,64.34,40774900,64.3367617565873328,1
2003-05-09,64.6,65.28,64.45,65.23,33653700,65.2275249263919279,1
2003-05-12,65.07,66.19,64.91,66.03,35688500,66.0278199617631949,1
2003-05-13,65.78,66.24,65.6,65.91,39299000,65.9095154782735729,1
2003-05-14,66.17,66.28,65.35,65.77,32236900,65.7703337329915704,1
2003-05-15,66.03,66.34,65.59,66.19,43939900,66.1878789688375255,1
2003-05-16,66.03,66.42,65.6,66.02,38914500,66.0208608744991765,1
2003-05-19,65.52,66.03,64.25,64.48,43242300,64.4759435018693735,1
2003-05-20,64.59,64.74,63.75,64.34,55457600,64.343720843851567,1
2003-05-21,64.1,64.64,63.96,64.48,49859600,64.4759435018694709,1
2003-05-22,64.68,65.45,64.5,65.12,38463900,65.1161795301664624,1
2003-05-23,65.09,65.4,64.82,65.25,26158600,65.2484021881843339,1
2003-05-27,64.93,66.7,64.84,66.39,43739500,66.3896924994965248,1
2003-05-28,66.7,67.13,66.41,66.58,37752100,66.577587855627176,1
2003-05-29,66.72,67.38,66.17,66.4,50972100,66.4036106740247284,1
2003-05-30,66.74,67.57,66.5,67.47,52546300,67.4683510254317006,1
2003-06-02,67.87,68.51,67.27,67.75,50711700,67.7467145159956409,1
2003-06-03,67.61,68.09,67.4,68.03,39555300,68.0250780065595811,1
2003-06-04,67.96,69.14,67.9,69.01,49443600,69.006309310797485,1
2003-06-05,68.6,69.35,68.39,69.35,46432100,69.3473045867382044,1
2003-06-06,69.87,70.57,68.99,69.08,60401100,69.0759001834383833,1
2003-06-09,68.73,68.96,68.04,68.37,38400100,68.3730323697645378,1
2003-06-10,68.52,69.08,68.33,69.07,30120200,69.0689410961743412,1
2003-06-11,69.01,69.86,68.69,69.8,37641900,69.7996452589046138,1
2003-06-12,70.11,70.22,69.33,70.02,36491400,70.0153769640915797,1
2003-06-13,70.02,70.11,68.86,69.28,48640800,69.2846728013613006,1
2003-06-16,69.56,70.77,69.45,70.75,36422100,70.7460811268219148,1
2003-06-17,71.03,71.11,70.45,70.75,36824400,70.7460811268219146,1
2003-06-18,70.49,71.08,70.29,70.68,35552200,70.6834493414450525,1
2003-06-19,70.73,70.79,69.48,69.6,43570700,69.6047908155097185,1
2003-06-20,69.86,69.94,69.19,69.2,41554900,69.2011637541920457,1
2003-06-23,69.21,69.35,68.14,68.49,34344600,68.4913368532540068,1
2003-06-24,68.35,68.94,68.21,68.56,36237900,68.5609277258949889,1
2003-06-25,68.57,69.2,67.87,67.87,47864500,67.8719780867492651,1
2003-06-26,68.05,68.88,67.48,68.76,33552000,68.755782169289785,1
2003-06-27,68.72,69.03,67.91,67.96,54216000,67.9624462211825886,1
2003-06-30,68.35,68.67,67.83,67.94,33865300,67.9415689593902597,1
2003-07-01,67.68,68.79,67.11,68.57,51418400,68.5678868131591281,1
2003-07-02,68.73,69.44,68.6,69.43,34679700,69.4308136339072649,1
2003-07-03,68.94,69.49,68.13,68.71,30868400,68.7140276457051617,1
2003-07-07,69.35,70.22,69.35,70.08,31432300,70.0780087494683785,1
2003-07-08,69.94,70.49,69.71,70.39,33159700,70.3911676763527317,1
2003-07-09,70.23,70.57,69.61,69.99,36632000,69.9944997022991094,1
2003-07-10,69.48,69.62,68.64,69.1,49850500,69.1037365324945127,1
2003-07-11,69.17,69.9,69.17,69.76,40079100,69.7578907353197586,1
2003-07-14,70.43,70.91,69.54,70.1,42157200,70.0988860112605465,1
2003-07-15,70.55,70.61,69.56,69.95,63632700,69.9457860914504788,1
2003-07-16,70.15,70.2,69.06,69.54,40217600,69.5351999428686603,1
2003-07-17,69.0,69.51,68.31,68.55,48928600,68.5470095513667992,1
2003-07-18,68.91,69.45,68.52,69.25,35705800,69.2498773650406638,1
2003-07-21,69.21,69.24,68.09,68.39,35142700,68.3939096315565233,1
2003-07-22,68.68,69.18,68.14,69.01,50010600,69.0132683980613059,1
2003-07-23,69.04,69.21,68.39,69.06,37302100,69.0619820089099935,1
2003-07-24,69.58,69.83,68.46,68.54,41176100,68.5400504641026321,1
2003-07-25,68.66,69.79,68.23,69.75,43329600,69.7509316480556883,1
2003-07-28,69.85,70.27,69.36,69.49,34417000,69.4934454192840989,1
2003-07-29,69.69,69.78,68.67,69.17,53571600,69.1733274051355562,1
2003-07-30,69.31,69.44,68.85,69.01,28428700,69.0063093107970968,1
2003-07-31,69.58,70.25,68.93,69.17,59123300,69.1663683178712916,1
2003-08-01,69.03,69.26,68.37,68.55,49326900,68.5539686386306566,1
2003-08-04,68.41,68.89,67.5,68.55,55546900,68.5539686386306911,1
2003-08-05,68.48,68.73,67.04,67.1,61749600,67.0995194004341542,1
2003-08-06,67.29,68.24,67.1,67.49,51183600,67.4892282872236357,1
2003-08-07,67.62,68.25,67.34,68.2,43549000,68.199055188161631,1
2003-08-08,68.42,68.58,68.03,68.39,27359700,68.3939096315564198,1
2003-08-11,68.38,68.92,68.09,68.65,34638500,68.6513958603280367,1
2003-08-12,68.69,69.31,68.49,69.28,43366600,69.277713714096868,1
2003-08-13,69.47,69.49,68.57,68.92,36158300,68.9228002636279329,1
2003-08-14,68.96,69.42,68.55,69.11,30577500,69.1106956197585129,1
2003-08-15,69.04,69.44,68.98,69.33,12567600,69.3264273249455969,1
2003-08-18,69.54,70.01,69.41,69.92,22951800,69.9249088296580291,1
2003-08-19,70.07,70.25,69.59,70.19,37460700,70.1893541456938004,1
2003-08-20,69.79,70.21,69.7,69.9,23206200,69.9040315678657771,1
2003-08-21,70.32,70.65,69.87,70.13,46553400,70.1267223603169384,1
2003-08-22,70.81,70.86,69.4,69.43,52046700,69.4308136339071455,1
2003-08-25,69.39,70.17,69.09,69.54,23495600,69.5421590301327576,1
2003-08-26,69.24,69.86,68.78,69.67,45084500,69.6674226008865524,1
2003-08-27,69.63,69.84,69.29,69.69,18987900,69.6882998626788539,1
2003-08-28,69.87,70.29,69.35,70.12,27427400,70.1197632730530585,1
2003-08-29,70.02,70.62,69.92,70.59,28721900,70.592981207011769,1
2003-09-02,70.73,71.6,70.32,71.54,50864300,71.5394170749291842,1
2003-09-03,71.7,72.17,71.53,71.93,44927200,71.9291259617186814,1
2003-09-04,71.75,72.06,71.51,71.96,28404900,71.9639213980391147,1
2003-09-05,71.64,72.06,71.26,71.56,31656500,71.5602943367214501,1
2003-09-08,71.71,72.29,71.63,72.15,32666300,72.151816754169758,1
2003-09-09,71.94,72.0,71.46,71.68,35084100,71.6785988202110607,1
2003-09-10,71.36,71.54,70.67,70.95,45953600,70.9548537447449236,1
2003-09-11,71.05,71.51,70.87,71.16,38801600,71.1636263626678612,1
2003-09-12,70.92,71.43,70.53,71.3,42443200,71.2958490206857195,1
2003-09-15,71.34,71.42,70.95,71.05,21321900,71.0453218791781282,1
2003-09-16,71.14,72.12,71.1,72.08,37956300,72.0822258815287544,1
2003-09-17,72.01,72.22,71.71,71.94,32073000,71.943044136246777,1
2003-09-18,71.96,72.86,71.8,72.79,30295300,72.7920527824667742,1
2003-09-19,72.56,72.79,71.96,72.14,34385900,72.1448576669057252,1
2003-09-22,71.57,71.65,71.0,71.37,36704300,71.3654398933267087,1
2003-09-23,71.39,71.88,71.23,71.64,32514100,71.6368442966265727,1
2003-09-24,71.76,71.83,70.34,70.36,41720700,70.3633313272965581,1
2003-09-25,70.57,70.9,69.73,69.79,53188100,69.7857270843764592,1
2003-09-26,69.9,70.05,69.49,69.56,42916300,69.5560772046612966,1
2003-09-29,69.8,70.28,69.44,70.24,36793100,70.2380677565429536,1
2003-09-30,69.92,70.12,69.07,69.56,70777300,69.5560772046614364,1
2003-10-01,69.76,71.11,69.73,71.04,65806400,71.0383627919144086,1
2003-10-02,70.93,71.37,70.73,71.3,44639600,71.2958490206860778,1
2003-10-03,72.14,72.57,71.73,71.95,48822200,71.9500032235113301,1
2003-10-06,72.01,72.37,71.82,72.28,20246500,72.2770803249239898,1
2003-10-07,71.86,72.59,71.62,72.56,42636600,72.5554438154879317,1
2003-10-08,72.6,72.65,71.96,72.37,30944800,72.3745075466214735,1
2003-10-09,72.99,73.22,72.26,72.57,40100900,72.5693619900162599,1
2003-10-10,72.56,72.79,72.31,72.77,22686200,72.7711755206750864,1
2003-10-13,72.88,73.27,72.73,73.0,23830300,73.0008254003904227,1
2003-10-14,72.93,73.37,72.63,73.26,38506000,73.258311629162028,1
2003-10-15,73.67,73.69,72.82,73.06,39893900,73.0634571857672849,1
2003-10-16,72.85,73.58,72.83,73.36,32794000,73.3557388508593885,1
2003-10-17,73.4,73.51,72.36,72.56,32802200,72.5554438154880562,1
2003-10-20,72.69,73.1,72.33,73.1,27791200,73.0982526220876954,1
2003-10-21,72.95,73.27,72.6,72.97,26768000,72.972989051333935,1
2003-10-22,72.4,72.51,71.81,72.05,34131200,72.0543895324729693,1
2003-10-23,71.6,72.34,71.57,71.92,46431100,71.9221668744550385,1
2003-10-24,71.56,72.08,71.11,72.08,51738800,72.0822258815293478,1
2003-10-27,72.19,72.5,71.87,72.12,32335000,72.1170213178498323,1
2003-10-28,72.36,73.17,72.25,73.1,35036600,73.0982526220877027,1
2003-10-29,72.91,73.37,72.85,73.2,30970400,73.1956798437849969,1
2003-10-30,73.62,73.75,72.93,73.35,39153300,73.3487797635951651,1
2003-10-31,73.35,73.59,73.22,73.28,25765300,73.2791888909541827,1
2003-11-03,73.59,74.19,73.56,73.76,37605700,73.7593659121770042,1
2003-11-04,73.76,73.95,73.47,73.6,31435400,73.5993069051027451,1
2003-11-05,73.45,73.75,73.0,73.65,33661200,73.6549796032155378,1
2003-11-06,73.49,74.07,73.14,74.04,28414000,74.0446884900050088,1
2003-11-07,74.21,74.27,73.47,73.49,31737600,73.4949205961412134,1
2003-11-10,73.59,73.65,73.08,73.2,25538500,73.1956798437850191,1
2003-11-11,73.13,73.3,72.93,73.17,26809400,73.1748025819928277,1
2003-11-12,73.23,74.09,73.18,74.0,28064200,73.9959748791564701,1
2003-11-13,73.77,74.14,73.61,74.02,29725100,74.0168521409487348,1
2003-11-14,74.04,74.43,73.27,73.39,49163100,73.3905342871798945,1
2003-11-17,73.01,73.17,72.4,73.02,44440700,73.0217026621827321,1
2003-11-18,73.24,73.38,72.17,72.26,41169200,72.2631621503960547,1
2003-11-19,72.4,73.08,72.32,72.88,29848600,72.8755618296367576,1
2003-11-20,72.31,73.24,72.2,72.22,53636400,72.2214076268115376,1
2003-11-21,72.54,72.6,72.11,72.52,30027800,72.5206483791677983,1
2003-11-24,72.85,73.61,72.85,73.48,28975000,73.4810024216133927,1
2003-11-25,73.56,74.06,73.38,73.76,37583300,73.759365912177345,1
2003-11-26,74.06,74.08,73.34,74.02,33078800,74.0238112282130709,1
2003-11-28,73.98,74.23,73.91,74.08,10507800,74.0794839263258943,1
2003-12-01,74.41,74.94,74.32,74.88,38711000,74.8797789616971559,1
2003-12-02,74.76,75.0,74.51,74.69,35371400,74.6918836055664428,1
2003-12-03,74.91,75.21,74.51,74.57,39108800,74.5735791220767877,1
2003-12-04,74.58,74.96,74.42,74.88,36097600,74.8797789616971327,1
2003-12-05,74.55,75.02,74.2,74.36,28847100,74.3578474168897649,1
2003-12-08,74.28,74.91,74.24,74.86,32499200,74.8589016999048831,1
2003-12-09,75.09,75.11,74.14,74.28,43624700,74.2812974569847661,1
2003-12-10,74.32,74.45,73.74,74.27,36931400,74.2743383697207128,1
2003-12-11,74.24,75.23,74.23,75.11,42476300,75.1094288414124885,1
2003-12-12,75.15,75.3,74.22,75.26,34145300,75.2555696739585292,1
2003-12-15,75.97,76.01,74.8,74.88,38688200,74.8797789616971403,1
2003-12-16,74.94,75.51,74.82,75.27,32905900,75.2694878484866728,1
2003-12-17,75.2,75.51,75.02,75.51,23206100,75.5060968154660132,1
2003-12-18,75.54,76.36,75.43,76.36,29792100,76.3551054616859767,1
2003-12-19,76.06,76.11,75.56,75.78,41466700,75.7844603060299351,1
2003-12-22,75.74,76.31,75.7,76.31,27639200,76.3133509381014484,1
2003-12-23,76.19,76.52,76.12,76.36,24756600,76.3620645489500824,1
2003-12-24,76.22,76.47,76.15,76.29,8055800,76.2855145890449711,1
2003-12-26,76.35,76.61,76.29,76.34,8308400,76.3411872871577345,1
2003-12-29,76.62,77.43,76.4,77.36,22548500,77.3572140277161013,1
2003-12-30,77.31,77.43,77.14,77.37,19584400,77.3711322022443599,1
2003-12-31,77.4,77.61,77.13,77.44,31505600,77.440723074885358,1
2004-01-02,77.76,78.07,77.06,77.41,38084800,77.4059276385648664,1
2004-01-05,77.79,78.3,77.66,78.25,27970800,78.2479771975208102,1
2004-01-06,78.05,78.45,77.94,78.32,20506400,78.3245271574258751,1
2004-01-07,78.19,78.68,77.87,78.59,30182100,78.588972473461569,1
2004-01-08,78.81,78.92,78.48,78.9,37052200,78.902131400345983,1
2004-01-09,78.52,78.99,78.13,78.21,54093100,78.2131817612003106,1
2004-01-12,78.32,78.81,78.19,78.79,33568700,78.7907860041204742,1
2004-01-13,78.7,78.8,77.77,78.33,54293200,78.3314862446900838,1
2004-01-14,78.47,79.1,78.41,78.99,30146600,78.9856404475153126,1
2004-01-15,79.03,79.38,78.35,79.18,38434500,79.1804948909100405,1
2004-01-16,79.36,79.55,79.08,79.49,31926100,79.4936538177944062,1
2004-01-20,79.7,79.79,79.21,79.47,29880600,79.4727765560021275,1
2004-01-21,79.42,80.24,79.14,80.1,30745000,80.099094409770987,1
2004-01-22,80.13,80.29,79.74,79.89,29915100,79.8903217918480791,1
2004-01-23,80.03,80.29,79.3,79.63,49968700,79.6328355630764676,1
2004-01-26,79.64,80.68,79.6,80.63,30474700,80.634944129106569,1
2004-01-27,80.62,81.07,79.79,79.81,35373200,79.8068127446788524,1
2004-01-28,80.02,80.22,78.6,78.9,52893400,78.8951723130819083,1
2004-01-29,79.03,79.23,78.33,78.97,60120400,78.9717222729869889,1
2004-01-30,79.0,79.14,78.7,78.97,30993800,78.9717222729869178,1
2004-02-02,79.12,79.81,78.72,79.31,38851900,79.3127175489276921,1
2004-02-03,79.15,79.43,78.94,79.18,25159200,79.1804948909098172,1
2004-02-04,78.77,79.15,78.49,78.53,39630900,78.5332997753486805,1
2004-02-05,78.69,79.01,78.48,78.76,35998100,78.7629496550639544,1
2004-02-06,78.93,79.82,78.78,79.65,37239200,79.646753737604352,1
2004-02-09,79.8,79.94,79.54,79.67,24860300,79.6676309993966466,1
2004-02-10,79.53,80.13,79.51,79.93,27933300,79.9251172281682816,1
2004-02-11,79.89,81.0,79.79,80.77,42980700,80.7741258743883155,1
2004-02-12,80.71,80.91,80.43,80.48,27830500,80.4818442092961727,1
2004-02-13,80.6,80.86,79.86,80.12,44741900,80.1199716715630161,1
2004-02-17,80.62,81.02,80.57,80.84,23990400,80.8437167470291921,1
2004-02-18,80.86,81.14,80.27,80.49,28661000,80.4888032965601578,1
2004-02-19,80.96,81.0,80.07,80.19,51184200,80.1895625442039096,1
2004-02-20,80.36,80.42,79.56,79.95,46729500,79.9459944899604632,1
2004-02-23,80.18,80.21,79.45,79.74,36366000,79.7441809593015831,1
2004-02-24,79.52,80.02,78.66,79.6,43960800,79.6049992140195623,1
2004-02-25,79.65,80.07,79.56,79.94,31234900,79.9390354026962449,1
2004-02-26,79.76,80.23,79.57,79.99,29685800,79.9877490135448766,1
2004-02-27,80.16,80.54,79.77,80.04,39275400,80.0434217116576542,1
2004-03-01,80.33,80.96,80.2,80.84,33196200,80.8367576597647851,1
2004-03-02,80.68,81.4,80.19,80.36,38607900,80.3635397258061555,1
2004-03-03,80.2,80.63,79.97,80.51,31355600,80.5096805583521857,1
2004-03-04,80.53,80.8,80.39,80.72,21075200,80.7184531762751157,1
2004-03-05,80.32,81.39,80.22,80.99,55923200,80.9898575795749296,1
2004-03-08,80.96,81.16,79.97,80.0,39289700,80.0016671880729277,1
2004-03-09,80.1,80.18,79.5,79.68,39750700,79.6815491739243067,1
2004-03-10,79.83,79.87,78.33,78.35,67812900,78.3454044192174382,1
2004-03-11,78.22,78.83,77.32,77.33,89450400,77.3293776786590557,1
2004-03-12,77.75,78.44,77.65,78.35,54027100,78.3454044192174301,1
2004-03-15,78.13,78.19,77.18,77.39,57702300,77.385050376771864,1
2004-03-16,77.79,77.98,77.13,77.8,60111400,77.7956365253536184,1
2004-03-17,78.07,78.82,78.01,78.67,41889900,78.6655224333659309,1
2004-03-18,78.44,78.83,77.89,78.69,60029000,78.6863996951582256,1
2004-03-19,78.23,78.34,77.27,77.29,48646100,77.287623155074505,1
2004-03-22,76.93,76.95,75.92,76.31,62761700,76.3063918508366757,1
2004-03-23,76.72,76.83,76.1,76.17,54119400,76.17416919281881,1
2004-03-24,76.26,76.65,75.75,76.24,51595900,76.2368009781957477,1
2004-03-25,76.61,77.45,76.4,77.25,49995700,77.2458686314899784,1
2004-03-26,77.21,77.8,77.11,77.27,37413700,77.2667458932823351,1
2004-03-29,77.68,78.46,77.65,78.35,44118300,78.3523635064816783,1
2004-03-30,78.15,78.69,78.09,78.62,39062200,78.6168088225173939,1
2004-03-31,78.63,78.92,78.21,78.71,48600600,78.7072769569506229,1
2004-04-01,78.69,79.24,78.67,79.18,45139900,79.1804948909092447,1
2004-04-02,79.9,79.92,79.26,79.78,50998200,79.778976395621681,1
2004-04-05,79.65,80.29,79.64,80.22,30280900,80.2173988932598273,1
2004-04-06,79.91,80.15,79.77,79.96,28488600,79.959912664488186,1
2004-04-07,79.99,80.02,79.41,79.79,40526700,79.6690228168489058,42804
2004-04-08,80.31,80.31,79.15,79.6,43164700,79.6272682932643085,49401
2004-04-12,79.74,80.09,79.73,79.92,20621100,79.9167663234508098,26458
2004-04-13,80.21,80.24,78.69,78.8,49904900,79.2417348588332769,59018
2004-04-14,78.37,79.32,78.33,78.92,59552200,78.712148318035397,58274
2004-04-15,78.95,79.18,77.96,78.58,55928800,78.69753423478079,64574
2004-04-16,78.94,79.37,78.62,79.22,40048800,79.0315704234574167,49429
2004-04-19,79.02,81.16,0.61,79.19,25434100,79.0830676692118066,32685
2004-04-20,79.41,79.56,77.79,77.87,47378700,78.8666400552982972,54467
2004-04-21,78.08,78.6,77.85,78.46,47095400,78.2458894713407712,52599
2004-04-22,78.28,79.8,78.11,79.47,57364000,79.2466062199180583,50522
2004-04-23,79.63,79.76,78.87,79.63,26223200,79.4880865479822174,36886
2004-04-26,79.68,79.99,79.06,79.49,30673500,79.4553788378409874,41598
2004-04-27,79.49,80.11,0.55,79.53,39766700,79.7093855229805552,41368
2004-04-28,79.25,79.56,78.29,78.52,44870500,78.6815283340732541,54850
2004-04-29,78.44,78.86,77.36,77.87,60185200,78.1192340831341295,71483
2004-04-30,78.06,78.21,77.18,77.26,43904900,77.7691919937500222,59804
2004-05-03,77.52,79.82,77.38,78.03,29447500,77.8575724020041156,38864
2004-05-04,78.12,78.82,77.71,77.98,48786100,78.1728190550677397,52775
2004-05-05,78.23,78.61,0.55,78.46,32334600,78.3307903359627213,40208
2004-05-06,77.96,78.63,77.25,77.84,49160200,77.7434433708727648,54755
2004-05-07,77.4,78.1,70.82,76.59,53700700,77.2952781510648421,68325
2004-05-10,76.16,76.49,75.41,75.77,67655100,75.8644898095662727,81301
2004-05-11,76.17,76.58,76.08,76.36,43122800,76.3537136442323591,48062
2004-05-12,76.26,76.92,75.2,76.84,83453700,75.8624020833870667,80580
2004-05-13,76.38,77.3,76.16,76.52,51884000,76.6571298489471244,55102
2004-05-14,76.52,77.75,76.03,76.52,46196900,76.5938021548438385,64378
2004-05-17,75.78,76.47,73.97,75.92,48779300,75.8387411866892158,56424
2004-05-18,76.21,76.51,76.08,76.24,28263200,76.326573203902476,29638
2004-05-19,76.9,77.37,75.96,76.02,51023800,76.8401538439929221,62732
2004-05-20,76.17,76.46,75.88,76.29,35466000,76.2180114425825982,42249
2004-05-21,76.53,76.93,69.81,76.43,44207800,76.4706263102693776,43825
2004-05-24,76.92,77.08,75.84,76.72,39065800,76.6466912180511082,44671
2004-05-25,76.48,77.93,76.27,77.81,45102300,77.0927687116797328,55763
2004-05-26,77.71,78.64,77.18,78.09,33790300,77.8721864852587062,47644
2004-05-27,78.32,78.66,77.98,78.53,40946200,78.3384453319532456,49897
2004-05-28,78.45,78.55,78.19,78.51,21671800,78.3648898635568818,34191
2004-06-01,78.26,78.54,77.85,78.46,38159900,78.1971758604921234,41703
2004-06-02,78.66,79.15,78.01,78.75,35002800,78.5903642909136864,40322
2004-06-03,78.51,78.77,77.97,78.01,32690900,78.4581416328958133,40744
2004-06-04,78.62,79.04,78.44,78.6,29878000,78.7003178696864619,42571
2004-06-07,78.97,79.9,78.93,79.81,30389600,79.3676943383134545,36647
2004-06-08,79.59,79.97,79.45,79.93,30214600,79.7038182531693968,37975
2004-06-09,79.69,79.85,79.14,79.21,32190900,79.435893393501633,39608
2004-06-10,79.36,79.56,79.28,79.54,20127700,79.4331097585960093,27234
2004-06-14,79.21,79.23,77.41,78.79,30249900,78.8659441465720148,41808
2004-06-15,79.26,79.64,78.99,79.37,34734500,79.369782064492628,39085
2004-06-16,79.33,79.47,79.12,79.33,25703700,79.3078461878421702,32120
2004-06-17,79.23,79.38,78.87,79.17,26630000,79.1296935538813042,31899
2004-06-18,78.83,79.49,78.76,79.1,30242500,79.181190799635599,35214
2004-06-21,79.18,79.43,78.72,78.76,23021100,79.1136876531738469,28602
2004-06-22,78.73,79.25,78.41,79.17,34338000,78.8123591746384108,43163
2004-06-23,79.06,79.92,78.93,79.84,32413200,79.3753493343040104,49254
2004-06-24,79.72,79.98,79.51,79.63,33361900,79.778280486895328,47938
2004-06-25,79.62,79.99,79.11,79.2,29450600,79.6015196703872098,44709
2004-06-28,79.7,79.76,78.93,78.98,38075500,79.3788288779359957,53359
2004-06-29,79.01,79.45,78.93,79.28,26231700,79.2375594064747471,49180
2004-06-30,79.38,79.88,79.09,79.67,46323200,79.4282383975110048,58489
2004-07-01,79.51,79.61,78.35,78.61,52212900,78.825581440440047,82433
2004-07-02,78.73,79.47,78.36,78.58,31808600,78.5931479258191919,58118
2004-07-06,78.2,81.94,77.68,77.87,35462000,77.9772687029465262,73616
2004-07-07,77.81,78.34,77.77,78.08,26422900,78.0628654762949417,49641
2004-07-08,77.81,79.65,77.39,77.56,40020800,77.7615369977594277,60271
2004-07-09,77.73,77.9,77.51,77.72,25734700,77.7065602083730916,45177
2004-07-13,77.89,77.96,77.68,77.83,23802100,77.8387828663909802,38575
2004-07-14,77.43,79.62,77.33,77.64,49986800,77.7733674461084965,61560
2004-07-15,77.76,77.88,77.06,77.09,34488800,77.550676653657331,47443
2004-07-16,77.64,77.9,76.86,77.02,35733700,77.2688336194613629,52361
2004-07-19,77.07,77.69,76.54,76.7,37249600,76.9215751649828555,55019
2004-07-20,76.92,77.87,76.72,77.7,42277400,77.1581841319621932,58607
2004-07-21,77.81,77.98,76.17,76.24,48573200,77.3168513215836325,67272
2004-07-22,76.1,76.82,75.69,76.47,65602400,76.2757718668745437,84117
2004-07-23,76.29,76.35,75.64,75.88,44997800,75.9981042850370497,69572
2004-07-26,75.99,76.52,75.3,75.71,46401400,75.6752026359828939,77010
2004-07-27,75.89,76.63,75.83,76.38,47011600,76.172777375365899,67448
2004-07-28,76.24,76.81,74.96,76.59,63212400,76.1010987765457025,72434
2004-07-29,76.93,77.68,76.55,76.93,47831100,76.8686861017757326,63809
2004-07-30,76.77,77.18,69.95,77.15,37994700,76.8561597447003632,48783
2004-08-02,76.68,79.06,70.85,77.29,36611600,77.0336164699348597,52286
2004-08-03,77.2,77.84,76.55,76.7,39531300,77.0057801208784355,51913
2004-08-04,76.47,77.07,69.9,76.69,39319300,76.6306853173435666,49242
2004-08-05,76.75,76.81,75.35,75.45,48216700,76.0683910664043874,65265
2004-08-06,74.9,76.86,74.2,74.39,69433000,74.746164486225801,92263
2004-08-09,74.48,74.8,74.37,74.44,35014300,74.5826259355195236,47166
2004-08-10,74.68,82.12,72.91,75.3,51111600,75.0238320680634015,59243
2004-08-11,74.94,75.39,74.46,75.27,50899700,74.9451943819790767,71307
2004-08-12,74.94,75.12,74.22,74.43,46477900,74.6591758954246036,62707
2004-08-13,74.53,74.71,74.18,74.57,38942900,74.4629296345770347,48501
2004-08-16,74.56,76.22,74.53,75.38,42443500,75.2799264793820862,56249
2004-08-17,75.68,76.05,75.53,75.81,38636500,75.7378344213597621,50867
2004-08-18,75.52,76.67,75.21,76.58,40322400,76.135198304139776,55220
2004-08-19,76.42,76.56,75.39,76.35,35517000,76.2980409461196428,51544
2004-08-20,76.28,76.99,69.88,76.88,43585500,76.4998544767784592,51267
2004-08-23,76.93,77.09,76.16,76.7,32633000,76.848504748709732,42914
2004-08-24,77.0,77.06,76.45,76.82,28064300,76.7002761899844176,44401
2004-08-25,76.78,77.43,76.48,77.33,33282700,77.0322246524818924,41847
2004-08-26,77.22,77.46,77.14,77.31,25406400,77.3154595041307034,32057
2004-08-27,77.39,77.68,76.79,77.56,23869600,77.5117057649782957,34212
2004-08-30,77.41,77.65,76.86,76.92,25197700,77.2013304729995171,30165
2004-08-31,77.01,77.9,76.62,77.34,40553300,76.9306219784260977,51376
2004-09-01,77.21,77.69,76.88,77.48,47294500,77.3335531310173824,56992
2004-09-02,77.41,78.41,77.41,78.37,38769600,77.9069819215790487,44247
2004-09-03,78.15,78.51,77.95,78.03,26479400,78.1616845154449942,42781
2004-09-07,78.32,78.73,78.16,78.58,34519200,78.4303052838391916,51738
2004-09-08,78.37,78.68,77.68,78.32,31350500,78.375328494452793,52011
2004-09-09,78.34,78.55,77.96,78.26,32596800,78.2605035545951807,54476
2004-09-10,78.3,78.83,78.0,78.67,27003700,78.410123930773307,46883
2004-09-13,78.85,79.15,78.64,78.96,40106200,78.9007395828922834,50019
2004-09-14,78.85,79.12,78.19,79.09,26939700,78.9376227453920595,40261
2004-09-15,78.85,78.89,78.19,78.46,35668400,78.5896683821871428,42033
2004-09-16,78.53,78.9,78.5,78.76,22571400,78.7323296711011471,33674
2004-09-17,78.6,78.89,78.42,78.71,29592400,78.669001976997814,44252
2004-09-20,78.41,78.63,78.14,78.25,32996600,78.3572348675662395,49383
2004-09-21,78.46,78.96,78.32,78.62,38249700,78.6321188144981019,45948
2004-09-22,78.29,79.06,77.59,77.61,46558000,77.8861046597867537,55569
2004-09-23,77.66,77.73,77.22,77.24,41100000,77.4991794079029267,49513
2004-09-24,77.36,78.35,77.25,77.55,33793800,77.5409339314875312,45285
2004-09-27,77.32,77.45,76.95,77.09,37520300,77.1769736675751968,40804
2004-09-28,77.18,77.6,76.84,77.42,39051200,77.2841436114423316,48249
2004-09-29,77.39,77.84,77.25,77.82,31870200,77.5068344038934969,43029
2004-09-30,77.63,77.93,77.43,77.77,37271600,77.6689811371469453,50090
2004-10-01,78.13,79.07,78.09,79.06,53968300,78.6676101595450341,54157
2004-10-04,79.4,79.64,79.19,79.24,30724400,79.4059693182658745,40736
2004-10-05,79.23,79.44,78.64,79.3,35879500,79.1992844265222542,44921
2004-10-06,79.17,83.36,79.11,79.75,40552700,79.3669984295870201,52442
2004-10-07,79.6,82.69,78.89,78.97,36154400,79.2410389501068355,48380
2004-10-08,78.74,79.17,78.19,78.3,49517200,78.6585633461017695,62358
2004-10-11,78.48,78.65,78.39,78.59,19436400,78.5082470611972172,29180
2004-10-12,78.08,78.52,77.9,78.32,37427800,78.1637722416243416,52247
2004-10-13,78.64,78.69,77.47,77.64,51717200,77.9981459647388283,71450
2004-10-14,77.72,77.89,76.95,77.01,61325800,77.3467753968191923,70590
2004-10-15,77.26,78.41,76.95,77.39,61082900,77.33355313101739,72724
2004-10-18,77.17,77.91,77.04,77.73,37270200,77.5075303126198597,51452
2004-10-19,77.96,79.66,70.11,77.04,49120700,77.5604193758269282,64453
2004-10-20,76.81,77.16,76.38,76.95,52852000,76.8018788640402199,66988
2004-10-21,77.1,77.47,76.7,77.39,49318500,77.1672309454053966,64732
2004-10-22,77.38,77.42,70.25,76.53,45481600,76.8944347246526944,64182
2004-10-25,76.38,76.63,76.1,76.5,40885000,76.3843336281942911,61681
2004-10-26,76.64,77.66,76.47,77.63,49294700,77.0607569102646332,61134
2004-10-27,77.51,78.71,77.33,78.58,66533200,78.1074036347850285,77976
2004-10-28,78.48,79.03,78.28,78.79,52161700,78.6300310883187693,69217
2004-10-29,78.72,80.73,76.9,78.8,44432700,78.8095755397324541,58550
2004-11-01,79.03,79.22,78.78,78.99,32757700,78.9835527213348689,56692
2004-11-02,79.1,79.73,78.79,79.01,53559400,79.3071502791154495,79731
2004-11-03,80.03,80.28,79.43,80.03,70894100,79.9787022001008655,116856
2004-11-04,79.88,81.19,79.81,81.11,52970900,80.5375169074080039,81777
2004-11-05,81.46,82.7,81.07,81.59,59050700,81.4303678033918716,84707
2004-11-08,81.41,81.58,81.23,81.51,32243100,81.3948764583449298,55922
2004-11-09,81.48,81.77,81.25,81.37,40837800,81.4978709498535665,61416
2004-11-10,81.46,81.8,81.25,81.41,41801300,81.4714264182500587,67753
2004-11-11,81.55,82.2,81.49,82.03,36513300,81.8806207493790313,57007
2004-11-12,82.1,82.81,81.66,82.67,52222100,82.3378327826303053,74890
2004-11-15,82.47,82.65,82.28,82.64,34466400,82.4554413573935146,63662
2004-11-16,82.37,82.4,81.93,82.03,37676000,82.1276683472544664,58201
2004-11-17,82.37,82.91,82.17,82.53,52128700,82.5695703885247249,71081
2004-11-18,82.49,82.67,82.28,82.6,30165100,82.4909327024403989,54757
2004-11-19,82.6,82.62,77.57,81.72,46215600,81.8757493882941212,74143
2004-11-22,81.54,82.2,81.44,82.12,34917700,81.8172930552757375,58909
2004-11-23,82.07,82.3,81.68,82.25,40018400,81.9773520623500035,64163
2004-11-24,82.31,82.53,82.15,82.43,27951800,82.3635814055074769,44410
2004-11-26,82.47,82.8,82.43,82.49,12907200,82.6335939913544944,23220
2004-11-29,82.67,82.82,81.6,81.99,51896800,82.2807682670647009,76864
2004-11-30,82.12,82.28,81.87,82.01,48290100,82.0615570182455586,80772
2004-12-01,82.23,83.16,82.19,83.01,45187300,82.7929570897022756,76642
2004-12-02,82.88,83.47,76.83,83.05,56356700,83.1179464649356351,92915
2004-12-03,83.03,83.61,82.88,82.99,45576300,83.1958882422935095,92974
2004-12-06,82.96,83.26,82.7,82.98,30081700,82.9474488269652386,60932
2004-12-07,83.15,83.24,82.15,82.18,45730900,82.6927462330992793,87418
2004-12-08,82.26,82.69,82.12,82.65,40417500,82.425517282157819,71342
2004-12-09,82.21,83.13,81.93,82.97,57862500,82.461008627204736,97939
2004-12-10,82.75,83.2,82.71,83.03,47149700,82.9460570095123442,79455
2004-12-13,83.34,83.79,83.06,83.77,36014300,83.4185790347446504,73775
2004-12-14,83.65,84.18,83.63,84.07,39433900,83.8841419727128428,72101
2004-12-15,84.0,84.28,83.72,84.11,42344000,84.0469846146927318,74589
2004-12-16,84.01,89.69,83.54,84.1,49374400,84.0309787139852377,75966
2004-12-17,83.13,83.49,82.92,83.13,52058000,83.1708355281426722,89950
2004-12-20,83.32,83.77,81.92,83.15,43178000,83.2640872974816797,67005
2004-12-21,83.23,83.84,82.74,83.82,32219000,83.4805149113951412,72896
2004-12-22,83.77,84.26,83.54,84.0,28228400,84.0316746227117152,65851
2004-12-23,84.11,84.4,83.57,84.06,25105400,84.2140027090311126,67545
2004-12-27,84.34,84.46,83.77,83.86,25876400,84.0915227731829854,65220
2004-12-28,83.94,84.43,83.93,84.34,22017400,84.2390554231818999,51025
2004-12-29,84.26,84.48,84.17,84.39,19394100,84.2884649427568872,52016
2004-12-30,84.48,84.6,84.23,84.32,18755400,84.4881907472364873,45422
2004-12-31,84.41,84.66,84.05,84.12,22825300,84.4025939738880882,52705
2005-01-03,84.59,84.73,83.44,83.74,52347900,83.9920078253062382,123011
2005-01-04,83.83,83.88,82.42,82.69,63045500,83.1332564569165932,121190
2005-01-05,82.63,82.99,82.13,82.13,60524500,82.6690853364012785,112984
2005-01-06,82.42,82.92,82.15,82.51,45608200,82.613412638288477,101603
2005-01-07,82.79,82.97,82.21,82.39,49225300,82.6391612611656234,96880
2005-01-10,82.35,83.13,81.12,82.79,54451300,82.808267081683242,126150
2005-01-11,82.57,82.63,82.11,82.24,59173100,82.3607977706017139,138861
2005-01-12,82.39,82.7,81.66,82.53,68750900,82.2501482831025448,151935
2005-01-13,82.56,82.63,81.77,81.89,51823200,82.2995578026776254,117096
2005-01-14,82.1,82.49,81.95,82.29,39673800,82.2710255448948066,87641
2005-01-18,82.15,83.25,82.08,83.13,52323000,82.8026998118718638,111207
2005-01-19,83.11,83.43,82.26,82.28,48878700,82.8200975300320678,107421
2005-01-20,82.04,82.26,81.62,81.77,66126800,81.9752643361705856,125706
2005-01-21,81.97,82.12,81.18,81.3,60226700,81.6551463220221602,126836
2005-01-24,81.48,81.66,80.98,81.1,55513000,81.3712155616469966,133929
2005-01-25,81.36,81.75,81.0,81.35,65725600,81.5389295647117788,129270
2005-01-26,81.64,81.84,81.45,81.6,51148100,81.6614095005599801,107083
2005-01-27,81.55,81.94,81.41,81.74,51372800,81.6739358576353485,107784
2005-01-28,81.76,81.87,81.15,81.72,55059200,81.43663098192956,123491
2005-01-31,82.1,82.29,81.92,82.22,45488000,82.1047033592829512,96894
2005-02-01,82.29,82.87,81.99,82.77,45927800,82.5932312852226255,86026
2005-02-02,82.85,83.22,82.74,83.04,50534000,82.9300511088050016,94899
2005-02-03,82.86,82.92,82.17,82.82,42878700,82.7449393875800736,94016
2005-02-04,82.81,83.81,82.8,83.66,45809600,83.3190640868681894,84729
2005-02-07,83.66,83.87,83.48,83.59,42914100,83.7171238783746218,86132
2005-02-08,83.63,83.96,83.56,83.68,33640900,83.73660932271408,81129
2005-02-09,83.8,83.85,82.99,83.06,53387300,83.32463135667951,104283
2005-02-10,83.27,83.52,82.99,83.35,44431600,83.2787013807364365,113164
2005-02-11,83.31,84.23,83.13,84.04,50519700,83.7881065684684064,112429
2005-02-14,83.99,84.11,83.84,83.99,29646100,83.9711305635142049,75065
2005-02-15,84.07,84.5,83.54,84.31,39773500,84.2613245024271238,87251
2005-02-16,84.16,84.53,83.98,84.34,47125300,84.2216577050217049,98090
2005-02-17,84.37,84.43,83.67,83.68,52954400,83.9822651031366947,97648
2005-02-18,83.63,83.84,83.44,83.76,39290900,83.6767611722427934,94099
2005-02-22,83.44,83.84,82.52,82.56,72062500,83.1443909965392584,163258
2005-02-23,82.79,83.21,82.55,83.13,64991000,82.8799456805035277,131144
2005-02-24,82.98,83.73,82.8,83.68,63763100,83.2355550396989356,112715
2005-02-25,83.7,84.67,78.07,84.48,57340300,84.1193591222394535,106031
2005-02-28,84.31,84.66,83.52,83.96,66262000,84.0240196267213174,120256
2005-03-01,84.05,84.84,84.05,84.38,43531900,84.3594476328508661,88904
2005-03-02,84.04,84.85,83.52,84.35,58361200,84.4179039658693413,108228
2005-03-03,84.66,84.83,84.0,84.38,56805800,84.4269507793126863,99317
2005-03-04,84.94,85.53,83.68,85.38,51111300,85.1708772078447638,88859
2005-03-07,85.36,85.77,84.83,85.45,40487800,85.5424924677475383,76391
2005-03-08,85.37,85.6,84.98,85.12,41431000,85.2321171757687853,82548
2005-03-09,84.87,85.1,84.18,84.21,62615800,84.6559047503014649,95731
2005-03-10,84.35,87.87,83.79,84.43,58963700,84.2543654151630004,109959
2005-03-11,84.42,84.71,83.62,83.81,51260400,84.0748209637492677,106177
2005-03-14,83.93,84.32,83.7,84.28,34912900,83.9878323729480489,65712
2005-03-15,84.5,84.53,83.56,83.63,58070700,84.0226278092685143,97446
2005-03-16,83.3,83.61,82.74,82.91,68771300,83.1040282904074973,128390
2005-03-17,83.03,83.33,81.76,83.06,57262800,83.0970692031434157,111517
2005-03-18,82.89,82.92,82.19,82.5,56342200,82.5507808529116679,105522
2005-03-21,82.61,82.66,81.95,82.21,56207900,82.3134759772059208,130570
2005-03-22,82.37,82.76,81.39,81.39,81631700,82.2021305809803995,136509
2005-03-23,81.38,82.85,81.25,81.44,63413500,81.5222277552779672,134509
2005-03-24,81.74,82.11,80.33,81.53,44166400,81.7797139840496653,87997
2005-03-28,81.71,82.08,81.55,81.66,41161600,81.8486089479641137,85737
2005-03-29,81.52,82.05,80.9,81.14,66372800,81.4498532477312809,117246
2005-03-30,81.27,82.26,81.26,82.24,58674000,81.7873689800400249,95506
2005-03-31,82.25,82.58,76.61,82.12,55622500,82.1951714937162347,102339
2005-04-01,82.56,83.33,81.36,81.72,77867500,81.9884866019725276,130106
2005-04-04,81.67,82.02,81.24,81.87,65354500,81.6064327111734895,98159
2005-04-05,81.98,82.69,81.5,82.23,45109400,82.1722065057446698,75614
2005-04-06,82.43,82.78,82.24,82.53,46739100,82.5138976904119224,71894
2005-04-07,82.4,83.0,82.34,82.98,41839900,82.6934421418256968,70507
2005-04-08,82.92,82.98,82.13,82.15,56884300,82.5521726703644793,82422
2005-04-11,82.32,82.41,82.0,82.18,39861300,82.2160487555084468,67982
2005-04-12,82.04,82.85,81.47,82.6,83390500,82.0685161055095906,121022
2005-04-13,82.51,82.67,81.51,81.66,62623000,82.1241888036223841,92081
2005-04-14,81.71,82.71,80.57,80.59,91462400,81.2466478996196472,110911
2005-04-15,80.54,81.3,79.4,79.46,115231000,80.2758552262778889,150319
2005-04-18,79.42,80.0,79.31,79.7,94513200,79.6718064517542007,126567
2005-04-19,80.1,80.4,79.77,80.29,60226300,80.1693811911372997,83825
2005-04-20,80.31,82.68,79.01,79.22,93700200,79.7678418559988437,111356
2005-04-21,79.88,81.94,79.08,80.72,78221800,80.1164921279301375,111346
2005-04-22,80.54,81.07,79.52,80.41,81768300,80.2647206866554526,111993
2005-04-25,80.63,81.07,80.53,80.93,48553700,80.8179681241512651,76904
2005-04-26,80.7,81.3,80.13,80.19,70038900,80.6398154901903358,89820
2005-04-27,79.93,80.77,76.55,80.5,78059000,80.2577615993913704,103143
2005-04-28,80.22,80.5,79.49,79.5,68199500,79.9780062913745684,103961
2005-04-29,80.08,80.63,79.31,80.57,93661000,79.9334681328843633,124909
2005-05-02,80.77,81.41,80.39,80.97,49886500,80.7769095092929888,70456
2005-05-03,80.76,81.37,80.51,81.11,77420400,80.8785121833487976,97242
2005-05-04,81.18,81.94,80.92,81.79,73213300,81.4547246088161413,85861
2005-05-05,81.88,83.36,81.21,81.74,91122200,81.6753276750881188,106862
2005-05-06,82.07,82.93,81.19,81.49,57991500,81.8075503331060162,70993
2005-05-09,81.57,82.17,81.46,82.02,41443300,81.8409539519737782,52447
2005-05-10,81.69,83.5,81.0,81.13,70056300,81.4164496288637816,74346
2005-05-11,81.37,82.31,80.62,81.62,85214500,81.179840661884427,95127
2005-05-12,81.64,81.83,80.69,80.73,83170600,81.2953615104684976,95820
2005-05-13,80.93,81.18,79.89,80.55,80349500,80.6050200538699825,98158
2005-05-16,80.52,81.31,80.49,81.28,46738900,80.9501907821693424,67049
2005-05-17,81.02,81.91,80.84,81.82,57295700,81.3169346809872922,78065
2005-05-18,82.17,83.4,81.86,82.71,71320300,82.5257281387610633,93114
2005-05-19,82.81,83.1,82.6,83.03,59989900,82.8479338790888345,79978
2005-05-20,83.04,83.08,82.63,82.92,44216200,82.8548929663529076,63113
2005-05-23,82.96,83.54,82.95,83.35,48507000,83.210502325548341,69576
2005-05-24,83.12,83.39,82.95,83.18,48200700,83.117946464935827,70433
2005-05-25,83.06,83.14,82.69,83.1,45400600,82.9272674738995954,59141
2005-05-26,83.36,83.66,81.96,83.5,41838700,83.4603335583295915,57028
2005-05-27,83.56,83.68,83.37,83.68,22605800,83.5375794269610397,36044
2005-05-31,83.55,83.63,81.78,83.15,39664700,83.2960990988967988,58390
2005-06-01,83.18,84.15,83.13,83.86,63422500,83.7929779295534011,88117
2005-06-02,83.67,84.09,83.58,84.04,37289200,83.8563056236567112,53598
2005-06-03,83.89,84.13,83.32,83.58,54284800,83.6377902835640282,70168
2005-06-06,83.52,83.66,83.2,83.58,34979500,83.4248422132825736,51959
2005-06-07,83.78,84.56,83.51,83.63,63669900,84.0017505474763123,93397
2005-06-08,83.82,86.26,83.28,83.45,42115000,83.6036907559698633,69528
2005-06-09,83.33,83.91,83.05,83.83,53203100,83.5111348953574079,63187
2005-06-10,83.91,83.96,83.23,83.63,33934200,83.5528894189419298,52304
2005-06-13,83.47,84.26,77.97,83.9,43707800,83.8458669927604375,52734
2005-06-14,83.82,84.34,83.77,84.08,32163400,84.0128850870987517,48945
2005-06-15,84.32,84.37,83.67,84.23,50376100,83.9801773769574057,70559
2005-06-16,84.27,84.65,84.15,84.5,42304200,84.4408689538406961,62293
2005-06-17,84.58,84.83,84.34,84.48,48084600,84.5682202507736755,68126
2005-06-20,84.26,84.79,84.16,84.48,37794800,84.4429566800199762,60145
2005-06-21,84.55,84.66,84.23,84.57,37562900,84.4568748545481552,60002
2005-06-22,84.68,84.86,84.25,84.58,37422200,84.5007171043120166,60640
2005-06-23,84.42,84.62,83.39,83.42,59288600,84.0581191543154572,92941
2005-06-24,83.43,83.52,82.7,82.85,55417200,83.1917127899352259,84633
2005-06-27,82.79,83.1,82.64,82.91,45709200,82.887600676494169,76004
2005-06-28,83.1,83.68,83.07,83.66,40538900,83.4324972092730478,67674
2005-06-29,83.77,83.79,83.34,83.4,38066500,83.5716789545550534,72417
2005-06-30,83.66,83.73,82.78,82.92,57698900,83.2905318290854282,93197
2005-07-01,83.13,83.37,82.96,83.23,42861900,83.1339523656432445,72642
2005-07-05,82.99,83.96,82.95,83.84,48862900,83.5967316687057654,79661
2005-07-06,83.78,83.96,83.1,83.14,50658000,83.5222694349798389,84197
2005-07-07,82.32,83.79,82.24,83.45,89275600,82.799220268239989,120747
2005-07-08,83.49,84.43,83.31,84.39,60108000,83.9516451191746286,94822
2005-07-11,84.43,84.98,84.42,84.89,48229100,84.7094897222348507,77191
2005-07-12,84.82,85.34,84.43,85.1,49623300,84.9634964073744846,72094
2005-07-13,85.09,85.26,84.89,85.24,38484000,85.0824967995905716,75836
2005-07-14,85.58,85.9,85.24,85.5,57534500,85.5188315710495352,97505
2005-07-15,85.45,85.62,85.15,85.46,52036700,85.3552930203432798,76553
2005-07-18,85.25,85.34,84.94,85.17,37804100,85.1750526602031888,59423
2005-07-19,85.39,85.67,85.19,85.39,55467800,85.4429775198710371,80553
2005-07-20,85.31,86.1,85.11,85.88,62446700,85.5905101698698751,116204
2005-07-21,85.98,86.02,85.23,85.43,84164100,85.5779838127945245,112073
2005-07-22,85.51,87.16,85.34,85.94,44701700,85.6336565109072415,62049
2005-07-25,85.88,86.26,85.49,85.72,52969900,85.8243355019435226,91262
2005-07-26,85.76,85.97,85.56,85.79,40317400,85.7672709863779604,73371
2005-07-27,85.93,86.22,85.63,86.12,39884700,85.9106281840184258,71890
2005-07-28,86.29,86.74,86.04,86.66,45456000,86.4534369906180582,89083
2005-07-29,86.58,86.73,85.88,86.13,56197900,86.2669334519401225,95201
2005-08-01,86.15,86.32,84.82,86.04,38908200,86.1082662623187364,72466
2005-08-02,86.2,89.27,86.11,86.56,40364600,86.4889283356648977,73402
2005-08-03,86.47,86.81,86.38,86.77,34344100,86.6002737318904077,58571
2005-08-04,86.45,86.51,85.99,86.1,45027600,86.2258748370818834,65176
2005-08-05,85.91,85.97,85.37,85.53,46076900,85.5821592651527771,73842
2005-08-08,85.72,85.88,85.17,85.37,45678400,85.4944747656252179,68981
2005-08-09,85.63,86.01,85.51,85.88,44869000,85.7547446293025237,70941
2005-08-10,86.17,86.64,85.47,85.85,71098900,86.1075703535922229,103362
2005-08-11,85.78,86.31,85.05,86.18,53733200,85.9871781439232813,87185
2005-08-12,85.99,89.98,85.42,85.65,51968200,85.7533528118495402,80951
2005-08-15,85.75,86.2,84.91,86.16,35345800,85.8814000175090149,59841
2005-08-16,85.9,85.96,80.64,85.05,64588400,85.419316623172889,109512
2005-08-17,85.03,85.51,84.92,85.06,56898800,85.2147194576084199,98429
2005-08-18,84.93,85.29,84.79,85.02,51448900,85.0080345658646958,105884
2005-08-19,85.34,85.47,85.04,85.24,38741600,85.242555806664821,78125
2005-08-22,85.3,85.76,84.82,85.26,59822600,85.2857021477022383,105149
2005-08-23,85.26,85.33,84.67,85.07,50094600,84.988549121525255,78286
2005-08-24,84.86,85.41,84.27,84.29,75211800,84.8563264635073989,107792
2005-08-25,84.44,84.67,84.35,84.62,33598700,84.5174189137458263,66516
2005-08-26,84.54,85.07,83.98,84.01,54255000,84.2140027090311631,95776
2005-08-29,83.79,89.49,83.77,84.64,51055400,84.3343949187000786,80453
2005-08-30,84.38,84.64,83.78,84.25,68730000,84.1151836698810957,120759
2005-08-31,84.34,85.83,83.51,85.28,87635800,84.5710038856795434,136621
2005-09-01,85.24,85.7,84.27,85.22,65914300,85.2564739811932401,118918
2005-09-02,85.49,85.51,84.93,85.07,38389500,85.2001053743540707,69478
2005-09-06,85.37,86.15,85.35,86.1,50580600,85.7721423474629155,81201
2005-09-07,86.04,86.38,85.5,86.22,35855600,86.1604594167996108,73299
2005-09-08,86.06,86.29,85.81,85.97,35762000,86.0498099293004329,61215
2005-09-09,86.17,86.81,86.15,86.69,39183100,86.526507406891167,69196
2005-09-12,86.6,86.76,86.48,86.54,30809700,86.6322855333055202,63480
2005-09-13,86.38,86.58,85.96,86.05,52964400,86.1924712182146014,91381
2005-09-14,86.12,86.24,85.61,85.77,46767100,85.9377686243485556,82870
2005-09-15,85.94,86.05,85.53,85.7,54707200,85.7456978158594798,93018
2005-09-16,85.79,86.11,85.51,85.97,62583400,85.7930196092553136,91705
2005-09-19,85.91,86.08,85.35,85.67,47897500,85.6545337726996733,87525
2005-09-20,85.74,86.02,84.81,84.94,75880800,85.4172288969938995,114193
2005-09-21,84.75,91.42,84.04,84.16,85199100,84.4798398425198659,139867
2005-09-22,84.17,84.66,83.82,84.45,73034700,84.2731549507761667,115118
2005-09-23,84.37,84.82,84.14,84.52,53683900,84.4805357512463349,98272
2005-09-26,84.91,85.44,84.2,84.58,62598000,84.7192324444049453,98144
2005-09-27,84.57,84.89,84.22,84.6,60776000,84.5055884653971567,118442
2005-09-28,84.84,84.98,84.34,84.71,53540400,84.7067060873295432,89992
2005-09-29,84.6,85.5,84.26,85.33,61647800,84.8751159991207279,104100
2005-09-30,85.33,85.63,83.99,85.61,44210400,85.3880007304847554,73459
2005-10-03,85.57,85.83,85.21,85.34,44742600,85.4805565910973127,82503
2005-10-04,85.47,85.62,84.32,84.32,54764600,85.095023156666213,85503
2005-10-05,84.42,85.37,78.0,83.24,96899400,83.9105865043167273,132964
2005-10-06,83.36,83.69,82.24,82.99,125963600,83.1262973696528534,143410
2005-10-07,83.3,83.54,82.9,83.27,59126200,83.2258123175294742,80706
2005-10-10,83.29,83.31,81.55,82.56,49066400,82.8966474899376552,90073
2005-10-11,82.81,83.08,82.34,82.44,66623700,82.7157112210711097,87740
2005-10-12,82.39,82.9,81.71,81.78,93116700,82.1847328628204509,116498
2005-10-13,81.74,82.17,81.34,81.77,90692000,81.8124216941911728,114152
2005-10-14,82.2,82.68,81.81,82.59,79613400,82.266154183810367,99523
2005-10-17,82.65,83.0,82.12,82.9,62321400,82.7595534708349118,70441
2005-10-18,82.77,82.79,81.98,82.01,64740700,82.4477863614033467,84374
2005-10-19,81.81,83.37,81.5,83.33,105003300,82.1513292439527878,118766
2005-10-20,83.15,83.45,81.63,81.89,116518800,82.6148044557416531,123393
2005-10-21,82.31,82.66,81.78,82.21,78954000,82.2605869139989891,109471
2005-10-24,82.42,83.57,82.4,83.51,67360900,82.9822442632859954,83253
2005-10-25,83.31,83.68,82.77,83.26,72489300,83.2279000437086366,87948
2005-10-26,83.16,83.88,82.95,83.09,73179000,83.4102281300279925,95424
2005-10-27,82.96,83.07,76.01,82.17,63213200,82.5368626783836204,89394
2005-10-28,82.42,83.47,82.19,83.37,65005500,82.8987352161167093,87524
2005-10-31,83.71,84.41,83.61,83.61,70222400,84.0511600670513842,93343
2005-11-01,83.91,84.14,83.66,83.81,60029500,83.8514342625717582,94318
2005-11-02,83.63,84.71,83.51,84.68,64765700,84.3420499146906962,95858
2005-11-03,85.01,85.36,84.73,85.07,73349100,85.0504849981759166,98090
2005-11-04,85.18,85.22,83.59,84.98,49839500,84.8584141896868236,76822
2005-11-07,85.18,85.33,84.8,85.06,44676000,85.0769295297795663,73319
2005-11-08,84.87,85.19,84.75,85.05,35816700,84.9537536852050455,59851
2005-11-09,84.96,85.56,84.8,85.14,52657800,85.1687894816656711,82946
2005-11-10,85.15,85.96,84.2,85.87,69097300,85.3587725639755519,95076
2005-11-11,85.84,86.18,85.79,86.14,32715000,85.9551663425087576,48825
2005-11-14,86.13,86.31,85.88,86.08,62401900,86.0734708259984101,64636
2005-11-15,85.99,86.36,85.5,85.78,63529500,85.922458632367479,99563
2005-11-16,85.87,85.98,85.58,85.96,45299800,85.7930196092552012,71674
2005-11-17,86.13,86.77,85.76,86.68,54873700,86.3330447809492898,82849
2005-11-18,87.02,87.73,86.52,87.07,61624400,86.8883799446242985,87928
2005-11-21,87.1,87.62,86.97,87.54,41598800,87.2586033870742958,67799
2005-11-22,87.38,88.05,87.28,87.93,53766400,87.6316104644298969,77770
2005-11-23,87.86,88.67,87.83,88.38,42900700,88.3031623854153972,84106
2005-11-25,88.37,88.53,88.25,88.45,12874600,88.4089405118296988,26338
2005-11-28,88.55,90.25,87.38,87.84,48378500,88.0338457082947627,95504
2005-11-29,88.14,88.37,87.73,87.75,46506700,88.0296702559363299,88036
2005-11-30,87.8,88.05,87.0,87.3,46989000,87.6246513771657458,96874
2005-12-01,87.7,88.4,87.67,88.15,58830000,88.0923020413130636,107144
2005-12-02,88.22,88.44,88.03,88.29,40659900,88.2321796953214632,77811
2005-12-05,88.13,88.19,85.83,88.11,46965100,88.0115766290495336,100324
2005-12-06,88.42,88.9,88.1,88.26,52378600,88.5147186382437952,109018
2005-12-07,88.22,88.29,87.46,87.77,60123500,87.8786580623051703,107879
2005-12-08,87.84,88.26,87.32,87.72,55718200,87.7770553882493459,107858
2005-12-09,87.8,88.23,87.56,87.89,46014100,87.8849212408429113,80606
2005-12-12,88.18,88.28,87.66,88.0,44791800,88.0039216330590429,82471
2005-12-13,87.96,95.56,87.89,88.57,71048000,88.4242505038105374,94409
2005-12-14,88.51,89.14,84.7,88.94,59653400,88.8132634818736068,96396
2005-12-15,88.96,89.08,88.51,88.65,49767400,88.7520235139494897,87021
2005-12-16,88.57,89.47,87.94,87.96,35201800,88.3595309922542998,43358
2005-12-19,88.19,88.29,87.47,87.51,45152100,87.8863130582957138,78850
2005-12-20,87.59,87.84,87.32,87.55,43038300,87.5703704965056305,71530
2005-12-21,87.8,88.21,87.55,87.73,45187400,87.9078862288144182,82047
2005-12-22,87.9,88.16,87.74,88.13,28838100,87.9538162047574569,57929
2005-12-23,88.24,88.28,87.89,88.19,25651900,88.144495195793729,42845
2005-12-27,88.32,88.42,87.25,87.35,41242700,87.7346049559382409,79777
2005-12-28,87.5,87.68,87.34,87.48,26093000,87.5160896158455505,59541
2005-12-29,87.49,87.66,87.03,87.13,30389600,87.4117033068841135,57592
2005-12-30,86.85,87.03,86.54,86.61,40267000,86.7909527229265407,69106
2006-01-03,87.06,88.38,86.56,88.16,64207300,87.4158787592425811,104002
2006-01-04,88.28,88.72,88.17,88.6,45404200,88.4541745790460173,87917
2006-01-05,88.5,88.79,88.3,88.66,41995200,88.5258531778661925,76239
2006-01-06,89.1,89.48,88.68,89.39,52758800,89.112504234229658,88187
2006-01-09,89.37,89.81,87.53,89.61,40433800,89.5571899104055208,86225
2006-01-10,89.35,89.76,89.26,89.72,39285300,89.5008213035663346,81533
2006-01-11,89.79,90.08,89.58,90.03,44402200,89.819547500261985,88338
2006-01-12,89.83,89.97,89.38,89.61,37804600,89.6713189415367303,80671
2006-01-13,89.47,89.7,89.22,89.53,38399000,89.4736808632363965,81398
2006-01-17,89.22,89.37,87.76,89.32,44149700,89.1702646585216275,94170
2006-01-18,88.78,89.24,88.49,88.96,62845000,88.8195266604111165,138949
2006-01-19,89.14,89.61,88.94,89.29,68882600,89.2593409755021554,150710
2006-01-20,89.27,89.29,84.13,87.7,102044100,88.3734491667824786,227654
2006-01-23,87.83,88.26,87.77,87.96,52266100,87.9684302880119659,135578
2006-01-24,88.12,88.48,87.98,88.11,49870000,88.2085187986234937,117368
2006-01-25,88.41,88.51,87.57,88.15,75763400,88.0192316250400234,140859
2006-01-26,88.58,88.85,88.21,88.63,57545400,88.5516018007434981,124019
2006-01-27,88.83,89.54,88.69,89.45,56408700,89.2426391660684629,96009
2006-01-30,89.38,89.64,89.32,89.39,31708600,89.4583708712555605,72298
2006-01-31,89.31,89.45,88.72,88.75,59468400,89.126422408758042,107855
2006-02-01,88.95,89.38,88.88,89.35,57410200,89.1027615120601081,104244
2006-02-02,89.15,89.18,88.24,88.48,70036100,88.6072744988563719,108925
2006-02-03,88.09,89.47,87.78,87.89,67378400,88.0895184064074507,101808
2006-02-06,87.99,88.24,87.8,88.13,42355900,88.0366293432002779,70339
2006-02-07,87.96,88.14,87.27,87.34,63864300,87.6065577502790198,107753
2006-02-08,87.61,88.9,87.41,88.12,51658300,87.7533944915514999,97584
2006-02-09,88.32,95.57,87.94,87.97,54131100,88.4082446031031289,95918
2006-02-10,87.99,88.47,87.37,88.14,58622000,87.9002312328239364,88632
2006-02-13,88.08,88.23,87.65,88.0,42186000,87.9635589269272472,74292
2006-02-14,88.0,89.1,87.82,88.88,81590500,88.5731749712622555,111314
2006-02-15,88.84,89.3,88.45,89.19,75142600,88.9649715842309652,104309
2006-02-16,89.31,89.92,89.2,89.87,53101100,89.5049967559249913,72892
2006-02-17,89.83,90.45,89.48,89.65,36669500,89.6935880207820245,57329
2006-02-21,89.86,90.05,89.28,89.44,39384400,89.5446635533303869,62064
2006-02-22,89.61,90.22,89.53,89.95,35265900,89.9357642575727494,57529
2006-02-23,89.96,90.22,89.57,89.8,38662200,89.9086238172428019,63849
2006-02-24,89.85,90.11,89.61,90.03,30155800,89.8668692936582047,54223
2006-02-27,90.05,90.5,89.97,90.11,33338700,90.2774554422400605,58224
2006-02-28,89.91,90.25,89.17,89.26,68413100,89.4729849545103108,97578
2006-03-01,89.49,90.11,89.42,89.99,43166000,89.7847520639419094,76252
2006-03-02,89.7,90.06,89.5,89.99,49319700,89.7541320799798591,79608
2006-03-03,89.54,90.52,89.53,89.64,61514900,89.9809983247894776,92112
2006-03-06,89.87,89.9,88.97,89.19,49885400,89.4207918000295469,78079
2006-03-07,89.02,90.4,88.66,89.05,54866100,88.9232170606465187,77218
2006-03-08,88.87,89.38,88.51,89.25,61125000,88.9907202071083783,84486
2006-03-09,89.31,89.55,88.68,88.68,49530400,89.1542587578147396,76577
2006-03-10,88.88,89.66,88.64,89.47,53079700,89.2565573405969292,83587
2006-03-13,89.66,89.88,89.45,89.67,41201800,89.6699271240843707,67875
2006-03-14,89.57,90.63,89.5,90.57,60831500,90.1313146096940798,80203
2006-03-15,90.57,91.07,90.36,90.99,44609900,90.7193574835104132,74858
2006-03-16,91.15,91.49,91.05,91.17,55285100,91.2408701700918129,84564
2006-03-17,91.3,91.46,91.09,91.24,42489400,91.2300406420048266,61802
2006-03-20,91.28,91.46,90.98,91.09,38673700,91.1762423411859037,58248
2006-03-21,91.07,91.52,90.44,90.56,78458000,90.9233204594136888,96248
2006-03-22,90.49,91.18,90.44,91.1,44854400,90.8373829139495977,71756
2006-03-23,91.0,6378.96,90.59,90.91,40084900,90.9170323463308359,56940
2006-03-24,90.82,91.23,90.1,90.99,39697500,90.9365953648104719,54133
2006-03-27,90.85,91.02,90.65,90.88,29556300,90.8534525362721044,47777
2006-03-28,90.78,91.2,89.82,90.3,75032300,90.6333685783764284,96378
2006-03-29,90.41,91.18,89.63,90.84,55060100,90.8255053670154891,84169
2006-03-30,90.91,91.51,90.51,90.69,65110400,90.9596517794471471,93890
2006-03-31,90.84,91.0,90.39,90.72,54361100,90.6501368799303048,77417
2006-04-03,90.88,91.44,90.47,90.63,56306800,91.0546721549194861,92359
2006-04-04,90.63,91.34,90.38,91.23,51767100,90.9198270632564408,97499
2006-04-05,91.26,91.72,91.1,91.56,47872400,91.4144919590981939,80192
2006-04-06,91.42,91.67,90.83,91.46,48122800,91.3418293190310595,82564
2006-04-07,91.57,91.81,90.37,90.52,68191200,90.9470755532816419,107271
2006-04-10,90.63,90.88,90.32,90.66,37876900,90.6019280129626748,64502
2006-04-11,90.72,90.87,89.61,89.91,65885500,90.073027834781571,85454
2006-04-12,89.97,90.22,89.86,90.03,40578700,90.0150374585741685,68544
2006-04-13,89.84,90.3,89.5,89.95,47371000,89.9919810439374395,68470
2006-04-17,89.98,90.76,89.44,89.89,59013800,89.8655201030513549,82531
2006-04-18,90.1,91.49,89.81,91.3,81282900,90.8485617816521365,113683
2006-04-19,91.33,91.58,91.0,91.51,73077600,91.3236636590142712,77166
2006-04-20,91.53,93.86,91.25,91.6,79274500,91.715622707838057,83559
2006-04-21,92.04,92.08,91.26,91.6,65155300,91.6723045954903404,88698
2006-04-24,91.48,91.58,91.09,91.46,48566400,91.3327464890227297,70839
2006-04-25,91.55,91.61,90.77,91.09,79649100,91.0742351733992324,105860
2006-04-26,91.18,91.62,90.97,91.11,54104600,91.3620910167421934,83052
2006-04-27,90.76,91.97,90.54,91.54,114578600,91.4214787514124715,127532
2006-04-28,91.38,92.05,91.32,91.83,49079100,91.6604270485563881,68369
2006-05-01,91.85,92.14,91.04,91.14,59470400,91.6422613885395811,75070
2006-05-02,91.53,91.85,91.35,91.82,42105000,91.615711577745823,57690
2006-05-03,91.68,91.75,91.14,91.44,56428800,91.4047104498584951,64706
2006-05-04,91.57,91.96,91.51,91.76,39938200,91.7673249709629095,52963
2006-05-05,92.25,92.78,92.12,92.61,53337200,92.4359609954269999,60489
2006-05-08,92.59,92.76,92.48,92.51,24766700,92.6246043879090781,32655
2006-05-09,92.53,92.76,92.44,92.67,23431500,92.5959585394210754,33682
2006-05-10,92.51,93.15,92.15,92.58,50791100,92.5016368431800404,56045
2006-05-11,92.57,92.61,91.19,91.5,70605000,91.7212121416895883,83291
2006-05-12,91.15,91.33,89.62,90.33,86733100,90.8289987631727011,85249
2006-05-15,89.98,90.65,88.92,90.51,78722000,90.2875223588261277,92630
2006-05-16,90.66,91.38,89.96,90.36,53700500,90.5208812221186972,65501
2006-05-17,89.9,90.44,88.04,88.63,126903100,89.3729512449039266,131998
2006-05-18,89.0,89.26,8.38,88.19,79439200,88.8740942736736557,85298
2006-05-19,88.64,90.79,87.89,88.76,112372700,88.5359335256688199,112429
2006-05-22,88.23,88.85,87.44,88.14,99187000,88.2564618331028379,108507
2006-05-23,88.86,89.35,87.47,87.47,74991600,88.6575037119350094,88812
2006-05-24,87.81,88.56,87.17,88.15,149158300,87.892449953535614,146252
2006-05-25,88.68,89.23,88.33,89.21,66399600,88.7644016343414757,74735
2006-05-26,89.43,89.7,89.09,89.66,46469300,89.4574914319050075,54867
2006-05-30,89.41,89.47,88.07,88.12,60216900,88.768593709729912,77515
2006-05-31,88.44,95.98,88.17,89.07,78504000,88.690341635811502,82177
2006-06-01,89.0,90.09,88.92,89.95,61235300,89.5217699211952531,69820
2006-06-02,90.3,90.8,89.65,90.15,75459900,90.0849053817156888,81172
2006-06-05,89.98,90.03,88.57,88.86,77135700,89.3512921887300098,88525
2006-06-06,88.88,89.4,87.87,88.59,118879700,88.3829227739889497,121087
2006-06-07,88.67,89.19,84.33,87.96,97327100,88.6386393726868416,97922
2006-06-08,87.74,88.38,85.94,87.91,189220600,87.4494873208186437,155910
2006-06-09,88.29,88.5,87.54,87.58,83878500,88.0475567429098168,85142
2006-06-12,87.96,87.98,86.51,86.62,87378300,87.3020660029901282,88476
2006-06-13,86.48,87.22,85.64,85.64,154673300,86.4084552660104201,155683
2006-06-14,85.83,86.38,85.48,86.27,125077800,85.9613005579049232,129649
2006-06-15,86.57,88.29,86.53,88.09,113061700,87.3610390035789558,114689
2006-06-16,87.85,88.11,87.34,87.55,81274000,87.7164861103360247,86902
2006-06-19,88.0,88.06,86.7,86.77,81596300,87.254720668586364,88334
2006-06-20,87.03,87.59,86.82,87.05,60313700,87.1326124818623109,72278
2006-06-21,87.02,88.21,86.99,87.76,68474400,87.8042075088446066,88711
2006-06-22,87.69,87.76,87.05,87.34,68602400,87.3978819909525285,72646
2006-06-23,87.25,87.93,87.04,87.32,49666000,87.4645502538190779,60584
2006-06-26,87.4,87.76,87.2,87.71,35164400,87.4701644233236317,51186
2006-06-27,87.73,87.92,86.86,86.96,63446000,87.3333190416501519,78655
2006-06-28,87.15,87.62,86.77,87.55,55569900,87.1655957277016167,64583
2006-06-29,87.85,89.37,87.84,89.27,89117900,88.5768575869088976,101019
2006-06-30,89.45,89.59,89.1,89.3,48715900,89.3066996225008416,57764
2006-07-03,89.43,89.83,89.34,89.81,20372200,89.5923204960450318,24483
2006-07-05,89.33,89.44,88.79,89.19,59147100,89.0793257575663964,62221
2006-07-06,89.27,89.72,89.18,89.41,44246200,89.4575804279357688,60993
2006-07-07,89.27,89.52,88.63,88.88,59450100,89.103887749148873,67451
2006-07-10,89.08,89.43,88.71,89.02,51891400,89.0828346135067784,66887
2006-07-11,88.85,90.87,88.38,89.4,68248300,88.8168633332285534,69313
2006-07-12,89.27,89.41,88.23,88.48,78965000,88.7130011973943178,74404
2006-07-13,88.07,88.33,87.01,87.03,89389800,87.6449054491529289,99728
2006-07-14,87.12,87.2,86.2,86.7,92539200,86.7311993622867794,102237
2006-07-17,86.67,87.09,86.42,86.56,76461200,86.7831304302039013,79723
2006-07-18,86.84,87.05,85.89,86.91,110142500,86.5213697770540738,109617
2006-07-19,87.15,88.61,87.12,88.31,110080900,88.0477221111046169,118751
2006-07-20,88.51,88.63,87.48,87.83,103662600,88.1845674927782211,91994
2006-07-21,87.83,87.85,86.45,86.92,90740900,87.2308604481921594,93659
2006-07-24,87.33,88.65,87.33,88.56,85877000,88.150882475750934,82355
2006-07-25,88.41,95.89,87.81,88.81,91475900,88.7326507906603002,82854
2006-07-26,88.84,89.44,88.52,88.99,78885400,89.0126574946998832,74449
2006-07-27,89.36,89.61,88.56,88.87,79872700,89.1052912915250115,82225
2006-07-28,89.12,89.92,89.03,89.81,68607300,89.5593372502057967,71717
2006-07-31,89.6,89.8,88.81,89.65,45021800,89.6112683181229011,48453
2006-08-01,89.36,89.47,88.84,89.29,56865000,89.0891505541994195,63213
2006-08-02,89.53,90.15,89.13,89.84,61619700,89.7544296404890401,64221
2006-08-03,89.36,90.21,89.23,90.06,57949900,89.7832022591999052,64377
2006-08-04,90.57,90.83,89.46,89.97,72809100,90.1074205480878851,78280
2006-08-07,89.76,89.88,89.41,89.76,41621700,89.6540763605952138,49014
2006-08-08,89.9,90.15,89.09,89.57,83622500,89.6351285385173803,82662
2006-08-09,89.97,90.25,88.85,89.05,70506200,89.6182860300037194,78492
2006-08-10,88.8,89.6,88.62,89.34,61996400,89.0723080456858745,72137
2006-08-11,89.24,89.27,88.7,89.12,43680500,88.9930079014340434,54433
2006-08-14,89.57,89.94,89.07,89.25,54953000,89.5109150382291195,66668
2006-08-15,89.98,90.47,89.76,90.23,59045000,90.1151400311566732,78121
2006-08-16,90.75,91.15,90.56,90.98,60220000,90.8470873803128424,70429
2006-08-17,90.93,91.49,90.43,91.16,66763100,91.1670950420724444,71939
2006-08-18,91.36,91.71,90.94,91.69,54117200,91.2702554067185554,58784
2006-08-21,91.36,91.43,91.09,91.35,37612800,91.2709571779065971,45754
2006-08-22,91.19,91.6,91.01,91.33,55352000,91.3200811610714421,61199
2006-08-23,91.36,97.77,90.66,90.98,60635900,91.0288461180227069,72085
2006-08-24,91.22,91.3,90.81,90.99,52637600,91.0625311350500754,54083
2006-08-25,90.98,91.41,90.91,91.12,39676800,91.14534013524228,48409
2006-08-28,90.99,91.81,90.98,91.57,50921900,91.5095593818501867,62290
2006-08-29,91.57,91.81,91.1,91.67,55134200,91.4337680935387017,69619
2006-08-30,91.84,91.96,91.62,91.75,45069400,91.7930749418301428,54586
2006-08-31,91.83,91.93,91.64,91.75,30873300,91.7741271197523289,44320
2006-09-01,92.03,92.34,91.82,92.24,41969400,92.1355392816080055,50973
2006-09-05,92.29,92.53,92.07,92.34,41675000,92.3257192735746994,53933
2006-09-06,92.0,92.04,91.46,91.55,48069900,91.7748288909404163,59472
2006-09-07,91.27,91.91,84.37,91.24,77041200,91.2470969575124176,80945
2006-09-08,91.29,91.93,91.11,91.37,39132000,91.3537661780990034,52470
2006-09-11,91.13,91.71,90.87,91.44,63661900,91.2962209406772993,75929
2006-09-12,91.63,92.52,91.49,92.44,60800300,92.0955383238881248,74054
2006-09-13,92.37,92.95,92.23,92.75,51658300,92.6352003675132812,66487
2006-09-14,92.6,92.82,91.86,92.82,52433800,92.6259455458977163,67420
2006-09-15,93.28,93.32,92.34,92.97,61644900,93.0166485983590738,67889
2006-09-18,92.9,93.36,92.34,93.08,57282900,93.054006097511997,73736
2006-09-19,93.13,93.14,92.39,92.96,79991200,92.7276566237800297,92094
2006-09-20,93.21,94.03,91.96,93.35,70323800,93.3578001000573043,83301
2006-09-21,93.46,93.57,92.63,92.92,84043500,93.0723324178511386,84566
2006-09-22,92.81,92.82,92.34,92.7,60209200,92.5239525246255042,70471
2006-09-25,92.85,93.64,92.37,93.36,80869600,93.0074854381894556,92985
2006-09-26,93.39,94.45,93.32,94.08,67357200,93.7948123542987245,79027
2006-09-27,94.08,94.43,93.94,94.23,70137200,94.1860088076923738,81192
2006-09-28,94.27,94.44,93.94,94.24,52784400,94.1979914017602487,59717
2006-09-29,94.3,94.41,94.08,94.2,42451900,94.2409877687098466,48516
2006-10-02,94.13,94.33,93.39,93.82,46713100,94.0013358873516204,51514
2006-10-03,93.67,94.3,93.5,93.99,68756500,93.9350791907407801,81692
2006-10-04,93.9,95.16,93.8,95.12,71592200,94.6004655907471523,81310
2006-10-05,95.1,95.44,94.48,95.28,54096900,95.1967758602444652,61112
2006-10-06,95.13,95.56,94.73,95.07,59997900,94.9634677051574871,68129
2006-10-09,95.05,95.37,94.9,95.16,38763800,95.1403871822778172,46416
2006-10-10,95.23,95.47,95.04,95.23,52816200,95.2468208119398465,66588
2006-10-11,95.04,95.75,94.66,95.24,89985900,95.1291094466844778,90166
2006-10-12,95.49,96.14,95.36,96.09,52932600,95.7930861297416918,65896
2006-10-13,95.97,96.36,95.38,96.27,50109200,96.1145015941516147,58560
2006-10-16,96.23,96.6,96.16,96.39,35045000,96.3886915407644407,41382
2006-10-17,96.19,96.35,95.63,96.21,82436400,95.9784639085571144,75545
2006-10-18,96.6,96.83,89.72,96.16,75509000,96.3294834288995083,78338
2006-10-19,96.15,96.48,96.02,96.42,61007100,96.2568830060174491,57604
2006-10-20,96.43,96.92,95.86,96.45,42897000,96.3160911178824009,50152
2006-10-23,96.26,97.13,96.14,96.78,56549600,96.8405058229722375,71310
2006-10-24,96.76,97.23,96.72,97.11,48632700,96.9300228492442813,62590
2006-10-25,97.09,97.57,96.93,97.53,70660900,97.3057124161970647,76831
2006-10-26,97.74,98.62,92.13,97.8,61096800,97.6602562289124134,72478
2006-10-27,97.7,97.95,90.41,97.14,72767700,97.3564622263671164,73582
2006-10-30,97.03,97.41,92.18,97.17,47161100,97.1189249204326209,58431
2006-10-31,97.32,97.45,96.74,97.19,64450900,97.0843868551780783,71310
2006-11-01,97.43,97.49,96.37,96.5,75903100,96.8820924729728154,78590
2006-11-02,96.22,96.57,96.11,96.39,49835400,96.3442854568659668,60073
2006-11-03,96.75,97.26,96.0,96.17,55053600,96.3865769653409527,61635
2006-11-06,96.54,97.47,96.33,97.27,58045100,97.0787479873814916,63025
2006-11-07,97.41,97.96,97.27,97.57,59985300,97.6792874077263041,66760
2006-11-08,97.27,98.01,97.12,97.93,77737500,97.5629857594200921,79701
2006-11-09,97.98,98.07,97.2,97.38,82635800,97.6299473145054776,79179
2006-11-10,97.37,97.52,97.07,97.48,42833700,97.3219241611126811,49225
2006-11-13,97.4,98.0,97.02,97.71,51561000,97.7695092924729408,62044
2006-11-14,97.95,98.5,97.36,98.41,78918200,97.9161198551861969,84725
2006-11-15,98.38,99.0,98.35,98.61,65469900,98.6794815831596965,69112
2006-11-16,98.99,99.79,98.32,98.84,59701600,98.9240674738400624,65003
2006-11-17,98.62,99.03,98.49,98.99,49367500,98.7668840340080012,56205
2006-11-20,98.89,99.2,98.74,98.96,57023400,98.962834689942014,67398
2006-11-21,99.03,99.17,98.88,99.15,46162900,99.0297962450273987,56036
2006-11-22,99.21,105.63,98.68,99.27,38238800,99.220108033164796,48621
2006-11-24,98.85,99.27,98.82,98.96,23296700,99.0516468577393952,29506
2006-11-27,98.88,98.93,96.7,97.58,79480200,97.99788343823766,90448
2006-11-28,97.44,98.09,97.04,98.05,88489700,97.7617558492523503,94094
2006-11-29,98.31,99.05,98.27,98.93,76521800,98.6985127619732917,89651
2006-11-30,98.99,99.42,98.51,99.01,78341500,98.9311160585857349,97863
2006-12-01,99.05,99.15,97.95,98.93,109804100,98.4983329551917204,127235
2006-12-04,98.86,99.77,98.84,99.6,80550300,99.3801109068951903,82649
2006-12-05,99.79,100.08,99.57,100.02,64827800,99.8826749992728908,87641
2006-12-06,100.0,102.0,99.74,99.85,48230600,99.9327199509683716,67463
2006-12-07,100.11,100.3,99.45,99.49,59083300,99.8044357085942672,80489
2006-12-08,99.48,100.02,99.23,99.68,63496800,99.6261065145247529,80520
2006-12-11,99.68,100.15,99.62,99.95,36539900,99.9115741967309288,50500
2006-12-12,99.86,100.0,99.13,99.81,68197700,99.7092798145255187,79916
2006-12-13,100.25,100.32,99.78,99.99,48581100,99.9869940535112302,64979
2006-12-14,100.0,100.96,99.98,100.89,60250200,100.6375784255514831,78319
2006-12-15,100.54,100.72,100.23,100.33,55187100,100.4775755518211696,70105
2006-12-18,100.47,100.71,99.91,100.05,41838000,100.2978366408024081,60410
2006-12-19,99.76,100.48,99.5,100.24,57674300,99.9665531577483605,74528
2006-12-20,100.29,100.56,100.1,100.26,37597900,100.3358989984298753,56363
2006-12-21,100.28,100.39,99.61,99.86,45252300,99.9700774501213065,69559
2006-12-22,99.84,99.84,99.14,99.16,55395500,99.4428433111331361,64702
2006-12-26,99.26,99.85,99.23,99.81,25475000,99.5556206670664118,41234
2006-12-27,100.0,100.51,99.97,100.41,35928000,100.2964269238533026,48896
2006-12-28,100.38,100.58,98.87,100.21,33253500,100.2992463577515942,49547
2006-12-29,100.16,100.47,99.67,99.81,43492700,100.1089345696141569,63307
2007-01-03,100.27,100.7,99.08,99.66,78913400,100.0236466941895418,110761
2007-01-04,99.55,100.13,99.11,99.88,63391600,99.6500717026604476,91159
2007-01-05,99.62,102.05,98.95,99.01,65681600,99.2722675602838458,89343
2007-01-08,99.26,99.67,98.82,99.6,63932500,99.2335003441818151,79557
2007-01-09,99.6,99.81,98.96,99.4,61197600,99.3808157653696633,87317
2007-01-10,99.09,99.88,98.89,99.82,60965300,99.3709477467255199,87571
2007-01-11,99.78,100.53,99.74,100.25,52003700,100.2527256984290694,80036
2007-01-12,100.17,101.04,100.17,100.99,51975100,100.5656828611439056,66460
2007-01-16,100.84,101.1,100.6,100.67,41288400,100.78277927131546,61051
2007-01-17,100.7,101.12,100.6,100.72,46053400,100.8321193645362773,67766
2007-01-18,100.91,100.98,100.31,100.38,60061000,100.5974014925000338,82216
2007-01-19,100.47,100.87,100.41,100.76,52276200,100.6382832840258941,73855
2007-01-22,100.84,102.87,100.04,100.36,57406400,100.2907880560564157,78993
2007-01-23,100.27,100.85,100.13,100.75,50294100,100.53043993741472,71846
2007-01-24,100.77,101.68,100.73,101.49,53062500,101.1281599238610673,62112
2007-01-25,101.39,101.44,94.73,100.31,64121200,100.6876233772466004,90253
2007-01-26,100.51,100.62,99.79,100.24,68548900,100.1202123052072251,89783
2007-01-29,100.22,100.65,99.91,100.1,58997000,100.2287605102929217,80431
2007-01-30,100.34,100.7,100.13,100.63,53373000,100.4373986187695392,72787
2007-01-31,100.53,101.59,100.37,101.35,83643400,101.0069242662326422,90721
2007-02-01,101.61,101.96,101.44,101.87,63113800,101.6723106662391185,81928
2007-02-02,102.02,102.17,101.77,102.05,44275800,102.0042990077677787,60897
2007-02-05,101.99,102.16,101.74,102.08,43761000,101.98174353658114,58083
2007-02-06,102.18,102.23,101.73,102.18,51915500,101.9782192442082343,68417
2007-02-07,102.29,102.46,101.43,102.28,51951800,102.2305585781089435,69030
2007-02-08,102.05,102.29,101.69,102.18,64171100,101.980333819631994,76436
2007-02-09,102.25,102.99,101.07,101.43,74652600,101.7181264670870813,97210
2007-02-12,101.46,101.53,100.93,101.15,57304100,101.1570591213189442,59719
2007-02-13,101.34,102.13,101.33,101.96,59943700,101.6476406196287919,70752
2007-02-14,102.06,102.84,101.84,102.63,61627800,102.5519740425189398,78035
2007-02-15,102.68,102.87,102.51,102.59,36506900,102.7070429069273041,57900
2007-02-16,102.51,102.78,102.37,102.72,32631900,102.5639566365869763,50276
2007-02-20,102.6,103.05,101.54,102.9,52297600,102.7274838026902759,78376
2007-02-21,102.63,102.96,102.45,102.87,58949800,102.7542684247244953,87446
2007-02-22,102.94,103.21,102.32,102.77,70252600,102.737351821334439,97718
2007-02-23,102.72,102.76,102.03,102.45,69599800,102.4413112620094857,94727
2007-02-26,102.79,102.87,102.03,102.35,65276500,102.4081829137040588,93584
2007-02-27,101.42,101.64,97.98,98.42,226060900,100.0581847594440428,215884
2007-02-28,98.96,100.08,98.54,99.24,157450100,99.3864546331662778,156324
2007-03-01,98.23,99.56,97.31,99.11,173520500,98.7845054958723206,156353
2007-03-02,98.72,99.15,97.69,97.93,141749800,98.4722531916320176,139901
2007-03-05,97.21,98.68,96.62,97.21,130162000,97.6433396255222814,126507
2007-03-06,97.82,98.76,97.07,98.57,122586200,98.1860806509512293,119454
2007-03-07,98.5,99.0,98.17,98.31,103124000,98.5956034246840897,126339
2007-03-08,99.07,99.5,98.68,99.19,99594300,99.192618552655946,131485
2007-03-09,99.62,99.68,98.74,99.11,89992200,99.172882515367579,108555
2007-03-12,98.98,99.62,98.76,99.32,71774500,99.2010768543509629,81225
2007-03-13,98.85,99.22,97.3,97.35,158235900,98.2290770179008183,174342
2007-03-14,97.57,98.39,96.21,98.33,214447400,97.3966391594181571,224820
2007-03-15,98.0,98.68,97.83,98.15,114653300,98.3553487083544759,141814
2007-03-16,98.58,99.78,97.62,97.81,99275000,98.2529502849218816,147715
2007-03-19,98.55,99.31,98.29,99.24,78985400,98.9174431640041303,109654
2007-03-20,99.13,99.83,99.04,99.71,76913400,99.4920632042755035,107546
2007-03-21,99.85,101.66,99.65,101.24,147173200,100.7184382409629896,153239
2007-03-22,101.53,101.68,101.05,101.32,106071600,101.358163014861258,143743
2007-03-23,101.4,101.77,101.3,101.51,69789200,101.515971227891407,101890
2007-03-26,101.55,101.66,100.55,101.36,104537700,101.0885444984284924,143359
2007-03-27,101.29,101.83,100.39,100.78,94103100,101.0184861437648657,127125
2007-03-28,100.65,100.82,99.96,100.37,140653100,100.4127290569763449,182884
2007-03-29,100.87,101.18,99.91,100.62,129714900,100.4042371351989359,169822
2007-03-30,100.61,101.08,99.47,100.49,114016200,100.407067775791426,164361
2007-04-02,100.6,1020.2,99.7,100.69,77127800,101.5032333452253749,119439
2007-04-03,101.17,101.89,101.13,101.72,75192700,101.55701551648227,110403
2007-04-04,101.68,101.87,100.12,101.75,58599400,101.6865173235878026,85054
2007-04-05,101.67,102.21,101.63,102.12,46060000,101.973119683575316,68204
2007-04-09,102.32,102.47,102.01,102.2,48142100,102.2498148014892767,77463
2007-04-10,102.14,102.5,102.09,102.33,53169200,102.3481795620776218,75780
2007-04-11,102.48,102.51,101.58,101.87,103030600,101.9554281798724306,135965
2007-04-12,101.73,102.55,100.95,102.41,110253200,102.0049643902406212,122515
2007-04-13,102.54,102.84,102.09,102.78,76842100,102.5293405599957284,108122
2007-04-16,103.22,103.93,102.99,103.78,74655800,103.6623044571317859,109875
2007-04-17,104.0,104.31,103.78,103.9,98080200,104.0706243625955192,128152
2007-04-18,103.74,104.52,103.72,104.1,84048100,104.1067150301495088,123216
2007-04-19,103.7,104.31,103.19,104.23,97374100,104.0111809101535916,133290
2007-04-20,104.89,105.17,104.51,105.15,100892600,104.8242824203405752,127619
2007-04-23,105.0,105.25,99.47,104.87,70585900,104.9686450905565017,100094
2007-04-24,104.9,105.02,104.25,104.92,108197300,104.66010526597737,137936
2007-04-25,105.25,105.91,104.85,105.84,100517500,105.3805032967609486,128034
2007-04-26,105.79,106.01,105.51,105.78,84044800,105.7470712534858585,112375
2007-04-27,105.46,106.13,105.33,105.9,89976800,105.6387992508238264,123339
2007-04-30,105.89,106.02,99.73,104.95,95970400,105.5078821234220887,134518
2007-05-01,105.1,106.11,104.5,105.26,126034600,104.8915101344118587,167442
2007-05-02,105.37,106.11,105.26,105.84,82672600,105.8270368502230768,124478
2007-05-03,106.11,106.43,105.48,106.35,77076100,106.2332337752425211,125700
2007-05-04,106.68,107.25,106.3,106.81,87324900,106.5962634312268877,134343
2007-05-07,106.77,107.0,106.72,106.81,60710000,106.8503134244010716,87947
2007-05-08,106.55,106.8,106.24,106.61,76889100,106.521959115674599,121266
2007-05-09,106.6,108.14,106.41,106.94,96860000,106.878619830325705,126751
2007-05-10,106.67,106.87,105.63,105.84,146568600,106.1907741663555173,165473
2007-05-11,105.97,106.84,105.95,106.79,105646300,106.36839686353306,129894
2007-05-14,106.76,107.07,106.0,106.41,105002600,106.5983864116711224,132567
2007-05-15,106.64,107.32,106.28,106.47,164101500,106.8255453192167787,191041
2007-05-16,106.72,107.33,106.42,107.16,108214200,106.8559747055858827,143024
2007-05-17,107.13,107.54,106.93,107.12,97946300,107.2260809630512944,142127
2007-05-18,107.52,108.02,107.01,107.97,89529300,107.6931366608087749,139776
2007-05-21,107.97,111.59,107.88,108.01,68091400,108.1389625541227858,101653
2007-05-22,108.07,108.39,107.83,107.86,78081400,108.0943799647913981,128487
2007-05-23,108.24,108.63,107.57,107.85,118793200,108.2493575372290639,169715
2007-05-24,107.94,108.42,106.67,106.98,175606400,107.3959193985993949,220774
2007-05-25,107.2,1069.77,106.98,107.42,77950900,107.872174678282488,110993
2007-05-29,107.52,107.92,107.18,107.66,82078200,107.5572659123702039,123418
2007-05-30,107.18,108.65,107.1,108.63,126264100,107.8077776048038117,154572
2007-05-31,108.74,108.9,106.5,108.58,98505200,108.6329093375087401,120464
2007-06-01,108.89,109.26,108.63,108.89,91601900,108.9357878809030056,110133
2007-06-04,108.65,109.26,108.61,109.04,73670200,108.9591406657908049,93409
2007-06-05,108.78,108.91,101.52,108.63,116421400,108.5578973618082037,151625
2007-06-06,108.21,114.57,107.39,107.6,154126300,107.7363039298438198,183863
2007-06-07,107.25,107.92,105.44,105.6,221997900,106.5906021500417124,277443
2007-06-08,105.74,107.01,105.51,106.93,163608900,106.2006814084290763,216867
2007-06-11,106.83,107.53,106.64,107.09,94300400,107.1107323589080221,134901
2007-06-12,106.62,107.24,105.69,105.69,210990700,106.4752535458986337,255284
2007-06-13,106.45,107.61,106.28,107.48,145148600,106.8418215026233511,188573
2007-06-14,107.6,108.36,107.58,108.12,125792500,108.047348092790136,155092
2007-06-15,108.92,109.21,108.07,108.72,123277300,108.873619191899175,137404
2007-06-18,108.99,109.02,108.45,108.5,78289500,108.7314772515743183,105476
2007-06-19,108.48,109.01,108.28,108.79,101109200,108.6710669269361799,140998
2007-06-20,109.16,109.3,107.29,107.46,167582000,108.3604867873260659,211257
2007-06-21,107.37,108.11,106.78,107.92,187684200,107.5239814685137505,224407
2007-06-22,107.67,107.86,106.5,107.1,196688800,107.0726808079819758,242048
2007-06-25,106.78,107.49,105.91,106.61,219607200,106.706665311645185,258165
2007-06-26,106.76,106.93,105.38,105.43,187032600,106.3292784600824192,255102
2007-06-27,105.36,107.01,105.23,106.94,189869600,106.14236180855505,240426
2007-06-28,106.87,107.62,106.37,106.88,149194000,107.129537584111796,206580
2007-06-29,107.2,107.78,80.56,106.83,186545400,106.8651535751074554,266792
2007-07-03,108.15,108.38,108.02,108.2,50940100,108.2190555567026163,73527
2007-07-05,108.33,108.43,107.76,108.27,76627800,108.1359025216124969,123041
2007-07-06,108.3,108.86,107.98,108.68,68985800,108.4606968552550068,116860
2007-07-09,108.85,109.59,108.47,108.78,69510500,108.7798055112845193,114672
2007-07-10,108.22,108.67,107.14,107.25,166414700,107.8750720611162913,228043
2007-07-11,107.13,108.28,106.98,108.2,156650900,107.5545419856835725,213099
2007-07-12,108.28,109.98,108.27,109.76,127814700,109.1195247486613468,188918
2007-07-13,109.85,110.49,109.73,110.1,100698000,110.1479216869125065,170092
2007-07-16,110.15,110.54,109.86,110.05,93726300,110.1884321399051409,171397
2007-07-17,110.17,110.87,108.99,109.4,118455400,110.2225462055831192,179517
2007-07-18,109.68,110.09,108.95,109.88,223704000,109.4691939218608796,289029
2007-07-19,110.3,110.54,109.9,110.02,137281600,110.265188787680517,216035
2007-07-20,110.07,110.15,108.21,109.07,232750200,109.3021771419789146,316324
2007-07-23,109.66,109.96,35.61,109.36,113259500,109.4485833405135188,179124
2007-07-24,108.82,109.65,107.15,107.52,233067500,108.2673838164131346,345959
2007-07-25,108.05,108.31,106.78,108.02,250183200,107.568045470014368,364117
2007-07-26,106.72,107.86,33.76,105.24,429325700,105.3321527487028726,607606
2007-07-27,105.37,105.8,103.02,103.27,366034900,104.669771306788509,555272
2007-07-30,103.69,105.05,103.26,104.69,254506700,104.1601924507235575,385122
2007-07-31,105.42,106.22,103.02,103.05,285169200,104.7529243418785759,436008
2007-08-01,103.2,104.48,102.31,104.28,430498000,103.2760695819022453,569614
2007-08-02,104.31,105.16,103.24,104.89,271472400,104.3961480716628982,349403
2007-08-03,104.66,104.89,101.77,102.06,333816500,103.5411643006083167,442212
2007-08-06,102.5,105.97,101.3,103.98,304126400,102.6797841422391327,457359
2007-08-07,103.72,105.9,102.14,105.08,265121700,104.5411328507944246,409370
2007-08-08,105.48,107.03,104.72,106.56,262094100,106.0627623219729798,403125
2007-08-09,104.79,109.83,102.76,102.76,334594900,104.6868283396273775,466668
2007-08-10,102.51,104.12,26.69,103.09,368919000,102.8283224698786484,565372
2007-08-13,104.12,104.4,102.97,103.0,165511300,103.8567194081296114,273396
2007-08-14,103.54,103.81,101.43,101.56,249696500,102.3272721302330192,392667
2007-08-15,101.42,102.67,99.94,100.12,306699200,101.4211172606615064,461706
2007-08-16,99.35,101.62,97.37,101.23,514518800,99.1482676348655346,761377
2007-08-17,103.45,109.83,100.49,102.91,307756700,102.4303250369687449,456582
2007-08-20,103.15,103.39,101.71,102.7,177703000,102.5838383325197063,265090
2007-08-21,102.76,103.74,102.44,102.98,137455700,103.0436675094709238,223638
2007-08-22,103.77,105.1,103.03,105.02,163175100,103.8666693439523165,248085
2007-08-23,104.71,105.11,103.49,103.99,185706300,104.0827250932462679,321292
2007-08-24,104.11,105.48,103.34,105.46,118470200,104.6782998232077851,197250
2007-08-27,105.09,105.42,104.28,104.33,99820600,104.7422636963540881,159423
2007-08-28,103.88,104.45,101.96,102.05,209183500,103.0486424773823383,282755
2007-08-29,102.62,104.32,102.31,104.17,190807700,103.2561697102567824,301648
2007-08-30,103.37,104.61,103.27,103.96,174535500,103.9555080566556218,291162
2007-08-31,104.95,105.54,104.35,104.88,162401800,104.9711122202773813,236348
2007-09-04,104.81,106.59,104.76,105.8,113956600,105.7770570219199059,185201
2007-09-05,105.31,106.22,104.47,104.92,151567300,104.8957769919051975,247677
2007-09-06,105.15,105.62,104.56,105.22,116177100,105.1793501628534927,184911
2007-09-07,104.1,104.4,103.24,103.94,193113100,103.8268696006615904,291823
2007-09-10,104.13,105.02,102.58,103.54,168432900,103.3578011975891774,246167
2007-09-11,103.93,104.97,103.86,104.73,147597700,104.4416334925668723,235326
2007-09-12,104.67,105.5,104.46,104.99,139242000,105.008069124761838,214583
2007-09-13,105.58,106.22,105.33,105.38,127578400,105.8118817972994347,208475
2007-09-14,105.15,105.96,105.0,105.85,107895600,105.6228330166672239,174101
2007-09-17,105.39,105.82,104.92,105.21,102364500,105.3200706837750713,156700
2007-09-18,105.77,108.46,105.28,108.4,234577800,106.9831313855770716,341926
2007-09-19,109.03,109.73,105.26,108.77,175635200,109.1443995882179949,312157
2007-09-20,108.99,109.05,108.11,108.27,138777200,108.5887090511544346,228022
2007-09-21,109.04,109.34,108.35,108.58,101619200,108.9048316190857375,156659
2007-09-24,108.85,109.13,107.99,108.03,131453700,108.5820681207686864,213647
2007-09-25,107.7,108.33,107.45,108.29,120911300,107.9422537524233928,207765
2007-09-26,108.73,109.09,108.1,108.81,120787500,108.6927502938640808,180078
2007-09-27,109.17,109.48,108.68,109.23,93043500,109.0712119179968009,149371
2007-09-28,109.15,109.39,108.53,109.0,118006000,108.9283962107768491,195083
2007-10-01,108.98,110.5,108.9,110.16,136391800,109.8959726271918246,201067
2007-10-02,110.41,110.43,109.83,110.1,107364200,110.131618544104614,170031
2007-10-03,109.84,110.26,109.26,109.94,106765900,109.8824051350058547,169709
2007-10-04,110.04,110.15,109.68,109.94,69941700,109.9481003603270841,118381
2007-10-05,110.7,111.47,110.42,111.4,109270600,110.9656622742689978,185608
2007-10-08,110.96,111.03,110.52,110.85,66806900,110.7471542422224097,106617
2007-10-09,111.11,111.76,110.7,111.57,90061700,111.1656042643767734,139724
2007-10-10,111.42,111.71,110.97,111.57,97134600,111.3384112701129869,157357
2007-10-11,112.05,112.48,110.35,110.88,215341900,111.4198162232283407,300437
2007-10-12,111.01,111.82,110.79,111.7,108531300,111.3048495789162838,174999
2007-10-15,111.59,111.65,109.93,110.58,153013300,110.6207623413329255,237382
2007-10-16,110.26,111.74,109.59,110.22,155093300,109.9402454964300541,231534
2007-10-17,110.67,110.75,108.88,110.08,188981500,109.731020485352883,311311
2007-10-18,109.58,110.1,109.31,109.88,124063600,109.7024573439089656,208604
2007-10-19,109.33,111.74,106.59,106.68,275127500,108.1593336273977352,414235
2007-10-22,106.28,107.87,106.15,107.8,235592400,106.9953856135553915,356486
2007-10-23,108.04,108.5,107.1,108.04,166547100,107.9094061397628871,249303
2007-10-24,107.98,108.5,105.68,108.38,303450200,107.3160068762641431,442256
2007-10-25,108.31,108.75,107.03,108.53,219882200,107.9586775587538244,316169
2007-10-26,109.3,109.95,108.47,109.83,151580300,109.1126284730907748,233242
2007-10-29,109.91,110.28,109.65,109.91,99463900,109.9616678525132629,165151
2007-10-30,109.56,109.79,109.15,109.18,120463500,109.48823378307924,174794
2007-10-31,109.95,110.87,109.14,110.49,201464800,110.0109392715041352,302645
2007-11-01,109.49,110.18,107.53,107.84,292953700,108.6513337387704345,426390
2007-11-02,108.21,108.23,106.55,108.1,294039800,107.3488544889247569,447707
2007-11-05,106.85,107.94,105.68,107.28,206385200,107.1467702632085382,294062
2007-11-06,107.71,108.62,106.75,108.35,159210000,107.7994380452036355,265581
2007-11-07,107.42,107.92,104.51,105.06,276939800,106.6247788533198289,430615
2007-11-08,105.67,106.61,103.59,105.33,349815000,104.9124185237530445,443181
2007-11-09,103.91,105.36,103.43,103.45,252618800,104.3468683231621521,382221
2007-11-12,103.68,104.69,102.43,102.74,230428700,103.8884299029861995,316962
2007-11-13,103.73,105.9,103.7,105.65,177579600,104.6346419732103115,251548
2007-11-14,106.55,106.68,104.81,105.33,191045100,105.9535450293862173,269324
2007-11-15,104.82,105.4,103.1,103.91,234905900,104.3061658466043703,348822
2007-11-16,104.46,104.59,103.23,104.22,278293600,103.8920002956666036,390544
2007-11-19,103.74,106.18,102.25,102.79,251673100,102.8808650885495418,368980
2007-11-20,102.57,103.92,101.48,102.88,385571600,102.7316226745046955,510427
2007-11-21,102.17,102.76,101.16,101.31,231119000,101.8911522375154378,377494
2007-11-23,102.16,103.07,101.81,102.79,75619100,102.5788098677793504,117439
2007-11-26,103.1,103.5,100.44,100.59,193274900,102.2217705997296439,281190
2007-11-27,101.21,102.28,100.65,101.83,255176800,101.5362552050740812,377615
2007-11-28,102.98,105.31,102.93,105.0,227970900,104.3761455431421515,363139
2007-11-29,104.69,105.83,104.33,105.73,181517600,104.9466942934857309,289054
2007-11-30,106.43,107.02,105.21,106.08,199753400,105.954973186458459,312277
2007-12-03,105.83,106.0,105.18,105.23,138434400,105.5229556721182653,210812
2007-12-04,104.73,111.75,104.48,104.71,125618800,104.838868434534818,189816
2007-12-05,105.63,106.54,105.56,106.3,150786100,105.9921052703356279,236403
2007-12-06,106.13,107.98,106.09,107.78,136789700,107.0789328022792386,232621
2007-12-07,108.13,108.18,107.5,107.74,113132100,107.8765585271025448,182837
2007-12-10,108.0,115.4,107.73,108.58,97632400,108.4042625652800718,181226
2007-12-11,108.64,109.18,105.56,105.67,224218700,107.2067528602409265,354043
2007-12-12,108.2,108.36,105.11,106.61,244989900,106.7833042883339296,372723
2007-12-13,105.91,106.68,105.18,106.48,199353300,105.8699978406625329,312528
2007-12-14,105.72,106.47,105.04,105.06,129839800,105.7386073900202708,214464
2007-12-17,104.7,104.88,103.44,103.55,147416600,104.2019103803340179,233625
2007-12-18,104.32,104.6,102.8,104.23,227114900,103.8612949186144779,334897
2007-12-19,104.22,104.89,103.5,104.15,178252000,104.2690337627274016,283496
2007-12-20,104.86,104.87,103.67,104.87,161128300,104.271175998335606,240456
2007-12-21,105.23,105.99,105.03,105.91,121138200,105.4544041326525881,183146
2007-12-24,106.21,106.74,106.03,106.54,43367500,106.4776786748833235,66998
2007-12-26,106.24,106.88,106.04,106.83,57294600,106.4983869524302326,98099
2007-12-27,106.4,106.42,105.2,105.45,105103900,105.8271531284965567,144849
2007-12-28,106.07,106.12,104.9,105.24,95164700,105.4194142843837709,147054
2007-12-31,105.05,105.21,104.3,104.53,88895600,104.7817421516469032,154836
2008-01-02,104.63,104.96,102.74,103.44,168286300,103.6177941378045558,244774
2008-01-03,103.48,103.89,102.91,103.44,106945000,103.4592687027904033,168465
2008-01-04,102.36,102.43,100.62,100.91,188076600,101.3948676549264626,314092
2008-01-07,101.26,101.56,100.04,100.82,207934700,100.8364582396965863,314257
2008-01-08,101.47,102.04,98.86,99.19,294744000,100.7871868207056637,406913
2008-01-09,99.26,100.54,98.33,100.24,273627000,99.4325798377247246,388734
2008-01-10,99.76,101.97,99.52,100.89,288195600,100.7350590875704031,408457
2008-01-11,100.51,101.33,99.26,100.08,237144200,100.3144668298076784,342345
2008-01-14,100.8,101.3,100.26,100.89,136303300,100.7079241031985272,197694
2008-01-15,99.79,100.04,98.47,98.66,199119000,99.0891080618607682,298704
2008-01-16,98.09,99.34,97.31,97.81,314943700,98.3850266252664852,421836
2008-01-17,98.24,98.46,94.92,95.28,339283400,96.5455603162739502,446932
2008-01-18,95.83,96.41,93.62,94.3,322777500,94.8082072379435899,447249
2008-01-22,90.3,94.44,89.97,93.34,350737000,93.0722823166854869,495301
2008-01-23,90.77,95.82,90.57,95.59,412555400,92.6645434725726168,564540
2008-01-24,95.89,96.73,95.19,96.39,227823700,96.0399927127153869,329322
2008-01-25,97.47,97.66,94.69,95.24,232244200,96.0142858854158589,348855
2008-01-28,95.18,96.77,94.3,96.57,191487800,95.6065470413029597,294710
2008-01-29,97.19,97.44,96.31,97.05,141161000,96.9847186159752416,219714
2008-01-30,96.81,98.93,96.1,96.34,300343900,97.4924284551419976,384398
2008-01-31,95.27,98.93,95.12,98.09,287799100,97.236074260682291,409007
2008-02-01,98.49,99.69,98.2,99.67,171445900,98.9869948311985454,273039
2008-02-04,99.39,99.47,98.29,98.41,110252000,98.8556043805561796,187434
2008-02-05,97.01,97.29,95.45,95.78,238255500,96.4234528866009483,360419
2008-02-06,96.1,96.58,94.55,95.01,211722300,95.6165441408084311,308107
2008-02-07,94.32,96.25,94.07,95.64,259497200,95.0916964167752164,393093
2008-02-08,95.17,95.84,94.33,95.02,186168200,95.1116906157859862,276327
2008-02-11,95.06,95.85,94.29,95.51,170601100,95.1523930923437013,267516
2008-02-12,96.34,97.34,95.67,96.39,223766800,96.6076851489146732,350612
2008-02-13,97.16,97.9,96.5,97.38,157313100,97.2232208470325762,255657
2008-02-14,97.79,97.83,96.25,96.52,183625200,96.9418739038092855,280378
2008-02-15,96.08,97.19,95.23,96.5,129169600,96.0507038907570061,218684
2008-02-19,97.59,97.75,96.12,96.77,133518700,96.946158375025844,229618
2008-02-20,95.69,98.26,95.52,97.06,200978900,96.5205675675104837,342155
2008-02-21,97.59,97.84,95.74,96.25,179917800,96.7533571702789725,292508
2008-02-22,96.39,97.01,94.87,96.84,189777300,95.6686718739437208,306820
2008-02-25,96.79,98.29,96.24,98.06,173713500,97.2732063445595774,330741
2008-02-26,97.63,99.22,97.47,98.8,179968100,98.4557204003405136,303168
2008-02-27,98.23,99.36,98.12,98.7,152355200,98.740637736244333,279478
2008-02-28,98.01,98.51,97.51,97.74,147069100,97.9522950323902865,270771
2008-02-29,96.82,96.89,94.82,95.56,207259200,95.8571886074740342,338292
2008-03-03,95.09,95.55,94.43,95.33,172811500,95.0045788353711229,293128
2008-03-04,94.42,95.26,93.54,94.97,263821400,94.3283464616847837,424501
2008-03-05,95.26,96.24,94.5,95.57,242097400,95.3923234804732048,405720
2008-03-06,94.96,95.13,93.22,93.59,221546100,94.1948137754341588,369418
2008-03-07,92.63,94.07,91.82,92.62,280326400,92.8659136197528616,476628
2008-03-10,92.67,92.78,91.11,91.4,218141400,91.8483517058109326,374971
2008-03-11,93.34,94.77,92.08,94.69,273546300,93.1586858195536694,480846
2008-03-12,94.79,95.52,93.66,93.8,200411200,94.5954118341860806,336310
2008-03-13,92.55,94.72,91.83,94.01,315117400,93.3893331867138767,571284
2008-03-14,94.82,94.84,91.24,92.55,415148000,92.5738554984881258,686300
2008-03-17,90.22,92.3,90.02,91.62,337856000,91.1771178818772733,598115
2008-03-18,93.26,95.47,92.82,95.42,290015800,93.9327469526856815,519276
2008-03-19,95.8,96.17,92.84,93.06,294949500,94.6891332461385433,482089
2008-03-20,93.31,95.38,92.76,94.78,217830700,94.1846507855698309,365434
2008-03-24,95.67,97.46,95.61,96.68,186632300,96.7673426427342378,317894
2008-03-25,96.75,97.27,96.0,96.77,163318400,96.731461955638325,309391
2008-03-26,96.49,96.58,95.52,95.59,170810400,96.1107260688788339,292679
2008-03-27,96.3,96.48,94.98,95.28,195411800,95.7547896528872486,355793
2008-03-28,95.44,95.7,94.05,94.37,154694500,94.9467565794871029,280790
2008-03-31,93.84,95.25,93.84,94.7,148075800,94.7199906370409224,243223
2008-04-01,95.1,98.2,94.21,98.03,223437700,97.154136449628258,376357
2008-04-02,98.36,98.79,97.58,98.1,193731300,98.2441917236024014,355580
2008-04-03,97.55,98.63,97.39,98.34,151901500,98.0238843048333408,269766
2008-04-04,98.28,99.0,97.68,98.23,160104400,98.333893441342117,299304
2008-04-07,98.94,99.44,98.13,98.28,139674300,98.7615912315255185,267022
2008-04-08,97.72,98.26,97.56,98.18,136012100,97.9212655397390827,240429
2008-04-09,98.03,98.17,96.8,97.47,173592700,97.3342574988497871,294167
2008-04-10,97.16,98.08,96.81,97.61,172799900,97.5825518535536856,288844
2008-04-11,96.49,96.96,95.45,95.72,186429500,96.2104743790055845,295179
2008-04-14,95.58,95.83,95.12,95.39,143221200,95.4462157438623666,265445
2008-04-15,95.85,95.94,94.96,95.61,145117900,95.4167935804437294,286069
2008-04-16,96.55,98.27,96.45,98.21,160603400,97.1943228191757105,277890
2008-04-17,97.61,98.49,97.35,98.35,153598800,97.7720018814200465,282996
2008-04-18,99.71,100.15,99.22,99.38,181054100,99.6815720486650402,287803
2008-04-21,99.18,99.73,98.22,99.43,104764600,99.3105657440931464,206760
2008-04-22,99.17,99.3,98.05,98.99,143203000,98.7178167932685133,265551
2008-04-23,99.1,99.59,98.4,98.83,166541200,98.9589350105531493,289520
2008-04-24,99.1,100.28,98.34,99.26,203657700,99.4304072389935662,341676
2008-04-25,100.04,100.39,98.97,100.18,171785900,99.7160175082771561,290183
2008-04-28,100.38,100.65,100.0,100.2,96905700,100.3711988546486734,186072
2008-04-29,100.04,100.27,99.47,99.81,116652500,99.8738925314991329,204447
2008-04-30,99.95,100.89,99.22,99.22,181117600,100.063342559365682,308621
2008-05-01,99.31,101.27,99.22,101.27,168757900,100.3948801081319924,290751
2008-05-02,102.14,102.17,100.87,101.55,153956500,101.4533603774617152,291802
2008-05-05,101.22,101.62,100.76,101.06,109837900,101.0694370255354291,191881
2008-05-06,100.47,102.04,100.24,101.94,159432000,101.2366410274024269,266440
2008-05-07,101.82,101.93,99.84,100.12,173899300,100.8390830143796293,323634
2008-05-08,100.28,100.72,99.73,99.86,154124600,100.1989715565883379,301808
2008-05-09,99.46,100.03,99.35,99.68,135205000,99.6636317051171591,280470
2008-05-12,99.93,100.87,99.55,100.8,135094500,100.3094840728437176,263643
2008-05-13,101.05,101.1,100.27,100.81,136342600,100.6733142399963677,260935
2008-05-14,101.25,102.04,100.8,101.02,157214800,101.5696138036525633,250501
2008-05-15,101.21,102.58,101.06,102.28,148263700,101.6471160877797963,275141
2008-05-16,102.52,102.53,101.62,102.37,181704100,102.0920366077691999,287639
2008-05-19,102.48,103.55,102.12,102.65,155040600,102.8426605818158705,293793
2008-05-20,102.09,102.15,101.18,101.82,153943300,101.6320461991994577,281744
2008-05-21,101.76,102.09,99.75,100.1,232953100,100.8929040450234919,400711
2008-05-22,100.06,100.59,99.75,100.11,156598800,100.2298289474908104,274551
2008-05-23,99.78,99.89,98.67,98.77,154654400,99.1347503773232769,299723
2008-05-27,98.89,99.75,98.69,99.5,142210400,99.254591872223637,254178
2008-05-28,99.88,100.47,99.03,99.96,148035400,99.5416373689909842,270545
2008-05-29,99.84,101.13,99.81,100.47,159562900,100.508263079355126,309483
2008-05-30,100.8,101.0,100.42,100.72,99268100,100.740769931736691,181855
2008-06-02,100.34,100.37,99.03,99.68,158978700,99.5459430514425146,290995
2008-06-03,99.99,100.19,98.31,99.1,244540000,99.3593634785437299,409011
2008-06-04,98.87,99.93,98.64,99.05,224532800,99.2330634599659842,379160
2008-06-05,99.45,101.1,99.26,101.03,204600800,100.2764738407153787,334421
2008-06-06,100.15,100.32,97.75,97.8,316461300,99.0371549084221999,503852
2008-06-09,98.2,98.67,96.88,98.04,209319000,97.9499700894157609,341185
2008-06-10,97.36,98.38,97.13,97.55,229831600,97.7590848340654944,421119
2008-06-11,97.57,97.66,96.1,96.12,246945000,96.7278738869286842,430174
2008-06-12,96.59,97.5,95.82,96.48,215476900,96.7415085480251542,400729
2008-06-13,97.0,97.97,96.6,97.7,215004300,97.298376811753816,399683
2008-06-16,97.28,98.26,97.21,97.76,161470700,97.8021416585805814,310552
2008-06-17,98.36,98.4,97.14,97.29,168496600,97.7232041469696315,309359
2008-06-18,96.66,96.94,95.95,96.34,239718600,96.4393931626775379,391758
2008-06-19,96.27,97.05,94.72,96.46,274540400,96.3938459935429229,469320
2008-06-20,95.8,95.99,94.64,94.9,253298300,95.3092991122388307,439605
2008-06-23,95.23,95.36,94.71,94.8,136108300,94.9818724038254566,261178
2008-06-24,94.5,95.52,93.89,94.61,239484300,94.7532506712989077,438411
2008-06-25,94.99,96.21,94.65,95.06,249138900,95.487436550516655,459233
2008-06-26,94.17,94.78,92.37,92.48,272077600,93.3483448827761824,521994
2008-06-27,92.52,92.93,91.62,91.98,274054700,92.2751930278882474,488836
2008-06-30,92.23,92.97,91.81,92.3,234043300,92.4872270637330691,408469
2008-07-01,91.25,92.66,90.82,92.59,337712200,91.8316524427027181,619006
2008-07-02,92.88,93.15,90.84,91.0,268532900,92.2095634453648836,508382
2008-07-03,91.25,91.75,90.14,91.1,220576100,91.1039574013169646,394597
2008-07-07,91.44,91.84,89.37,90.16,332160900,90.5378121015272881,631396
2008-07-08,90.14,91.87,89.57,91.77,336217900,90.5717086990942961,583408
2008-07-09,91.95,92.13,89.71,90.0,305077000,91.2575738966739778,529404
2008-07-10,89.75,90.72,89.13,90.37,387254400,89.8901707267361186,766808
2008-07-11,89.38,90.8,88.34,89.31,431516000,89.2583958444230229,894324
2008-07-14,90.34,90.51,88.28,88.51,297233600,89.1300214961904282,602741
2008-07-15,87.86,89.06,86.56,87.26,448507400,87.8650293231571563,861493
2008-07-16,87.59,89.84,87.34,89.4,315325600,88.5436824787012366,641155
2008-07-17,90.26,91.06,89.49,90.29,317994200,90.3596746632495568,640244
2008-07-18,90.99,91.17,90.26,90.86,209045900,90.6474351404675404,413074
2008-07-21,91.24,91.45,90.29,90.91,185536900,90.9647649900311913,368870
2008-07-22,90.25,92.17,90.04,91.94,273527200,90.9510621101636884,496522
2008-07-23,92.24,93.14,91.99,92.44,280195600,92.4966027183793697,549375
2008-07-24,92.56,92.61,90.27,90.52,232062500,91.3347427464542566,480912
2008-07-25,90.79,91.23,90.27,90.5,191875300,90.7015254557340444,407526
2008-07-28,90.5,90.92,89.01,89.17,181314700,89.9356065915599603,369689
2008-07-29,89.42,91.15,89.17,91.07,240974900,90.2825058134692962,467062
2008-07-30,91.6,92.75,91.07,92.7,322770900,91.9109849050936494,590423
2008-07-31,91.87,92.73,91.33,91.47,246057600,92.1489822922663595,510472
2008-08-01,91.68,91.79,90.48,90.99,219384600,90.9662073984382714,452235
2008-08-04,90.9,90.97,89.98,90.14,178215200,90.4354011046227009,356154
2008-08-05,90.88,92.72,90.13,92.57,227612400,91.792707415710871,464531
2008-08-06,92.32,93.25,91.94,92.98,193122000,92.6466131927184855,404259
2008-08-07,92.29,93.07,91.26,91.6,218330000,92.1100372652744846,426866
2008-08-08,91.3,93.71,91.15,93.3,238398700,92.7504665980302158,481479
2008-08-11,93.36,94.85,93.2,94.27,228103800,94.078924740976226,458104
2008-08-12,93.96,94.26,92.84,93.29,200063500,93.5841786573384185,413063
2008-08-13,92.88,93.5,92.08,92.73,243686000,92.6970974869672852,510596
2008-08-14,92.2,93.96,92.13,93.42,206303000,93.2452126816681363,461380
2008-08-15,93.69,94.12,93.25,93.88,166714100,93.7276982938456344,351211
2008-08-18,94.07,94.1,92.07,92.6,159835100,92.9170647690511608,365718
2008-08-19,91.9,92.4,91.25,91.59,165557800,91.603030710176216,390855
2008-08-20,91.87,92.28,91.12,92.01,208323100,91.6917388272133085,428311
2008-08-21,91.41,92.63,91.3,92.17,167148800,91.983826529652578,363914
2008-08-22,92.81,93.5,92.17,93.5,143320300,93.1579469730380483,312201
2008-08-25,92.88,93.5,91.41,91.61,156515300,92.0371956407154817,331328
2008-08-26,91.6,92.22,91.29,91.87,150808600,91.7335686710193714,331120
2008-08-27,91.99,92.91,91.81,92.77,154362800,92.4526092619624704,350316
2008-08-28,93.18,94.05,92.77,93.89,145413300,93.574803002692126,322523
2008-08-29,93.53,93.86,92.68,92.88,167724700,93.2329522102077042,343077
2008-09-02,93.8,94.27,91.97,92.31,226464500,93.0562571803370254,457985
2008-09-03,92.23,92.67,91.54,92.23,240063400,92.0371956407155466,478340
2008-09-04,91.57,91.76,89.4,89.45,306515300,90.3791471767454996,617952
2008-09-05,88.92,90.11,87.99,89.73,251092500,89.0939612860126784,568554
2008-09-08,92.35,92.49,89.73,91.59,329262900,91.2655071429130325,657985
2008-09-09,91.67,91.85,88.56,88.87,342126200,90.2666393209911052,643268
2008-09-10,89.35,90.08,88.38,89.23,262108600,89.2461353729626088,557087
2008-09-11,88.07,90.68,87.7,90.52,333797800,89.0478042169852736,688187
2008-09-12,89.64,91.02,89.31,90.94,264632300,90.2067793720961705,545369
2008-09-15,87.87,90.62,86.42,86.61,389814500,88.1838015811278613,853178
2008-09-16,84.53,88.28,84.38,88.06,466980200,86.3389612284373651,1062415
2008-09-17,86.25,86.82,83.66,84.1,514055700,85.239846022221439,1178345
2008-09-18,85.14,87.84,82.05,86.59,665274900,84.8308691003572248,1442560
2008-09-19,92.06,92.85,84.52,90.03,348627600,90.5627345723877868,785452
2008-09-22,90.27,90.49,87.31,88.0,214741300,88.7986149520460283,466241
2008-09-23,87.67,88.51,85.8,85.99,288655900,87.1331467578417759,674727
2008-09-24,86.46,87.05,85.44,86.27,252702400,86.1241457743322348,546845
2008-09-25,86.73,88.43,85.91,87.62,255792300,87.6394606949301058,614559
2008-09-26,86.19,88.13,85.96,87.66,245757600,86.9039272676987999,562484
2008-09-29,86.45,87.9,80.5,80.79,399725600,83.5809700387574278,889984
2008-09-30,82.34,84.72,81.76,84.14,261026300,83.320559288879719,648609
2008-10-01,83.56,84.64,82.66,84.19,294989800,83.7543354126314979,670640
2008-10-02,83.38,84.17,80.56,81.13,321948300,81.8001667213482736,733030
2008-10-03,81.85,83.74,79.56,80.04,398127100,81.8197519309491564,959733
2008-10-06,77.7,78.07,73.0,75.96,526529700,75.5669924213497179,1350892
2008-10-07,77.48,77.85,72.28,72.56,471570600,75.0599531061281441,1214658
2008-10-08,70.79,74.12,70.22,70.73,602343100,72.3629972062800259,1542435
2008-10-09,72.29,72.99,65.47,65.79,479445800,69.8074900424379005,1105004
2008-10-10,62.96,68.14,60.63,64.2,771963400,63.8129651483160359,1637874
2008-10-13,68.09,73.52,65.25,73.52,405360200,69.7908063453704464,897657
2008-10-14,75.95,76.55,70.44,72.43,473400900,72.9483773599047883,1087986
2008-10-15,70.7,70.94,65.05,65.3,439449300,68.5359021746503683,1054135
2008-10-16,66.22,68.74,62.77,68.02,626911100,65.6365657755935477,1655835
2008-10-17,66.73,71.52,66.48,67.61,419672400,69.0530967837389371,1022349
2008-10-20,69.16,71.89,68.19,71.67,290359900,69.9097683592420988,737960
2008-10-21,70.33,71.55,67.83,69.53,320100500,70.2876903667248433,885166
2008-10-22,67.61,69.32,63.49,65.75,427775400,66.0957301340130367,1062088
2008-10-23,65.49,67.06,62.24,66.51,566424700,64.6964757147534325,1403925
2008-10-24,60.93,65.23,60.79,63.14,506632700,63.4060280154984607,1396919
2008-10-27,62.35,64.93,60.71,60.9,355875600,63.2631285232257442,1045700
2008-10-28,63.35,68.36,61.32,68.01,503326800,64.1995916933988682,1451623
2008-10-29,68.02,70.48,66.81,67.52,487478200,68.5039855367820268,1406509
2008-10-30,69.47,70.04,67.39,69.85,372219800,68.7382826738586857,1167588
2008-10-31,68.95,71.5,68.53,70.24,361210700,70.0432379357809091,1076743
2008-11-03,70.18,70.86,69.6,70.44,176865200,70.2354631411224515,575399
2008-11-04,71.83,73.16,70.15,72.84,309324000,72.3717017438799966,884827
2008-11-05,71.88,73.05,68.91,69.77,351069400,71.0000116936883224,1029568
2008-11-06,68.5,69.77,65.33,65.91,436787100,66.7768602012419048,1237736
2008-11-07,66.44,68.21,65.91,68.08,330353600,66.934267256181877,998472
2008-11-10,69.06,69.3,65.95,67.19,262806600,67.3063862385977334,779246
2008-11-11,65.84,66.76,64.3,65.12,383900700,65.3181247750464245,1150263
2008-11-12,64.0,65.39,61.74,62.25,385916700,63.1405396186871177,1106894
2008-11-13,62.48,66.54,59.55,66.13,681876700,62.7060381168019789,1962398
2008-11-14,64.85,66.78,62.73,62.83,492042000,64.8081839472914025,1435022
2008-11-17,62.66,64.24,61.77,62.0,376618400,62.8960871877433368,1140672
2008-11-18,61.76,63.29,60.14,63.17,479159700,61.6992132676923517,1446025
2008-11-19,62.32,63.01,58.7,59.12,499364000,60.6510418649810853,1510923
2008-11-20,58.12,59.85,54.43,54.73,742211300,57.3665296771079924,2266262
2008-11-21,56.19,58.68,53.92,57.68,643736500,55.7772261869070575,1988247
2008-11-24,59.4,63.1,58.88,61.68,464448000,61.0594297540652358,1306951
2008-11-25,63.33,63.48,60.8,62.14,400863200,62.2214855237146464,1218988
2008-11-26,61.15,64.7,61.11,64.54,321391900,63.2239581040240966,973412
2008-11-28,64.28,65.44,64.18,65.35,103174900,64.7102578992873003,289747
2008-12-01,63.48,65.31,59.35,59.56,329933900,61.4982835247505668,1003456
2008-12-02,60.53,62.02,59.65,61.85,423871600,60.9063749679253828,1257351
2008-12-03,60.49,63.71,60.31,63.34,455766600,62.0880159471756333,1310615
2008-12-04,62.43,63.87,60.74,61.87,385677600,62.6023090437308604,1116299
2008-12-05,60.66,64.14,59.66,63.78,413517200,61.7717510810288467,1218227
2008-12-08,65.53,67.01,65.14,66.01,377118400,66.044228286543999,1154836
2008-12-09,65.55,66.83,64.54,64.92,330159900,65.5292098118553949,1004924
2008-12-10,65.5,66.27,64.56,65.36,323819600,65.3877610758494082,916227
2008-12-11,64.96,66.01,63.38,63.79,323155700,64.764661259289563,842205
2008-12-12,62.03,64.7,61.8,64.55,354561000,63.3538007898961934,1041011
2008-12-15,64.58,64.67,62.59,63.65,233698000,63.4372192752330583,670809
2008-12-16,64.08,66.76,63.96,66.65,325222000,65.2825812465116511,898622
2008-12-17,65.89,67.05,65.33,66.0,237668700,66.1501334940152523,695119
2008-12-18,66.31,66.51,63.98,64.77,306223400,65.4542126478418394,810564
2008-12-19,65.16,66.27,64.21,64.49,261354500,65.1158544485789835,723026
2008-12-22,64.72,64.84,62.52,63.66,217546000,63.5450884835551895,598721
2008-12-23,64.01,64.3,62.71,63.01,190437400,63.4756179217873757,561978
2008-12-24,63.0,63.53,62.77,63.37,54952900,63.2650124292702195,163064
2008-12-26,63.78,63.84,63.25,63.74,71543400,63.5589825959087083,193470
2008-12-29,63.8,63.9,62.6,63.55,113088500,63.1443530325155445,338311
2008-12-30,63.97,65.17,63.69,65.06,149497700,64.401404565977352,429818
2008-12-31,65.14,66.52,64.99,65.99,173031000,65.8683303228850099,489755
2009-01-02,66.15,68.33,65.7,67.98,205042300,67.2833359757347214,576989
2009-01-05,67.73,69.14,67.2,67.9,215011300,67.8391004698772607,639155
2009-01-06,68.47,69.07,67.77,68.35,297184800,68.335632169249355,864173
2009-01-07,67.28,68.37,65.96,66.3,244515400,66.7107522929537266,682548
2009-01-08,65.93,66.61,65.57,66.57,232374600,66.067966779333683,649555
2009-01-09,66.67,66.78,64.84,65.15,285879500,65.5297527429008946,762402
2009-01-12,64.95,65.02,63.19,63.58,251231400,63.9092604810327005,617851
2009-01-13,63.42,64.26,63.04,63.7,319943000,63.6964611813018306,908810
2009-01-14,62.56,62.71,60.81,61.7,364403300,61.7461665683044434,1014645
2009-01-15,61.51,62.34,59.76,61.72,460162500,61.0251352640616814,1185041
2009-01-16,62.79,62.86,60.73,62.2,369600700,61.9406841412543354,1024623
2009-01-20,61.6,62.2,58.54,58.92,359835400,60.0978860817291114,997588
2009-01-21,59.92,61.6,58.85,61.46,330598300,60.0847232384468376,913822
2009-01-22,60.26,61.46,59.36,60.51,382867700,60.332623453597211,1126146
2009-01-23,59.16,61.42,58.92,60.78,351951400,60.3626054855180579,1020372
2009-01-26,61.13,62.42,60.56,61.19,296186300,61.5399486902147215,887941
2009-01-27,61.52,62.27,60.91,61.86,247328700,61.7615232188004988,719251
2009-01-28,63.18,64.32,62.94,63.9,294812400,63.5940835113283057,805489
2009-01-29,62.98,63.15,61.76,61.84,258811800,62.4533037601936044,706337
2009-01-30,62.14,62.45,60.12,60.47,322350200,60.9907656177133206,953211
2009-02-02,59.64,60.83,59.46,60.34,258372900,60.1571188764995456,725604
2009-02-03,60.78,61.69,60.12,61.22,257113300,60.8744938353861924,753577
2009-02-04,61.65,62.43,60.72,60.94,291206100,61.525323308789937,868541
2009-02-05,60.48,62.37,60.05,61.84,364515800,61.5801684891329606,982012
2009-02-06,62.06,63.87,61.92,63.61,328167100,63.2979195374761028,871747
2009-02-09,63.59,64.16,63.12,63.72,219441400,63.6416160009589089,602005
2009-02-10,63.09,63.64,60.29,60.64,444252200,61.6101505210537762,1254495
2009-02-11,61.02,61.46,60.26,61.16,295003000,60.9871092723571383,855129
2009-02-12,60.09,61.5,59.27,61.14,419365200,60.1432247641460076,1201155
2009-02-13,61.1,61.6,60.22,60.51,268114000,61.0148974970642397,795253
2009-02-17,58.62,60.67,57.8,57.91,423633700,58.3128582788318571,1098558
2009-02-18,58.36,58.46,57.16,57.75,336411100,57.8580089165204854,938994
2009-02-19,58.38,58.61,57.01,57.24,285250500,57.8053575433912118,818416
2009-02-20,56.1,57.29,55.41,56.59,440200700,56.3881580833278164,1201210
2009-02-23,57.22,57.24,54.46,54.59,353791800,55.540617229760502,1020697
2009-02-24,55.06,57.0,54.63,56.65,392661500,55.8587192757499555,1083985
2009-02-25,56.41,57.35,55.31,56.18,416277700,56.1366015228212228,1205491
2009-02-26,56.91,58.26,55.23,55.24,319817200,56.3055246782777196,897986
2009-02-27,54.12,55.27,53.92,54.06,401908400,54.5797296701509581,1090759
2009-03-02,53.02,53.32,51.46,51.61,368370000,52.2638005215333764,1058034
2009-03-03,52.36,52.43,50.77,51.24,413141900,51.594689321348662,1177239
2009-03-04,52.1,53.29,51.24,52.41,403075300,52.3332710833012327,1152477
2009-03-05,51.26,51.83,49.85,50.3,405592600,50.720091512145506,1205059
2009-03-06,50.74,51.52,49.07,50.34,421686400,50.0429363521771527,1146956
2009-03-09,49.69,51.19,49.53,49.81,310493700,50.2623170735492175,941737
2009-03-10,50.85,53.14,50.73,52.77,367705700,52.2140742246891513,1063944
2009-03-11,53.4,53.93,52.53,53.1,324439500,53.2619828037762749,981355
2009-03-12,53.1,55.39,52.63,55.23,335534700,54.209707520103519,989844
2009-03-13,55.58,55.86,54.65,55.69,301374900,55.3570686928792859,881787
2009-03-16,56.27,57.02,55.44,55.55,293233900,56.334775441127365,847115
2009-03-17,55.62,57.43,55.17,57.21,323398100,56.291630565924202,821607
2009-03-18,56.89,59.16,56.36,58.42,416564300,57.6956671827052711,1129929
2009-03-19,59.19,59.24,57.54,57.65,343606100,58.143035121317657,945131
2009-03-20,58.01,58.08,56.37,56.45,318028300,57.1401982020336795,920675
2009-03-23,57.99,60.59,57.74,60.56,348149500,59.088276676994121,1071745
2009-03-24,59.84,60.66,59.3,59.36,298312300,60.008182164792083,965291
2009-03-25,59.82,60.91,58.23,59.89,398763800,59.7268339691645167,1203411
2009-03-26,60.58,61.35,60.01,61.21,362693500,60.7564799835292418,1062684
2009-03-27,60.42,60.78,59.89,60.11,289563500,60.3322481492845653,892980
2009-03-30,58.77,58.83,57.42,58.01,297063400,58.008547737753235,900885
2009-03-31,58.6,59.72,58.22,58.51,328316900,58.9107768991242864,949296
2009-04-01,57.84,59.97,57.69,59.66,320630000,59.1295214386566917,956288
2009-04-02,61.19,62.32,60.93,61.42,379775300,61.6579726312991177,1120294
2009-04-03,61.49,62.32,60.89,62.07,256030400,61.510669911075274,820558
2009-04-06,61.37,62.07,60.61,61.48,232176600,61.1357844881055759,701345
2009-04-07,60.58,60.87,60.03,60.11,236568900,60.4110551046041976,599577
2009-04-08,60.44,61.09,60.06,60.76,202931900,60.5517292024179618,586294
2009-04-09,62.36,63.21,62.11,63.21,232619900,62.6132307719507603,627556
2009-04-13,62.54,63.74,62.29,63.21,186496600,62.9652842732857422,527212
2009-04-14,62.62,63.16,61.93,62.15,238095700,62.4077434772384394,614651
2009-04-15,61.74,62.91,61.58,62.83,215731800,62.1462811488410493,593215
2009-04-16,63.28,64.19,62.43,63.8,246023600,63.3114456658116686,652462
2009-04-17,63.95,64.56,63.44,64.18,212687500,64.0435401853242012,572136
2009-04-20,63.01,63.09,61.38,61.43,222914100,61.9827751293925141,557715
2009-04-21,61.01,62.83,60.95,62.66,261420300,61.9665718301679031,665311
2009-04-22,62.09,63.59,61.92,62.29,297264200,62.9225664844206552,760388
2009-04-23,62.4,62.91,61.59,62.88,259120100,62.2420279169864393,637384
2009-04-24,63.35,64.31,63.11,63.84,247949700,63.7342044728540594,657862
2009-04-27,63.11,64.08,63.0,63.22,253608900,63.4351799507996006,665047
2009-04-28,62.58,63.77,62.43,63.02,225359600,63.2215910064750441,556694
2009-04-29,63.73,65.08,63.56,64.34,255615200,64.3779173602322231,629846
2009-04-30,65.22,65.56,64.02,64.48,263773700,64.8065682760836701,668526
2009-05-01,64.4,64.97,63.87,64.7,191659800,64.4221081762994493,499544
2009-05-04,65.22,66.97,65.09,66.96,245141200,66.1455500029184812,617055
2009-05-05,66.7,66.97,66.17,66.7,215523200,66.5403212931184245,529833
2009-05-06,67.53,67.91,66.74,67.84,255904900,67.3357559823272455,620212
2009-05-07,68.5,68.61,66.49,66.95,273491100,67.2908286526589582,686386
2009-05-08,67.77,68.66,67.35,68.49,255022800,68.069323529041996,678393
2009-05-11,67.53,67.84,67.05,67.13,213505900,67.4543346721074037,513475
2009-05-12,67.49,67.63,66.18,67.03,259160200,66.8430283831784011,634618
2009-05-13,66.08,66.29,65.18,65.4,237777800,65.6410381861517574,648138
2009-05-14,65.38,66.37,65.18,65.88,212884700,65.8575731848808094,549421
2009-05-15,65.82,66.29,64.92,65.35,208003800,65.5320341731861148,529571
2009-05-18,65.96,67.27,65.82,67.2,185975200,66.5027590994612893,461895
2009-05-19,67.16,67.74,66.88,67.11,182972400,67.3696356079785889,444140
2009-05-20,67.72,68.35,66.59,66.66,251894600,67.5405067634382679,606165
2009-05-21,65.87,66.14,65.0,65.73,228469800,65.5740154484498325,562844
2009-05-22,65.88,66.29,65.31,65.58,147955200,65.8885067561277713,383335
2009-05-26,65.08,67.44,65.05,67.24,216583900,66.7671674822630118,532908
2009-05-27,67.34,67.58,65.94,66.07,215516900,66.8805905768353959,497024
2009-05-28,66.62,67.27,65.62,66.97,254813800,66.552105510736212,594633
2009-05-29,67.34,68.27,66.79,68.06,202680800,67.2392727005804959,425484
2009-06-01,68.97,70.09,68.81,69.81,231109100,69.6299958498135349,540208
2009-06-02,69.53,70.24,64.47,69.88,205833700,69.87230882458176,507046
2009-06-03,69.27,69.33,68.32,68.97,203955500,68.7336587972514332,511114
2009-06-04,69.22,69.73,68.72,69.67,185672800,69.3434920589781483,481825
2009-06-05,70.34,70.46,69.08,69.62,234479600,69.7036472099254739,588027
2009-06-08,69.12,70.04,68.53,69.45,196845600,69.128430087451426,494707
2009-06-09,69.74,70.07,69.25,69.69,190574400,69.6668215298695184,477613
2009-06-10,70.32,70.33,68.64,69.48,248703400,69.3486476541859969,588790
2009-06-11,69.67,70.79,69.64,69.86,224489900,70.2538228699616069,562318
2009-06-12,69.53,70.06,69.23,70.04,157306800,69.6793422610885459,386760
2009-06-15,69.2,69.25,68.07,68.41,185303700,68.4523106016238808,505887
2009-06-16,68.66,68.71,67.45,67.49,200230600,68.0273422537780762,530483
2009-06-17,67.46,68.0,66.9,67.41,196558700,67.4609632945173279,553400
2009-06-18,67.52,68.26,67.2,67.82,169193200,67.9226085457353025,500404
2009-06-19,68.56,68.66,67.79,68.17,163593000,68.2797653810855632,429651
2009-06-22,67.49,67.54,66.11,66.12,193953500,66.6673007801783988,498879
2009-06-23,66.29,66.57,65.81,66.19,170707100,66.2251136571919384,440072
2009-06-24,66.77,67.46,66.37,66.77,185173100,66.9235767342041204,492327
2009-06-25,66.42,68.27,66.34,68.14,224220700,67.6057448083591261,573968
2009-06-26,67.96,68.32,67.6,68.06,138146300,67.922016000176902,394935
2009-06-29,68.22,68.75,67.85,68.65,131361300,68.4716020056307976,359146
2009-06-30,68.68,68.93,67.6,68.08,204387900,68.0805219370598667,492932
2009-07-01,68.39,69.05,68.3,68.39,142028700,68.6878811344616754,411299
2009-07-02,67.5,67.52,66.48,66.55,145917700,66.8746917256327315,417429
2009-07-06,65.88,66.61,65.67,66.51,150244200,66.1147520469323658,412290
2009-07-07,66.45,66.53,65.18,65.26,177256000,65.7940367634262767,468573
2009-07-08,65.62,65.77,64.44,65.18,211467600,65.0452073139466833,571685
2009-07-09,65.63,65.85,65.11,65.33,138315400,65.4822096632967738,417473
2009-07-10,64.96,65.54,64.7,65.14,146593000,65.115572099011454,421303
2009-07-13,65.4,66.79,64.88,66.76,183221600,66.0799399953739207,490623
2009-07-14,66.94,67.25,66.46,67.13,157482200,66.9295021897884885,442934
2009-07-15,68.0,69.26,67.91,69.07,177476100,68.701954091474666,393959
2009-07-16,68.88,70.0,68.75,69.74,174451800,69.3174607903051258,417008
2009-07-17,69.67,69.86,69.28,69.75,115785000,69.5744774262788318,311840
2009-07-20,70.13,70.58,69.76,70.42,135015200,70.1899841251092434,367217
2009-07-21,71.01,71.03,69.94,70.79,189249500,70.460333036147931,404950
2009-07-22,70.34,71.2,70.28,70.77,169241000,70.7980840044592367,368179
2009-07-23,70.82,72.65,70.76,72.36,213250900,72.0927960496524725,448753
2009-07-24,71.99,72.69,71.62,72.63,133140000,72.1661235625095041,336938
2009-07-27,72.35,72.87,72.24,72.85,74013900,72.5460934018596401,187877
2009-07-28,72.33,72.86,71.89,72.67,168405900,72.3949942844572557,396491
2009-07-29,72.18,72.53,71.83,72.35,160872300,72.1535319693926437,377239
2009-07-30,73.2,73.94,73.03,73.11,182652700,73.5363851664039244,439762
2009-07-31,73.07,73.68,72.87,73.19,167560200,73.3126992180925674,408481
2009-08-03,73.96,74.46,73.56,74.4,147684800,74.087452535754014,358010
2009-08-04,74.06,74.76,73.91,74.57,152975000,74.3252114410784378,369463
2009-08-05,74.65,74.71,73.76,74.34,161364600,74.2022582377019932,360348
2009-08-06,74.71,74.82,73.64,73.99,164468900,74.0718982148449573,338303
2009-08-07,74.75,75.57,74.36,74.96,175780800,75.0318220195191593,363380
2009-08-10,74.64,74.97,74.27,74.79,111413700,74.6459267245845182,263217
2009-08-11,74.47,74.52,73.67,73.82,140193400,73.9763502435463867,341211
2009-08-12,73.73,75.22,73.72,74.64,187618000,74.7325865125064987,425420
2009-08-13,75.0,75.26,74.26,75.23,148869400,74.8792415382206514,353684
2009-08-14,75.19,75.25,73.85,74.61,162804500,74.2541059740655817,357230
2009-08-17,73.22,73.29,72.67,72.79,187078700,72.9290259690022573,421821
2009-08-18,72.99,73.65,72.85,73.45,156010100,73.3334383126381221,383081
2009-08-19,72.82,74.29,72.77,74.08,165459600,73.7222963353648849,377097
2009-08-20,74.13,74.97,73.97,74.82,145032900,74.6133367188702051,310108
2009-08-21,75.42,76.39,75.27,76.27,181587700,75.9932271880892359,397905
2009-08-24,76.59,76.99,75.99,76.26,158188900,76.4805959099067928,401940
2009-08-25,76.56,77.22,76.25,76.39,185044100,76.6257695717248288,404698
2009-08-26,76.17,76.76,75.91,76.42,161892800,76.3398663397771559,349196
2009-08-27,76.38,76.82,75.51,76.61,166640900,76.1458076693876978,340019
2009-08-28,77.2,77.29,76.05,76.53,126768800,76.5754031992572966,295746
2009-08-31,75.82,75.98,75.39,75.96,142872600,75.6836221338038456,306563
2009-09-01,75.52,76.47,74.06,74.22,290196100,74.9703454178306971,562069
2009-09-02,73.91,74.39,73.75,73.92,144612500,74.1393002721174388,339807
2009-09-03,74.37,74.64,73.76,74.55,114618800,74.2311448336757534,288696
2009-09-04,74.7,75.62,74.48,75.61,111351200,75.1673668160122898,272880
2009-09-08,76.29,76.33,75.84,76.21,119204700,76.1450669874396854,272035
2009-09-09,76.37,77.09,76.14,76.85,137948300,76.688727537309199,332968
2009-09-10,76.89,77.67,76.45,77.64,138848400,77.1568385284775528,305611
2009-09-11,77.76,77.99,77.24,77.62,130180400,77.6612429351002613,288988
2009-09-14,76.94,78.11,76.4,78.02,121896500,77.5945815597757368,279082
2009-09-15,78.1,78.59,77.59,78.32,169733600,78.1315759721127853,349414
2009-09-16,78.59,79.5,78.31,79.5,175039000,79.0344672667870043,355115
2009-09-17,79.38,80.04,78.93,79.37,177052400,79.4540850878487072,449685
2009-09-18,79.74,79.75,79.15,79.42,129265400,79.4788673482582213,304550
2009-09-21,78.8,79.63,78.63,79.21,114408100,79.0628528266686984,280081
2009-09-22,79.69,79.91,79.33,79.69,124969700,79.6656645663601347,279318
2009-09-23,79.88,80.4,78.88,78.99,198787800,79.7311552244994458,422952
2009-09-24,79.2,79.36,77.81,78.11,188738300,78.3164081662852755,471677
2009-09-25,77.98,78.41,77.47,77.73,166564700,77.904114704817274,369883
2009-09-28,78.03,79.3,78.02,79.12,104198500,78.9080567256120864,247626
2009-09-29,79.26,79.65,78.72,78.91,124983000,79.1156918803947322,303805
2009-09-30,79.15,79.23,77.86,78.56,203118600,78.5277643811894811,482955
2009-10-01,78.4,78.43,76.62,76.69,216196800,77.3943294681646823,470110
2009-10-02,75.92,76.73,75.9,76.31,180073900,76.358386330324566,437177
2009-10-05,76.58,77.64,76.36,77.41,132810300,77.0683646015167536,335137
2009-10-06,77.96,78.97,77.93,78.55,190567400,78.4533431787585158,444782
2009-10-07,78.34,78.82,78.19,78.72,140010400,78.5180896248734768,328901
2009-10-08,79.3,79.76,79.0,79.36,155590100,79.4170977502404544,359741
2009-10-09,79.36,79.82,79.15,79.82,112327900,79.5436137943732619,253925
2009-10-12,80.2,80.44,79.84,80.2,103824300,80.1888456194504821,234416
2009-10-13,79.92,80.11,79.45,80.0,139457600,79.8472523002920435,322604
2009-10-14,80.91,81.43,80.57,81.35,157659400,80.9992925139246544,323011
2009-10-15,80.96,81.64,80.92,81.6,132503500,81.2500919661172586,302230
2009-10-16,80.97,81.32,80.55,81.01,157184400,80.9256155235178957,384267
2009-10-19,81.16,81.96,80.92,81.76,125101400,81.6073137377862234,299961
2009-10-20,81.83,81.86,80.88,81.27,165788200,81.307396291989098,366766
2009-10-21,81.15,82.09,80.49,80.49,197200300,81.4294470639759697,420847
2009-10-22,80.52,81.63,80.0,81.37,194618800,80.7938899952148582,428665
2009-10-23,81.63,81.68,80.1,80.43,204288900,80.7328646092214093,492741
2009-10-26,80.52,81.35,79.34,79.5,216007700,80.1546118663322015,548900
2009-10-27,79.65,79.92,79.01,79.18,223107000,79.4371914748968604,532301
2009-10-28,78.99,79.24,77.66,77.68,219243800,78.363293523816873,576399
2009-10-29,78.28,79.53,78.1,79.37,164596000,78.895405121198833,425189
2009-10-30,79.11,79.35,76.98,77.07,289860900,77.9443021541300689,739091
2009-11-02,77.49,78.45,76.71,77.67,235049500,77.5967551387771232,637950
2009-11-03,77.2,78.01,77.06,77.88,200339700,77.5602887495858332,549050
2009-11-04,78.51,79.13,77.88,78.08,215715700,78.6416288209089005,579506
2009-11-05,78.63,79.54,78.47,79.53,150987100,79.1454603613670549,426486
2009-11-06,79.08,79.93,78.92,79.75,143110600,79.5287295538869097,406278
2009-11-09,80.34,81.59,80.28,81.59,132223400,81.0059904221431479,350857
2009-11-10,81.36,81.97,81.1,81.54,147832400,81.4577271208995622,390986
2009-11-11,82.09,82.47,81.58,81.97,155275600,81.947418632895875,420691
2009-11-12,81.86,82.29,80.93,81.11,138682400,81.5447999277438347,391798
2009-11-13,81.36,81.93,80.93,81.57,128649400,81.4748439974587758,366092
2009-11-16,82.15,83.12,82.1,82.77,168718300,82.752656043199775,372712
2009-11-17,82.55,83.02,82.24,82.85,129711300,82.6067904864348779,318981
2009-11-18,82.8,82.93,82.29,82.81,123542600,82.6149768187022517,299275
2009-11-19,82.24,82.84,81.22,81.69,168517700,81.5887084371781427,442463
2009-11-20,81.31,81.68,81.13,81.44,112123400,81.3952133108574279,318415
2009-11-23,82.39,83.16,82.31,82.55,124941500,82.6908864451818834,341128
2009-11-24,82.61,82.76,81.87,82.6,123945900,82.3701310627040659,357875
2009-11-25,82.73,82.98,82.47,82.88,83903500,82.7831687361963618,216529
2009-11-27,80.67,82.1,80.59,81.49,103490100,81.4941935100907324,290114
2009-11-30,81.48,81.97,81.13,81.77,133906000,81.5514978359626533,378794
2009-12-01,82.56,83.1,82.41,82.79,143281400,82.7839129482207799,385768
2009-12-02,82.82,83.36,82.55,82.85,110418100,82.8985215999645551,304108
2009-12-03,83.01,83.49,82.08,82.15,143413200,82.8263330336063591,392926
2009-12-04,83.23,83.63,81.89,82.61,225640800,82.7027938375708255,621143
2009-12-07,82.57,83.0,82.23,82.46,111273200,82.6707927205254764,312232
2009-12-08,81.92,82.44,81.32,81.57,143650700,81.6869444243870141,390427
2009-12-09,81.55,82.0,81.13,81.84,125649600,81.5611725922785583,370733
2009-12-10,82.38,82.7,82.2,82.35,105177400,82.4430638410864315,301078
2009-12-11,82.69,82.88,82.32,82.74,100870100,82.6432568756259072,294383
2009-12-14,83.25,83.35,82.88,83.28,84615200,83.156018960375843,254910
2009-12-15,82.95,83.29,82.61,82.83,106323500,82.9684775302496032,265024
2009-12-16,83.2,83.45,82.81,82.97,107537400,83.1909969255183837,298648
2009-12-17,82.39,82.56,81.92,81.96,142659700,82.2077316649228832,334440
2009-12-18,82.45,82.53,81.77,82.45,133876900,82.1929168725761531,364243
2009-12-21,82.87,83.58,82.87,83.3,93357400,83.3182425134565937,259840
2009-12-22,83.47,83.78,83.37,83.61,82735700,83.5838612651271123,228679
2009-12-23,83.8,83.88,83.43,83.78,80159100,83.7252751920728473,198907
2009-12-24,83.94,84.25,83.79,84.25,25581700,84.1061201064399644,78749
2009-12-28,84.47,84.54,84.04,84.3,51364100,84.2722253539634772,136572
2009-12-29,84.56,84.57,84.05,84.26,66111900,84.3792210764674423,188766
2009-12-30,83.97,84.29,83.93,84.14,58643400,84.1195880994824753,173957
2009-12-31,84.38,84.4,83.37,83.38,64296200,83.9347773060666091,178473
2010-01-04,84.08,84.84,84.05,84.8,93429700,84.6014429616679299,247680
2010-01-05,84.74,85.09,84.44,85.04,102606400,84.8236648468683762,253436
2010-01-06,84.93,85.29,84.87,85.1,94360100,85.0780602710035162,254745
2010-01-07,84.93,85.54,84.68,85.45,105439300,85.1873006590145314,295859
2010-01-08,85.21,85.76,85.04,85.76,94393400,85.3900687764869652,258221
2010-01-11,86.1,86.14,85.48,85.85,88388000,85.742481261097778,260406
2010-01-12,85.27,85.87,84.71,85.05,147522800,85.0952693732243586,392603
2010-01-13,85.26,86.0,84.83,85.78,141503100,85.4252352027644862,393367
2010-01-14,85.66,86.15,85.61,86.0,98393600,85.8928738500718826,286411
2010-01-15,85.84,85.93,84.7,85.05,167948100,85.1162195846238051,475697
2010-01-19,84.99,86.15,84.98,86.14,125089600,85.7544528104688542,335606
2010-01-20,85.51,85.63,84.53,85.19,177551800,84.982287876034962,510476
2010-01-21,85.24,85.5,83.47,83.54,288283500,84.0986378880829873,765927
2010-01-22,83.21,83.52,81.62,81.71,282080100,82.7308883724383747,755747
2010-01-25,82.45,82.61,81.86,82.14,155246100,82.3036537042584434,463184
2010-01-26,81.81,82.66,81.57,81.77,192826900,82.1435342314202987,540630
2010-01-27,81.68,82.36,81.05,82.16,230534600,81.6878671334840635,607224
2010-01-28,82.45,82.49,80.74,81.21,264612400,81.4521772552411905,621957
2010-01-29,81.59,82.15,80.22,80.34,263685100,81.1715940668567137,654035
2010-02-01,80.92,81.61,80.87,81.6,156953200,81.2553949124541501,439376
2010-02-02,81.74,82.75,81.47,82.61,193576400,82.2445441792386954,502340
2010-02-03,82.21,82.62,81.94,82.17,142060400,82.2639979469666806,386624
2010-02-04,81.53,81.58,79.63,79.68,288175300,80.3754860336806685,695456
2010-02-05,79.73,79.97,78.25,79.81,385881400,79.2322030687436375,881843
2010-02-08,79.87,80.31,79.17,79.21,179858300,79.7694263467703638,455005
2010-02-09,80.16,80.92,79.21,80.21,313995400,80.2318274412279222,803099
2010-02-10,80.1,80.51,79.39,80.07,203911900,79.9938928974779253,560295
2010-02-11,79.95,81.0,79.5,80.91,179512600,80.4061631289441761,496999
2010-02-12,80.05,80.86,79.69,80.84,244226400,80.3066496247971634,645513
2010-02-16,81.45,82.27,80.67,82.12,145719000,81.6938529081697201,383373
2010-02-17,82.51,82.61,82.11,82.5,146364300,82.3926921027058297,429649
2010-02-18,82.36,83.16,82.33,82.99,150471300,82.7466010309880594,417542
2010-02-19,82.77,83.48,82.57,83.19,169721900,83.1117332868055828,453901
2010-02-22,83.46,83.49,82.93,83.16,113204100,83.1760803646750915,329296
2010-02-23,82.95,83.2,81.95,82.16,184908500,82.3762312223206109,521092
2010-02-24,82.41,83.05,82.2,82.93,155968700,82.7271472632600652,425577
2010-02-25,81.74,82.87,81.51,82.81,221088600,82.1308144602136948,584920
2010-02-26,82.88,83.14,82.39,82.87,149025200,82.8610789718488912,389743
2010-03-01,83.19,83.8,83.18,83.7,130716600,83.5756308249345277,349447
2010-03-02,84.08,84.35,83.8,83.94,148743900,84.0911556697261375,381509
2010-03-03,84.17,84.53,83.82,84.03,128777000,84.2026407232441681,371555
2010-03-04,84.14,84.4,83.82,84.29,115660800,84.1285667615106582,335127
2010-03-05,84.83,85.55,84.62,85.47,152839700,85.1940346555357228,394677
2010-03-08,85.49,85.69,85.35,85.51,102257800,85.5322309252685032,312985
2010-03-09,85.23,86.04,85.2,85.64,143210000,85.6556875281576099,396809
2010-03-10,85.68,86.26,85.6,86.04,157787300,85.9789193611764441,447446
2010-03-11,85.82,86.4,85.56,86.38,123538800,85.9759264738336774,336630
2010-03-12,86.75,86.77,86.15,86.39,136704400,86.3814627087786484,384814
2010-03-15,86.23,86.47,85.75,86.42,125975700,86.0874115273518105,352469
2010-03-16,86.65,87.18,86.41,87.1,156808700,86.8416191377291278,433822
2010-03-17,87.36,87.9,87.32,87.64,146751000,87.5816105332283196,379143
2010-03-18,87.62,87.74,87.22,87.56,153675900,87.5012917359059008,412839
2010-03-19,87.86,87.88,86.79,87.1,186681600,87.1875463945440627,488284
2010-03-22,86.63,87.75,86.58,87.59,163513000,87.3843885387892235,402177
2010-03-23,87.71,88.29,87.44,88.2,171215200,87.8419338282752833,379614
2010-03-24,87.87,88.14,86.84,87.79,152567900,87.8607164756268569,397790
2010-03-25,88.38,88.78,87.53,87.62,196106900,88.2589085994817568,497276
2010-03-26,87.8,88.22,87.24,87.65,173386600,87.7502745091992602,474181
2010-03-29,88.02,88.3,87.67,88.14,104622600,88.1003830558338982,284643
2010-03-30,88.25,88.53,87.84,88.2,134758300,88.1860319277573782,330102
2010-03-31,87.87,88.29,87.61,87.9,138683200,87.9801741127833756,369044
2010-04-01,88.5,88.84,87.98,88.52,128441400,88.4670203321380011,381507
2010-04-05,88.84,89.29,88.59,89.23,89130800,89.0973659772591338,265270
2010-04-06,88.98,89.59,88.87,89.44,102731900,89.2731715564704958,303697
2010-04-07,89.25,89.68,88.51,88.92,159145200,89.0552928471914332,436396
2010-04-08,88.61,89.38,88.35,89.24,129811400,88.8997725271198108,357450
2010-04-09,89.43,89.86,89.26,89.82,112110500,89.5226051133003481,322922
2010-04-12,89.92,90.19,89.83,89.96,92462000,90.0132078621252931,268725
2010-04-13,89.86,90.34,89.41,90.06,118690500,89.8313918357613959,315624
2010-04-14,90.37,91.05,90.22,91.05,130332400,90.6210143304244608,325174
2010-04-15,90.9,91.34,90.87,91.15,124182000,91.0898292083214985,321230
2010-04-16,90.8,90.97,89.22,89.71,328437000,89.9936739088795286,859801
2010-04-19,89.41,90.1,89.01,90.01,191410000,89.5721913023086797,532308
2010-04-20,90.58,91.14,90.06,90.82,143514200,90.645056119034584,359602
2010-04-21,90.87,91.08,90.15,90.65,173417000,90.6630874604921525,408426
2010-04-22,90.02,91.04,89.5,90.92,208532000,90.1799977706077841,523850
2010-04-23,90.86,91.55,90.63,91.5,153291000,91.0680413373934811,435674
2010-04-26,91.55,91.75,91.08,91.17,126703900,91.4542125669433208,349781
2010-04-27,90.65,91.16,88.84,88.98,326972100,89.9080250369560314,803529
2010-04-28,89.44,89.92,88.86,89.67,253446500,89.455738888728387,716598
2010-04-29,90.23,90.99,90.21,90.8,168819800,90.6675952958564469,469126
2010-04-30,90.82,90.92,89.24,89.3,240134800,90.0725610277563435,615425
2010-05-03,89.7,90.67,89.56,90.43,162691600,90.2077960886881905,459615
2010-05-04,89.42,90.45,87.84,88.34,323621300,88.503083015052971,792986
2010-05-05,87.56,88.5,87.13,87.77,271780800,87.8126328984065602,706504
2010-05-06,87.35,87.9,78.89,84.7,553908400,85.6255814407810853,1480725
2010-05-07,84.63,85.48,82.2,83.39,555502700,83.9561797441669821,1493601
2010-05-10,87.01,87.64,86.33,87.28,327237100,86.9876990267223247,977523
2010-05-11,86.45,88.17,86.22,87.02,275110400,87.2551639250097893,852517
2010-05-12,87.37,88.37,87.22,88.26,196453800,87.87273736993183,618899
2010-05-13,88.0,88.41,87.07,87.17,203038900,87.8171407337709373,639303
2010-05-14,86.49,86.65,84.8,85.59,300080300,85.4497758615697396,898120
2010-05-17,85.79,86.04,83.97,85.58,281327900,85.0380602316216833,817733
2010-05-18,86.31,86.57,83.63,84.47,324903500,85.2123631990448893,952462
2010-05-19,83.97,84.72,82.91,83.95,350194900,83.8600125897265807,1096454
2010-05-20,82.18,82.56,80.75,80.8,446390500,81.7826517926346846,1399031
2010-05-21,79.57,82.18,79.37,81.91,427230200,81.1432904767847523,1258381
2010-05-24,81.53,82.19,80.85,80.92,223150000,81.6331419197156303,656347
2010-05-25,78.97,81.85,78.42,80.99,351301100,79.7338406195173781,1015759
2010-05-26,81.52,82.25,80.28,80.52,300290300,81.4828807409023791,940499
2010-05-27,82.04,83.24,81.73,83.24,243555900,82.4580757913997819,757340
2010-05-28,83.13,83.15,81.78,82.22,251567300,82.5384655220647766,817224
2010-06-01,81.4,82.61,80.51,80.78,251952700,81.7894135456812027,783526
2010-06-02,81.2,82.9,80.85,82.85,196639200,81.8269788403844745,640527
2010-06-03,83.13,83.44,82.33,83.17,200276000,82.9772281641991252,613955
2010-06-04,81.6,82.14,79.98,80.34,298653700,81.0786781698949987,908706
2010-06-07,80.55,80.85,79.2,79.26,220249600,80.0944674486687919,717027
2010-06-08,79.32,80.26,78.62,80.07,328102900,79.3942503553995168,995467
2010-06-09,80.57,81.35,79.34,79.63,225435400,80.4400681599390591,714908
2010-06-10,81.04,82.1,80.91,82.04,242404800,81.4693572348092611,721781
2010-06-11,81.29,82.46,81.23,82.4,174107900,81.835243205219296,574852
2010-06-14,83.03,83.49,82.19,82.32,183085500,82.8570192211487352,573308
2010-06-15,82.85,84.22,82.71,84.11,196006800,83.5271840786553973,557466
2010-06-16,83.71,84.46,83.55,84.12,174755300,84.0252998864209402,550684
2010-06-17,84.36,84.39,83.43,84.25,209061300,83.8823054684960009,615726
2010-06-18,84.42,84.64,84.07,84.29,143397700,84.3415004304737812,421189
2010-06-21,85.38,85.45,83.63,84.1,183989400,84.6351496828318207,588362
2010-06-22,84.1,84.47,82.59,82.71,217204900,83.5284920891124202,623267
2010-06-23,82.77,83.06,81.89,82.48,230601900,82.4044722002665053,691953
2010-06-24,82.05,82.15,80.88,81.13,231764900,81.4533203802894459,704061
2010-06-25,81.33,81.84,80.6,81.49,195848800,81.2593156043099657,621553
2010-06-28,81.56,81.77,80.88,81.14,143202800,81.3363136087843559,474254
2010-06-29,80.03,81.16,78.17,78.66,331886200,78.9705121771905732,940742
2010-06-30,78.45,79.17,77.66,77.92,225140500,78.5787282132476257,640657
2010-07-01,77.87,78.12,76.34,77.61,321785700,77.2607035484221946,948159
2010-07-02,77.84,78.07,76.71,77.15,165740100,77.3686517311656384,492902
2010-07-06,78.24,80.17,76.91,77.65,226819600,77.8865010553753856,680820
2010-07-07,77.85,80.2,77.77,80.13,216396700,79.1026165966316808,643157
2010-07-08,80.76,80.98,79.95,80.9,183478400,80.4832965003920447,580415
2010-07-09,80.87,81.5,80.72,81.47,124343600,81.1264563024717775,407391
2010-07-12,81.23,81.71,80.89,81.55,115501700,81.3687735518468937,374373
2010-07-13,82.4,83.34,81.53,82.78,189177200,82.6981214526243363,544797
2010-07-14,82.52,83.1,82.18,82.79,161916200,82.6135746241819478,489442
2010-07-15,82.75,83.08,81.66,82.8,197273600,82.3108667830622987,551653
2010-07-16,82.35,82.42,80.36,80.49,227420800,81.0788987114729495,651465
2010-07-19,80.81,81.25,80.18,80.99,158359200,80.768642046385211,457874
2010-07-20,79.92,82.32,79.88,81.89,218422300,81.0026555893954391,581455
2010-07-21,82.3,82.34,80.49,80.83,223520300,81.3325391968001893,680610
2010-07-22,81.78,82.99,81.78,82.64,207706600,82.5856439755001731,589526
2010-07-23,82.47,83.47,82.23,83.35,190200800,82.8853322870325524,546520
2010-07-26,83.48,84.3,83.26,84.22,141273500,83.9225407002456048,385488
2010-07-27,84.68,84.77,83.87,84.21,182713900,84.2750707795545368,513384
2010-07-28,84.04,84.29,83.38,83.64,137653500,83.8357292246128119,411539
2010-07-29,84.18,84.41,82.59,83.26,189716500,83.4363964367017921,533063
2010-07-30,82.41,83.69,82.27,83.24,183098200,83.0936798285513781,503249
2010-08-02,84.53,85.26,84.2,85.12,137824700,84.8487814011280937,376566
2010-08-03,84.91,85.13,84.43,84.71,134323600,84.76498945508247,381406
2010-08-04,84.95,85.38,84.67,85.28,133084900,85.0676972962021959,378995
2010-08-05,84.73,85.23,84.61,85.19,114082200,84.9506905246970813,320594
2010-08-06,84.34,84.98,83.73,84.86,196670500,84.3588627256003126,566295
2010-08-09,85.24,85.44,84.79,85.31,88503000,85.158283183819101,274744
2010-08-10,84.57,85.32,84.07,84.84,209372000,84.7053537457347701,577377
2010-08-11,83.53,83.56,82.37,82.51,221819800,82.7909719874317119,615015
2010-08-12,81.26,82.3,81.23,81.98,189065300,81.9507878797852688,532069
2010-08-13,81.75,82.25,81.66,81.74,129682200,81.9417292910235743,375789
2010-08-16,81.2,81.99,80.91,81.72,126708500,81.6171298603964832,404538
2010-08-17,82.42,83.33,81.72,82.73,155193600,82.7970110466060775,417686
2010-08-18,82.69,83.32,82.21,82.87,157206600,82.7758743394955683,433917
2010-08-19,82.45,82.65,81.1,81.44,200156000,81.6360019203167036,510540
2010-08-20,81.2,81.48,80.58,81.17,157214500,80.9973714126178209,413228
2010-08-23,81.56,81.96,80.83,80.87,125584000,81.3144220192768243,361046
2010-08-24,79.99,80.86,79.24,79.69,241696700,79.8771259357559035,617108
2010-08-25,79.22,80.27,78.73,79.93,202416300,79.4951554429714424,529458
2010-08-26,80.35,80.46,79.17,79.44,187451300,79.8288134623602758,492013
2010-08-27,79.93,80.75,78.74,80.64,225938100,79.9828094713089587,574754
2010-08-30,80.46,80.7,79.49,79.52,133059300,80.1285017738927703,361569
2010-08-31,79.2,80.0,78.88,79.62,240592900,79.5155372676853004,601700
2010-09-01,80.57,81.99,80.52,81.86,209679400,81.5288086199700829,554109
2010-09-02,82.07,82.65,81.9,82.64,132785800,82.2882203111581237,371933
2010-09-03,83.44,83.78,83.0,83.73,164395900,83.4522489670347679,423655
2010-09-07,83.32,83.74,82.7,82.8,124236400,83.0113976472994197,354526
2010-09-08,82.93,83.68,82.89,83.35,125908500,83.3593984322274672,372627
2010-09-09,84.28,84.31,83.51,83.75,122474600,83.9029137579286598,326151
2010-09-10,83.88,84.25,83.69,84.2,100168300,84.043321883734797,286841
2010-09-13,84.98,85.26,84.64,85.09,125569800,84.9914541741246098,338784
2010-09-14,84.92,85.52,84.61,85.04,177073300,85.140166006295566,456259
2010-09-15,84.8,85.46,84.53,85.41,138747600,85.080530296947807,387199
2010-09-16,85.1,85.39,84.81,85.38,135389300,85.1092994001004012,406555
2010-09-17,85.78,85.87,85.14,85.39,149920500,85.4273638629389445,415250
2010-09-20,85.67,86.87,85.47,86.69,165031300,86.3145443856263266,420518
2010-09-21,86.74,87.15,86.15,86.52,228864500,86.6014171294892927,588748
2010-09-22,86.37,86.85,85.83,86.08,163673900,86.2143666020551143,502207
2010-09-23,85.37,86.27,85.14,85.38,172535100,85.7043706129653708,501112
2010-09-24,86.32,87.2,86.25,87.12,151279000,86.9269949260956316,438955
2010-09-27,87.18,87.27,86.64,86.76,106574900,86.9497626041799938,323655
2010-09-28,86.84,87.31,85.89,87.03,185086600,86.6962824548406806,568850
2010-09-29,86.81,87.21,86.53,86.83,152634300,86.851861588417113,469609
2010-09-30,87.31,87.88,86.21,86.61,241314600,86.954316139796779,692380
2010-10-01,87.25,87.37,86.46,86.98,152794000,86.9307895391095434,493340
2010-10-04,86.8,87.16,85.89,86.33,146389700,86.4428023055013508,452110
2010-10-05,87.12,88.28,86.31,88.07,183376100,87.7602919439831099,540262
2010-10-06,88.05,88.29,87.7,88.08,121859400,88.0114953255139257,412072
2010-10-07,88.41,88.44,87.42,87.95,139116700,87.9120764645455257,453616
2010-10-08,88.07,88.69,87.74,88.46,135616700,88.2862253077318979,427052
2010-10-11,88.59,88.77,88.22,88.54,85207500,88.5526071413189379,281713
2010-10-12,88.24,89.06,87.77,88.79,153081500,88.4653310419955572,472538
2010-10-13,89.29,89.97,89.08,89.46,155104000,89.5847418811434185,456403
2010-10-14,89.41,89.56,88.58,89.21,173784000,89.0808172728761795,549699
2010-10-15,89.77,89.82,88.61,89.34,203255000,89.1529149201433094,600280
2010-10-18,89.35,90.06,89.03,89.77,105024000,89.6591162962190108,330561
2010-10-19,88.94,89.98,88.05,88.57,240296800,88.7317128755827487,626684
2010-10-20,88.75,89.89,88.7,89.45,167117400,89.4284038249642287,482744
2010-10-21,89.86,90.38,88.95,89.64,196240800,89.7114819558130804,567727
2010-10-22,89.78,89.96,89.55,89.84,92817800,89.7471513181452299,290037
2010-10-25,90.42,90.89,90.02,90.08,126436900,90.390717685329855,394525
2010-10-26,89.62,90.24,89.45,90.11,133068000,89.9262570524089076,390011
2010-10-27,89.47,89.94,88.99,89.84,156130400,89.422332444141705,466217
2010-10-28,90.36,90.4,89.42,89.86,141572900,89.8549183277445992,426687
2010-10-29,89.77,90.1,89.61,89.96,123926500,89.8890698448711428,383736
2010-11-01,90.36,90.88,89.44,89.96,143596300,90.2207190223000398,441280
2010-11-02,90.63,91.15,90.39,90.68,128625300,90.6608941319309547,363699
2010-11-03,90.83,91.09,89.89,91.08,200048800,90.6130820079537575,612004
2010-11-04,92.04,92.83,91.93,92.79,183427700,92.4079339636043142,485663
2010-11-05,92.85,93.29,92.73,93.15,150930500,92.9801616061245658,441668
2010-11-08,92.85,93.11,92.54,93.0,118984700,92.8496269184408795,335915
2010-11-09,93.21,93.31,91.92,92.28,174245400,92.6333339766394273,489024
2010-11-10,92.27,92.71,91.57,92.66,190015800,92.1643198081016002,530738
2010-11-11,91.87,92.45,91.59,92.33,136456900,92.0292315848010229,392417
2010-11-12,91.69,92.1,90.81,91.21,216722500,91.3257103319942077,588982
2010-11-15,91.51,91.87,91.06,91.1,138420200,91.5040571436550094,399725
2010-11-16,90.53,90.68,89.24,89.64,264687300,89.8048294359588217,732782
2010-11-17,89.71,90.09,89.45,89.71,140913700,89.817731120206618,422989
2010-11-18,90.59,91.37,90.58,91.09,141239100,91.0912032477252486,404122
2010-11-19,90.99,91.33,90.5,91.27,113994600,90.9477668757937928,353570
2010-11-22,90.84,91.25,90.14,91.21,152647600,90.7633486833104947,438685
2010-11-23,90.14,90.32,89.55,89.87,180120800,89.8996947613103045,517190
2010-11-24,90.46,91.25,90.44,91.21,109602700,90.9538382566162899,348791
2010-11-26,90.43,90.93,90.33,90.52,51300900,90.6350907634351988,164484
2010-11-29,89.95,90.68,89.36,90.43,177682200,89.908042909941219,501968
2010-11-30,89.53,90.44,89.41,89.92,184208500,90.0067028483068075,530258
2010-12-01,91.22,92.01,91.21,91.83,161002900,91.6778504196989565,482863
2010-12-02,91.98,93.08,91.93,93.02,144962900,92.721368998565591,426396
2010-12-03,92.69,93.37,92.67,93.24,113453300,92.9452511663950888,366396
2010-12-06,93.06,93.38,92.97,93.15,88169700,93.1539548821683913,286612
2010-12-07,94.06,94.11,93.17,93.22,168245500,93.6525670322159447,521794
2010-12-08,93.34,93.64,92.9,93.57,116402700,93.3429266102686081,350846
2010-12-09,94.08,94.12,93.46,93.97,96881700,93.7975212493530795,305164
2010-12-10,94.21,94.56,93.9,94.49,97167700,94.2855084829612637,286759
2010-12-13,94.9,95.02,94.5,94.53,100411800,94.8008169302706461,304163
2010-12-14,94.68,95.04,94.33,94.6,116723800,94.7469334254710172,343859
2010-12-15,94.45,94.81,94.02,94.2,124948200,94.4289448548926994,364841
2010-12-16,94.24,94.8,93.91,94.73,129257400,94.4784839557606436,348605
2010-12-17,94.66,94.95,94.46,94.89,99322100,94.7194117494901575,285047
2010-12-20,95.09,95.29,94.59,95.04,87757500,94.9780391151465838,260504
2010-12-21,95.36,95.72,95.26,95.66,71649900,95.5212328742834355,208314
2010-12-22,95.73,95.99,95.68,95.97,62388000,95.8462336346658543,178235
2010-12-23,95.85,95.96,95.59,95.83,57829200,95.7996959670993533,167648
2010-12-27,95.46,95.95,95.39,95.86,48008700,95.7081464571324767,128758
2010-12-28,96.04,96.09,95.75,95.97,47261100,95.9126070293918272,142492
2010-12-29,96.11,96.28,96.05,96.07,45302100,96.1773376957127415,126393
2010-12-30,95.97,96.23,95.77,95.91,58592700,95.9515155711276577,141012
2010-12-31,95.75,96.03,95.62,95.96,68305100,95.8813276134863878,169104
2011-01-03,96.67,97.35,96.63,96.9,111493000,97.0478209529811339,273321
2011-01-04,97.14,97.17,96.27,96.84,117583300,96.6953553396085915,319225
2011-01-05,96.56,97.44,96.48,97.38,98489300,97.0981731834628533,269928
2011-01-06,97.42,97.52,96.9,97.19,97122600,97.1790419172669266,286012
2011-01-07,97.32,97.48,96.24,96.99,129020600,96.8822689224575541,360511
2011-01-10,96.58,97.01,96.28,96.9,103595600,96.6854374760287191,318107
2011-01-11,97.23,97.45,96.85,97.22,97523200,97.201166382175542,299198
2011-01-12,97.82,98.2,97.65,98.14,82791200,97.9793372168941356,262826
2011-01-13,98.13,98.18,97.69,98.0,100789700,97.9472948884057054,292914
2011-01-14,97.81,98.67,97.73,98.63,96668600,98.2852651627001283,293848
2011-01-18,98.55,98.9,98.44,98.82,87149800,98.6918975694697849,256963
2011-01-19,98.73,98.8,97.58,97.86,127688500,98.0670721639457647,366908
2011-01-20,97.62,97.96,96.99,97.76,149486100,97.4925989889035614,424243
2011-01-21,98.32,98.55,97.83,97.93,119506600,98.1212389573428293,322231
2011-01-24,97.87,98.61,97.85,98.54,90231500,98.3020492395274304,283206
2011-01-25,98.22,98.63,97.74,98.54,143346800,98.1639620619940531,412551
2011-01-26,98.79,99.22,98.59,98.94,114990000,98.9657831867873567,367753
2011-01-27,98.95,99.34,98.77,99.2,99534300,99.0802200742459855,315120
2011-01-28,99.29,99.45,97.28,97.44,233432200,97.9862034301417407,673432
2011-01-31,97.71,98.25,97.46,98.16,124104900,97.9091492592529542,375374
2011-02-01,98.77,99.92,98.71,99.72,133770000,99.4784604426020018,390075
2011-02-02,99.48,99.82,99.43,99.54,97049200,99.6089184943048453,290468
2011-02-03,99.38,99.93,98.85,99.76,121200000,99.45557306511028,345047
2011-02-04,99.81,100.09,99.35,100.07,102467900,99.7820996506588623,303399
2011-02-07,100.28,101.01,100.27,100.7,89708300,100.722770865568622,260088
2011-02-08,100.78,101.19,100.5,101.15,85148000,100.8944261967565644,249124
2011-02-09,100.86,101.19,100.41,100.95,120767600,100.7853296973793479,338293
2011-02-10,100.4,101.06,100.17,100.96,139526300,100.7036980509922378,395980
2011-02-11,100.55,101.68,100.53,101.58,112339800,101.2415514220476969,323157
2011-02-14,101.49,101.88,101.38,101.8,75558600,101.6359772274883458,225018
2011-02-15,101.48,101.64,101.21,101.5,87592000,101.4292279174797934,276185
2011-02-16,101.81,102.24,101.61,102.09,112136400,101.9937832289422511,333095
2011-02-17,101.82,102.56,101.73,102.4,93107700,102.2356265177714532,278688
2011-02-18,102.51,102.76,102.28,102.67,99190600,102.5186670860858478,291825
2011-02-22,101.56,102.12,100.3,100.55,190620200,101.11261919551111,549507
2011-02-23,100.51,100.76,99.34,99.95,198334300,100.0552223553935981,577497
2011-02-24,99.85,100.28,98.95,99.88,196768700,99.7149633433499326,592454
2011-02-25,100.32,101.02,100.25,100.95,117057500,100.7571019318063764,367226
2011-02-28,101.33,101.71,100.99,101.58,107804100,101.4002372393237562,324694
2011-03-01,101.9,101.99,99.86,99.86,181027600,100.7151417397382402,549642
2011-03-02,99.75,100.57,99.45,100.06,165800500,100.1086262362076254,445499
2011-03-03,101.0,101.94,101.0,101.83,133463200,101.5467164552708154,404013
2011-03-04,101.75,101.95,100.4,101.06,204546700,100.9676658047302766,575553
2011-03-07,101.36,101.59,99.74,100.22,177737200,100.5045778668144719,494577
2011-03-08,100.43,101.47,99.99,101.13,131138700,100.9379122139910186,395118
2011-03-09,100.94,101.31,100.4,101.0,136275700,100.8990036722551622,438705
2011-03-10,99.93,100.08,99.03,99.13,232257900,99.4296340372865889,651385
2011-03-11,98.81,100.18,98.79,99.82,162971900,99.4853266558498185,449365
2011-03-14,99.17,99.54,98.46,99.22,179267600,99.000114253025318,478498
2011-03-15,96.57,98.67,96.51,98.08,254400000,97.5887259743691065,758847
2011-03-16,97.77,98.09,95.58,96.29,377139800,96.8998159118683025,1003922
2011-03-17,97.65,97.95,96.96,97.54,176739200,97.5054259135744398,536555
2011-03-18,98.72,98.75,97.7,97.89,160491000,98.2021575903996383,469887
2011-03-21,99.12,99.62,99.0,99.41,119502700,99.3836821099910566,360769
2011-03-22,99.4,99.53,98.97,99.07,100983600,99.2028521575763055,322350
2011-03-23,98.78,99.61,98.32,99.33,127253500,98.9515291728642704,378914
2011-03-24,99.92,100.44,99.36,100.3,127485000,99.9989636853684849,393804
2011-03-25,100.56,101.04,100.29,100.6,116145100,100.7314782383706631,343745
2011-03-28,100.83,101.08,100.33,100.33,86633200,100.749867725056901,255266
2011-03-29,100.28,101.07,99.95,101.03,100586100,100.5981544598953459,305773
2011-03-30,101.55,102.03,101.42,101.68,99740600,101.7360039486069348,307590
2011-03-31,101.59,101.88,101.49,101.53,103916300,101.7061210327416907,309165
2011-04-01,102.22,102.5,101.78,102.02,119038600,102.1758191718529284,362684
2011-04-04,102.24,102.42,101.82,102.09,83154900,102.0900015673171047,261171
2011-04-05,101.89,102.54,101.86,102.09,105158000,102.2348187749713072,318858
2011-04-06,102.58,102.67,102.0,102.41,100167200,102.3436232378650018,306784
2011-04-07,102.23,102.63,101.65,102.15,156289100,102.1007287678841134,448127
2011-04-08,102.6,102.67,101.38,101.8,122042000,101.9773659613638874,361993
2011-04-11,101.91,102.25,101.25,101.5,107271700,101.7551596639049978,317697
2011-04-12,100.93,101.52,100.37,100.72,145511300,100.7054264655650134,434138
2011-04-13,101.2,101.28,100.35,100.72,129961900,100.8234256718017,382807
2011-04-14,100.15,100.96,99.82,100.81,128938400,100.4816877108822201,381065
2011-04-15,100.99,101.43,100.69,101.23,118379800,101.0916056859761991,338742
2011-04-18,100.05,100.61,99.23,100.02,161201400,99.7369135000892916,523973
2011-04-19,100.19,100.64,99.95,100.59,103016400,100.3100525018106943,320681
2011-04-20,101.82,102.21,101.75,102.03,118639600,101.9551453316179335,361902
2011-04-21,102.51,102.55,102.18,102.48,90651100,102.4033890695952357,278590
2011-04-25,102.42,102.57,102.06,102.38,50947700,102.3160390078355273,173363
2011-04-26,102.71,103.49,102.61,103.28,100698700,103.1397347656570265,298706
2011-04-27,103.48,104.11,103.06,103.92,114312400,103.4967972988149962,339663
2011-04-28,103.77,104.43,103.76,104.24,103638900,104.0814297297152931,288528
2011-04-29,104.33,104.64,104.19,104.62,83618400,104.4507519206640524,220855
2011-05-02,105.03,105.11,104.17,104.4,111972900,104.6446077594815817,339611
2011-05-03,104.18,104.35,103.48,103.98,119387000,103.9611318376426504,374158
2011-05-04,103.96,104.0,102.85,103.33,158142500,103.2960454024900088,494573
2011-05-05,102.74,103.4,101.92,102.39,181918800,102.6830625129483625,524262
2011-05-06,103.39,103.92,102.08,102.83,185411400,103.2094615693421864,555013
2011-05-09,102.82,103.53,102.66,103.23,98382200,103.1236439648063117,288336
2011-05-10,103.57,104.29,103.44,104.11,93918200,103.9074958348076149,303346
2011-05-11,103.95,103.97,102.54,103.02,155411100,103.1382023084329762,513810
2011-05-12,102.74,103.72,102.21,103.52,142602300,102.9979824724503255,427534
2011-05-13,103.56,103.7,102.34,102.71,132527900,102.9159960109741067,401155
2011-05-16,102.35,103.14,101.89,102.05,120027200,102.486141759683053,370323
2011-05-17,101.66,102.18,101.23,102.04,160855100,101.7597570355762528,465510
2011-05-18,102.09,103.06,101.87,102.97,106109400,102.6033747373078314,305452
2011-05-19,103.29,103.46,102.63,103.18,104097700,103.0562158469567048,327442
2011-05-20,102.93,103.07,102.18,102.42,135133100,102.6240629098298088,394377
2011-05-23,101.13,101.49,100.83,101.17,142226800,101.168228547168624,427674
2011-05-24,101.48,101.7,100.91,101.1,117161400,101.2938900395246613,384969
2011-05-25,100.7,101.86,100.67,101.43,123755800,101.3390975276283032,387341
2011-05-26,101.17,102.09,100.97,101.92,137857400,101.5505766245200921,394738
2011-05-27,102.19,102.58,102.05,102.32,97858000,102.3099091789397727,319469
2011-05-31,103.26,103.37,102.55,103.36,131094700,102.9703982424208607,364398
2011-06-01,103.06,103.13,100.96,101.03,183119600,101.9444181310506077,547439
2011-06-02,101.12,101.33,100.35,100.9,166477700,100.9276327630234671,477188
2011-06-03,99.72,100.7,99.67,99.92,169919900,100.1851572380661715,466659
2011-06-06,99.67,99.89,98.74,98.88,150450500,99.307059248797798,439687
2011-06-07,99.37,99.66,98.73,98.73,135571000,99.2940333623950096,393540
2011-06-08,98.67,98.99,98.22,98.38,169630700,98.5998302399891749,500560
2011-06-09,98.67,99.56,98.43,99.15,121324300,99.13848895417387,363328
2011-06-10,98.72,98.79,97.51,97.74,192738100,98.0443144963421353,538365
2011-06-13,97.99,98.26,97.35,97.82,155882400,97.9316788903888771,431259
2011-06-14,98.74,99.43,98.71,99.09,126982800,99.0971126091298225,372856
2011-06-15,98.26,98.58,97.07,97.33,242101500,97.6726936195576128,660014
2011-06-16,97.36,98.06,96.79,97.53,230605000,97.514027343556968,626772
2011-06-17,98.51,98.52,97.5,97.81,193680600,98.0427268523440836,499828
2011-06-20,97.5,98.54,97.47,98.33,127933300,98.1782513404689762,360288
2011-06-21,98.84,99.87,98.71,99.66,157296500,99.4688140796581896,433795
2011-06-22,99.37,99.96,99.02,99.1,150855200,99.5650672672468949,461914
2011-06-23,97.92,98.85,97.17,98.79,272764600,97.9064323387185304,752842
2011-06-24,98.77,98.85,97.5,97.65,186676400,97.9433935627525896,514965
2011-06-27,97.71,98.89,97.52,98.52,140651300,98.3876982766619867,399381
2011-06-28,98.89,99.82,98.77,99.8,132375500,99.4511034931418698,402450
2011-06-29,100.27,100.82,99.88,100.68,190240500,100.445206414557862,550531
2011-06-30,100.98,101.78,100.87,101.62,164435600,101.4885909680193368,431145
2011-07-01,101.65,103.26,101.47,103.15,170704400,102.562006516008453,452170
2011-07-05,103.01,103.25,102.71,102.96,139870700,102.9893706689022588,367042
2011-07-06,102.79,103.29,102.5,103.14,116995800,102.9439391643604566,362726
2011-07-07,104.08,104.49,103.86,104.31,124509000,104.1736698889935833,344896
2011-07-08,103.04,103.52,102.71,103.49,138257600,103.1549261515548357,388477
2011-07-11,102.23,102.55,101.38,101.61,151732500,101.8073815253131045,448520
2011-07-12,101.4,102.24,101.15,101.2,177883300,101.6603066546775783,479299
2011-07-13,101.71,102.58,101.27,101.53,163236900,102.003738027993981,460988
2011-07-14,101.77,102.24,100.63,100.83,194674800,101.3114851028561272,540183
2011-07-15,101.38,101.54,100.7,101.44,166152300,101.1128185236730712,446458
2011-07-18,100.93,101.09,99.82,100.55,150990200,100.3304726149522182,414893
2011-07-19,101.14,102.33,101.11,102.24,140147400,101.7658001482748389,399593
2011-07-20,102.47,102.53,101.97,102.14,108289600,102.2455260352168753,321221
2011-07-21,102.72,103.81,102.52,103.58,191530800,103.4282852043067813,540520
2011-07-22,103.58,103.74,103.0,103.65,96737400,103.4690965558444399,296364
2011-07-25,102.64,103.56,102.54,103.05,117201700,103.1410656925421457,345865
2011-07-26,102.99,103.15,102.44,102.69,110253700,102.7853139112143912,319456
2011-07-27,102.1,102.11,100.43,100.57,210112800,101.1690303852249706,572515
2011-07-28,100.56,101.47,100.11,100.23,168987400,100.8117385528957343,444679
2011-07-29,99.26,100.53,98.54,99.37,239527500,99.7398630559079551,618385
2011-08-01,100.75,100.84,98.2,99.11,254121500,99.0522302837743072,672343
2011-08-02,98.41,98.95,96.63,96.63,264220300,97.7547373150787274,691355
2011-08-03,96.76,97.26,95.12,97.18,325011000,96.3455906487802605,876702
2011-08-04,95.81,95.96,92.45,92.54,430343800,94.2557414398545309,1153706
2011-08-05,93.76,94.0,89.99,92.39,561388300,92.2444348320011392,1460377
2011-08-08,90.03,91.13,86.26,86.44,572862700,88.6384054121782921,1604230
2011-08-09,87.83,90.48,84.91,90.38,584199200,87.6820337402969907,1596029
2011-08-10,88.75,89.54,86.2,86.51,490921600,87.8137081009183343,1503171
2011-08-11,87.21,91.57,86.9,90.31,379003900,89.4038107598835239,1091303
2011-08-12,91.18,91.8,90.31,90.98,255568100,91.0539754079041489,744175
2011-08-15,91.77,92.97,91.63,92.83,205258600,92.3576285806054354,622525
2011-08-16,91.99,92.93,91.1,92.06,235454900,92.0534685078251217,752205
2011-08-17,92.59,93.33,91.42,92.15,185640400,92.3399179940891059,512082
2011-08-18,89.72,89.82,87.31,88.25,389833300,88.2834236563511932,1068370
2011-08-19,86.98,89.23,86.63,86.77,336652500,87.7043644798175418,904293
2011-08-22,88.68,88.73,86.56,86.8,234581800,87.3663232850060179,668045
2011-08-23,87.13,89.74,86.69,89.68,281089100,88.3496458494121177,830295
2011-08-24,89.47,91.05,89.26,90.96,207948100,90.173836260593103,685878
2011-08-25,91.43,91.94,89.22,89.56,253153400,90.1153143225392123,809333
2011-08-26,89.08,91.26,87.67,90.89,265759100,89.8057640712539594,817779
2011-08-29,92.06,93.5,92.0,93.47,144223200,92.8204139065319282,442178
2011-08-30,93.05,94.27,91.83,93.65,212202000,93.3263206604980723,676307
2011-08-31,94.28,95.11,93.4,93.99,246609500,94.3589248569496315,755075
2011-09-01,94.17,95.02,93.0,93.14,226955200,93.9315607040558156,793227
2011-09-02,91.19,91.69,90.42,90.74,193675000,91.1047970909510806,568163
2011-09-06,88.08,90.22,88.08,90.09,235952200,89.0865602535912657,718409
2011-09-07,91.44,92.66,91.14,92.61,175380900,91.9910964422677308,528885
2011-09-08,92.06,93.13,91.46,91.65,205390100,92.2344245004919524,659449
2011-09-09,90.62,90.94,88.77,89.22,311288000,89.6879501696454059,970313
2011-09-12,88.15,89.91,87.82,89.83,260407700,88.7053976307399882,827381
2011-09-13,90.13,91.0,89.49,90.54,229110800,90.3825131712853299,739385
2011-09-14,91.12,93.02,89.88,91.91,250657800,91.5121405808262275,751048
2011-09-15,92.89,93.53,92.06,93.53,221235000,92.9359153739946288,627563
2011-09-16,93.88,94.41,93.13,94.1,224922300,93.8167364856336909,633053
2011-09-19,92.52,93.6,91.89,93.12,199977100,92.6177980832358038,604374
2011-09-20,93.52,94.42,92.89,93.01,186712500,93.7137934207409273,596937
2011-09-21,93.06,93.35,90.17,90.18,265333700,92.0597383103959278,804548
2011-09-22,87.65,88.4,86.15,87.31,401089500,87.3235833173212368,1211697
2011-09-23,86.78,88.36,86.7,87.88,247783600,87.6432486240935354,780532
2011-09-26,88.71,90.09,87.45,89.98,221764300,88.617724704544744,693040
2011-09-27,91.74,92.54,90.44,91.02,251397700,91.7315589155497911,762292
2011-09-28,91.16,91.71,88.99,89.13,245963500,90.3576947036348545,778734
2011-09-29,90.6,91.05,88.18,89.8,261417600,89.5860087209423594,841471
2011-09-30,88.59,89.36,87.52,87.59,236303700,88.5093635836051244,748616
2011-10-03,87.06,88.2,84.99,85.09,303898400,86.4396661736554942,958052
2011-10-04,83.86,87.14,83.15,86.79,396616100,84.5379285011624756,1306153
2011-10-05,87.17,88.79,86.36,88.62,247667700,87.6238984239258507,774332
2011-10-06,88.51,90.3,87.86,90.18,218688400,89.2795015502842302,703041
2011-10-07,90.69,90.75,89.06,89.59,243982200,89.9559845481511329,742984
2011-10-10,91.09,92.56,91.08,92.56,182756000,91.8910045649328367,516075
2011-10-11,92.01,92.91,91.91,92.63,178906600,92.5109849783096252,562346
2011-10-12,93.35,94.54,93.14,93.4,232585000,93.8585329179963148,729770
2011-10-13,92.88,93.55,92.2,93.24,192194100,92.7834357966724228,579685
2011-10-14,94.36,94.89,93.83,94.86,164741200,94.33841788215815,505238
2011-10-17,94.42,94.48,92.83,93.07,160722800,93.5551217793649559,462769
2011-10-18,92.98,95.59,92.26,94.9,264112100,94.1178256002450348,748282
2011-10-19,94.72,95.26,93.43,93.76,196018300,94.4220107468830787,570448
2011-10-20,93.99,94.51,92.74,94.19,231191500,93.7331436209088188,653276
2011-10-21,95.27,96.07,94.99,95.91,202969800,95.5582545007372704,531698
2011-10-24,96.11,97.37,96.02,97.13,166576800,96.9019324003904239,443550
2011-10-25,96.66,96.71,95.03,95.26,230929500,95.9406144560533009,657502
2011-10-26,96.25,96.57,94.59,96.23,241318600,95.7029939979924981,677042
2011-10-27,98.79,100.17,98.0,99.48,282445900,99.0544486670582881,735220
2011-10-28,99.08,99.73,98.92,99.6,167565700,99.335413573494991,496488
2011-10-31,98.42,98.5,97.03,97.1,179613100,98.0025717859357757,508741
2011-11-01,94.46,95.6,94.06,94.49,344812500,94.7989526461521116,925315
2011-11-02,95.85,96.29,95.04,95.97,208707800,95.7246662221804328,612083
2011-11-03,96.95,97.91,95.66,97.71,230139200,96.9545649448468455,640705
2011-11-04,96.94,97.29,95.98,97.1,182214900,96.6999163106383734,511963
2011-11-07,97.05,97.83,96.13,97.74,173189500,97.0280957054845374,495476
2011-11-08,98.24,99.09,97.3,98.96,193531400,98.2293561319025524,587423
2011-11-09,96.67,97.11,95.09,95.35,263945500,96.0869019693218955,710704
2011-11-10,96.6,96.7,95.22,96.22,197154400,96.063681729120487,554605
2011-11-11,97.39,98.29,97.36,98.0,143845800,97.941425153405407,424390
2011-11-14,97.67,97.8,96.69,97.11,125320400,97.2262417552029082,364357
2011-11-15,96.89,98.11,96.53,97.62,150252700,97.376399308505172,432860
2011-11-16,96.62,97.79,95.9,96.02,188869300,96.8779381521822642,511103
2011-11-17,95.85,96.1,93.83,94.57,261198700,94.8237209023668688,674846
2011-11-18,94.82,95.01,94.02,94.42,174677500,94.5404339719100288,477433
2011-11-21,93.04,93.15,91.84,92.59,193079700,92.4715105699671132,529769
2011-11-22,92.41,92.96,91.74,92.25,190681600,92.3739855611213006,510717
2011-11-23,91.38,91.5,90.22,90.22,180906500,90.7439246989844943,508068
2011-11-25,90.08,91.1,89.94,89.94,83139300,90.5968631777091182,240579
2011-11-28,92.52,93.02,91.97,92.65,170040500,92.5729056188464703,449505
2011-11-29,92.92,93.65,92.58,92.94,161454500,93.1162592395587233,460543
2011-11-30,95.57,96.92,95.37,96.84,226795900,96.1085741935097919,561677
2011-12-01,96.63,97.25,96.31,96.74,150696700,96.739390718980612,411569
2011-12-02,97.62,97.91,96.58,96.64,157969200,97.2618461235116706,442018
2011-12-05,98.18,98.44,97.09,97.69,179756600,97.8647983607407861,509250
2011-12-06,97.68,98.38,97.34,97.73,132604700,97.8199058963514815,406128
2011-12-07,97.4,98.5,96.73,98.11,173015100,97.5288788858274565,489670
2011-12-08,97.45,97.66,95.71,95.96,193552200,96.6705040063831663,544329
2011-12-09,96.37,97.81,96.29,97.55,162194900,97.2742302516190533,460336
2011-12-12,96.71,96.73,95.33,96.16,166019500,95.8872079035900319,452321
2011-12-13,96.64,97.19,94.78,95.29,204161800,96.1085741935098116,588499
2011-12-14,94.86,95.23,94.02,94.2,192907300,94.4491010271179078,557450
2011-12-15,95.23,95.36,94.42,94.55,143603200,94.7935530960408166,407421
2011-12-16,95.2,95.77,94.48,94.69,172869000,95.0389903890694791,445304
2011-12-19,95.07,95.28,93.49,93.72,145786000,94.3293954225538146,400335
2011-12-20,95.17,96.69,93.76,96.49,160843500,96.1520652597071521,389028
2011-12-21,96.53,96.87,95.61,96.72,152485900,96.2315149705574044,411872
2011-12-22,97.08,97.67,96.87,97.62,100189600,97.3874303715554895,281310
2011-12-23,97.9,98.48,97.68,98.45,63714200,98.0759945322578471,181955
2011-12-27,98.28,98.78,98.19,98.53,62263900,98.5900808965831565,171556
2011-12-28,98.54,98.56,97.15,97.3,102058600,97.5938438360194901,251462
2011-12-29,97.55,98.34,97.51,98.22,85595000,97.9692826657237463,213318
2011-12-30,98.14,98.4,97.75,97.75,67727400,98.1344134372949102,168205
2012-01-03,99.52,100.0,99.26,99.3,140132900,99.6299374062411984,365653
2012-01-04,99.08,99.55,98.7,99.41,99109400,99.2015321026368997,280506
2012-01-05,98.93,99.88,98.48,99.78,139809500,99.2373623643928849,375596
2012-01-06,99.86,99.87,99.15,99.56,118193300,99.5473720204557415,332015
2012-01-09,99.7,99.84,99.24,99.69,83240900,99.6011174130897889,249017
2012-01-10,100.79,100.99,100.44,100.58,100848700,100.6853722905758164,279211
2012-01-11,100.28,100.77,100.11,100.68,94963800,100.4571491015647405,261548
2012-01-12,100.93,101.03,100.12,100.88,100645100,100.6363004103447155,308293
2012-01-13,100.18,100.49,99.48,100.49,152859400,100.0084919108808002,396241
2012-01-17,101.33,101.51,100.53,100.72,106490000,101.068600307618255,281129
2012-01-18,100.72,101.91,100.54,101.88,116978900,101.4183348191063095,310163
2012-01-19,102.2,102.48,101.88,102.41,99755900,102.2751454263151378,292132
2012-01-20,102.22,102.78,101.98,102.78,95311400,102.2182843587457842,235605
2012-01-23,102.44,103.01,102.02,102.49,107615800,102.5205048274703387,288095
2012-01-24,101.88,102.43,101.73,102.4,84741000,102.1731070721838958,233931
2012-01-25,102.24,103.49,101.84,103.26,159261200,102.6692783056311943,391796
2012-01-26,103.72,103.91,102.32,102.74,147606100,103.0330333543279976,394943
2012-01-27,102.23,102.86,102.16,102.61,114778300,102.4932426717864525,292143
2012-01-30,101.66,102.38,101.31,102.33,122179400,101.862318497387191,305779
2012-01-31,102.83,102.96,101.79,102.2,131965600,102.2603459703724499,340809
2012-02-01,103.04,103.71,102.92,103.18,134212000,103.3539478726644222,349388
2012-02-02,103.38,103.61,102.98,103.35,94528000,103.3212332858437426,260527
2012-02-03,104.38,104.86,104.2,104.82,117338300,104.6228064900672464,293649
2012-02-06,104.37,104.76,104.24,104.73,83857000,104.5565983976920097,214436
2012-02-07,104.51,105.17,104.09,104.99,113696700,104.7754745618972025,279292
2012-02-08,105.04,105.33,104.62,105.3,113103400,105.0410858501318833,282072
2012-02-09,105.47,105.61,104.81,105.42,123178000,105.2989079510283648,312422
2012-02-10,104.5,104.74,104.25,104.71,134064700,104.4942848989858714,320763
2012-02-13,105.4,105.56,104.95,105.43,98185700,105.3004657884959535,261521
2012-02-14,105.15,105.36,104.57,105.3,139579900,104.9904561324330749,358328
2012-02-15,105.64,105.8,104.6,104.8,169830800,105.231920939919164,446863
2012-02-16,104.83,106.07,104.63,105.96,146799100,105.4975322281538549,383923
2012-02-17,106.34,106.38,105.9,106.25,101152600,106.1674023392443618,264123
2012-02-21,106.51,106.75,105.97,106.29,106260600,106.3800471535788923,282888
2012-02-22,106.13,106.36,105.77,105.95,108423000,106.0723742537175235,293563
2012-02-23,105.9,106.5,105.54,106.41,112651200,106.1370245086250662,296634
2012-02-24,106.66,106.87,106.42,106.66,92920600,106.648774116748898,256251
2012-02-27,105.96,107.12,105.78,106.84,123547300,106.5802292681721283,303118
2012-02-28,106.87,107.27,106.66,107.15,112989000,107.0031821406398168,308552
2012-02-29,107.3,107.64,106.49,106.61,152789000,107.0000664657044907,397101
2012-03-01,106.95,107.48,106.81,107.31,121947500,107.1597448061389141,338596
2012-03-02,107.22,107.35,106.71,106.96,95927100,107.0218761902517318,265016
2012-03-05,106.79,106.87,106.15,106.52,112712300,106.4797487515086987,318493
2012-03-06,105.42,105.49,104.66,104.9,164402400,105.0504328749376705,403251
2012-03-07,105.2,105.86,105.1,105.69,115422800,105.5302468149745761,289251
2012-03-08,106.34,106.96,106.12,106.73,94086800,106.5708822433663852,248885
2012-03-09,106.95,107.44,106.81,107.16,99914600,107.1862280430890805,261559
2012-03-12,107.13,107.3,106.78,107.16,83063400,107.0475805084680605,230418
2012-03-13,107.74,109.15,107.56,109.1,149044300,108.2993029137266497,366645
2012-03-14,109.13,109.39,108.64,108.98,118296100,109.0338232797247312,325348
2012-03-15,109.15,109.66,108.86,109.61,126540800,109.3379751220650474,342739
2012-03-16,109.81,109.9,109.53,109.74,106168200,109.7517503613307676,257189
2012-03-19,109.71,110.53,109.61,110.21,96061900,110.1382222240596084,290596
2012-03-20,109.57,110.0,109.24,109.85,102738600,109.6821228395031647,320724
2012-03-21,109.94,110.03,109.46,109.65,99561800,109.7893022832153473,305633
2012-03-22,108.88,109.17,108.54,108.87,118103700,108.885709162867699,339634
2012-03-23,108.99,109.38,108.39,109.28,96473900,109.004623582168889,266709
2012-03-26,110.03,110.79,110.0,110.79,92327800,110.3916976967805642,241060
2012-03-27,110.89,110.96,110.37,110.41,85514700,110.7382706425069504,272727
2012-03-28,110.39,110.56,109.24,109.86,123992400,109.8057312490398729,320290
2012-03-29,109.24,109.91,108.81,109.7,134433700,109.228370450064442,325825
2012-03-30,110.25,110.35,109.57,110.09,107289100,110.0717240290555886,306745
2012-04-02,110.03,111.26,109.81,110.93,115975600,110.736705979095093,335676
2012-04-03,110.81,111.0,109.86,110.51,131673800,110.4417669259599478,390734
2012-04-04,109.68,109.79,109.01,109.4,128561900,109.395007103427252,336282
2012-04-05,109.04,109.68,108.95,109.35,98141700,109.3723194839553624,280543
2012-04-09,107.98,108.57,107.84,108.14,94211800,108.1769166372962076,251968
2012-04-10,107.92,108.23,106.21,106.27,209834500,106.9337915565754329,512971
2012-04-11,107.41,107.6,106.98,107.1,125325600,107.2858408242433751,335008
2012-04-12,107.27,108.67,107.2,108.63,129061900,108.1714403153546411,362183
2012-04-13,108.33,108.34,107.19,107.28,133828800,107.7325522283286304,345033
2012-04-16,107.84,107.99,106.85,107.12,133598400,107.3116577705389049,354748
2012-04-17,107.84,109.03,107.73,108.81,117981400,108.5516535244359313,318683
2012-04-18,108.32,108.81,108.26,108.42,107392700,108.5297482366699479,285637
2012-04-19,108.45,108.86,107.23,107.77,168642100,108.0681725301719609,457793
2012-04-20,108.22,108.61,107.86,107.92,111975500,108.2387208420643711,339189
2012-04-23,106.82,107.11,106.35,107.02,127701000,106.742902620328617,348885
2012-04-24,107.11,107.7,107.02,107.42,114855800,107.3695503167775024,311031
2012-04-25,108.46,108.94,108.38,108.93,126303300,108.6643092900895168,356174
2012-04-26,108.66,109.78,108.6,109.66,109388800,109.235411435417493,296539
2012-04-27,110.0,110.14,109.37,109.83,98445500,109.7814789661557395,260394
2012-04-30,109.6,109.69,109.13,109.35,90027900,109.3652784986017075,247868
2012-05-01,109.36,110.83,109.24,110.11,104741400,110.2477486628893767,299919
2012-05-02,109.46,109.89,109.1,109.75,95755000,109.5553851031424563,276781
2012-05-03,109.79,109.88,108.74,108.94,117517800,109.2479287427125067,341547
2012-05-04,108.36,108.48,107.12,107.15,148480500,107.5854738676140382,367208
2012-05-07,106.8,107.62,106.76,107.26,102571900,107.2224719560631042,270633
2012-05-08,106.62,107.0,105.55,106.79,182043600,106.2429926602403354,466244
2012-05-09,105.69,106.87,105.22,106.19,194126800,106.0959142995257013,510098
2012-05-10,106.94,107.06,106.17,106.36,124469000,106.6498051473232574,342992
2012-05-11,105.75,107.08,105.7,106.05,129666500,106.4409225818402421,355425
2012-05-14,105.07,105.64,104.76,104.93,129322100,105.1492929353519078,363314
2012-05-15,104.85,105.47,104.15,104.32,163678900,104.8480952285693759,434637
2012-05-16,104.79,105.26,103.89,103.96,176391600,104.5210805754911425,467142
2012-05-17,103.95,104.07,102.34,102.38,204399700,103.2333625875324308,550953
2012-05-18,102.77,102.95,101.35,101.5,228617900,102.1678268040574708,581424
2012-05-21,101.83,103.28,101.66,103.28,142694400,102.5887212618471209,384953
2012-05-22,103.52,104.23,102.75,103.42,158672900,103.6260931039086464,465739
2012-05-23,102.68,103.63,101.7,103.48,183142200,102.5143997497839414,520523
2012-05-24,103.77,103.92,102.81,103.68,140976700,103.3546240019514163,391350
2012-05-25,103.64,103.93,103.1,103.35,107349500,103.5830648600826389,291632
2012-05-29,104.18,106.17,103.85,104.6,129279000,104.3012453661252617,344592
2012-05-30,103.71,103.75,102.87,103.06,130126900,103.2670028508874498,344089
2012-05-31,103.04,103.62,101.97,102.87,170352200,102.7264116420906915,447090
2012-06-01,101.24,101.59,100.26,100.26,188481800,100.8081342991534066,497509
2012-06-04,100.44,100.72,99.47,100.22,155800200,100.075871822404108,419633
2012-06-05,100.01,101.12,99.97,100.94,132986700,100.6837435579107068,334912
2012-06-06,101.68,103.29,101.65,103.28,151683900,102.6161028715546886,392616
2012-06-07,104.42,104.46,103.1,103.31,152620700,103.8474929766864167,450276
2012-06-08,103.04,104.15,102.71,104.14,112846500,103.5056140211955588,319934
2012-06-11,104.97,105.03,102.7,102.84,139000500,103.8302816791559217,388826
2012-06-12,103.1,104.06,102.61,104.06,148856400,103.3554063336571479,407676
2012-06-13,103.67,104.33,102.97,103.35,136368000,103.731707884208818,395535
2012-06-14,103.53,104.83,103.25,104.5,175143900,104.131163773768913,456284
2012-06-15,104.89,105.58,104.67,105.45,133501200,105.1080886467742072,333833
2012-06-18,105.04,105.95,104.81,105.71,111963000,105.4997078907222893,319861
2012-06-19,106.22,107.14,106.11,106.7,116594600,106.7123120557179617,331528
2012-06-20,106.72,107.03,105.59,106.51,177067100,106.404049518313077,501207
2012-06-21,106.67,106.78,104.06,104.15,174020400,105.1906589692934121,457105
2012-06-22,104.69,105.15,104.29,104.92,105393800,104.6865868099145122,274047
2012-06-25,103.84,103.88,102.9,103.22,119002000,103.3119875359764714,313884
2012-06-26,103.57,104.1,102.96,103.8,122780600,103.6100270810694494,322268
2012-06-27,104.13,104.93,104.05,104.72,90779800,104.5772794305796945,254874
2012-06-28,104.03,104.58,103.24,104.42,144531500,103.830214607787248,381608
2012-06-29,106.32,107.16,106.04,107.16,149280300,106.5668310112794904,381169
2012-07-02,107.33,107.46,106.57,107.31,107119300,106.9812553919232129,315289
2012-07-03,107.33,108.14,107.22,108.1,66578600,107.8061722330907944,180312
2012-07-05,107.66,108.05,107.18,107.61,98354600,107.6646231087722403,282494
2012-07-06,106.53,106.77,106.04,106.63,109978700,106.4307865751287948,301605
2012-07-09,106.46,106.61,105.93,106.41,86428100,106.2239675768189237,254686
2012-07-10,106.96,107.13,105.12,105.49,125930800,105.9864796015733215,332886
2012-07-11,105.54,105.85,104.89,105.5,123738700,105.4564567694026745,346558
2012-07-12,104.88,105.45,104.27,104.99,115579100,104.908347104680285,323272
2012-07-13,105.27,106.86,105.25,106.75,108201500,106.3718077733294569,292775
2012-07-16,106.51,106.81,106.08,106.47,77905500,106.4952700650961623,234483
2012-07-17,106.92,107.45,105.81,107.23,114868900,106.7602814811814434,335810
2012-07-18,106.98,108.24,106.92,108.06,96009600,107.8407731301465082,274136
2012-07-19,108.25,108.66,107.9,108.32,103829800,108.2819345676059805,292491
2012-07-20,107.7,107.86,107.2,107.32,102053800,107.507346303973814,285012
2012-07-23,105.75,106.52,105.25,106.23,106158100,105.8614445417584507,301750
2012-07-24,106.31,106.36,104.61,105.4,133036800,105.2858114361962462,368908
2012-07-25,105.54,105.82,104.79,105.34,99932700,105.3353536297077437,286168
2012-07-26,106.86,107.31,106.37,107.08,116099000,106.8971123013559377,344925
2012-07-27,107.65,109.36,107.46,109.15,168903500,108.6177205458505428,426796
2012-07-30,108.93,109.57,108.73,109.06,91342200,109.0549500631900868,259965
2012-07-31,108.91,109.21,108.29,108.29,98812300,108.8701498175518955,265767
2012-08-01,109.07,109.1,108.05,108.2,113211700,108.6051384014666156,337904
2012-08-02,107.38,108.29,106.62,107.45,146857900,107.3791657080630382,406520
2012-08-03,108.96,109.81,108.91,109.61,109460800,109.4772382840737719,311545
2012-08-06,109.87,110.23,109.75,109.79,69206300,110.0638807659717673,203488
2012-08-07,110.24,110.82,110.21,110.35,86572000,110.527060956103092,229585
2012-08-08,109.98,110.6,109.94,110.48,75082400,110.3226011098651212,206835
2012-08-09,110.32,110.79,110.21,110.59,74469800,110.5349247963429791,199204
2012-08-10,110.13,110.79,109.94,110.75,84125000,110.3666386152086747,215790
2012-08-13,110.56,110.75,110.13,110.7,67629100,110.450781705775832,179184
2012-08-14,111.11,111.18,110.38,110.72,81845100,110.8549830941078555,215751
2012-08-15,110.6,111.03,110.53,110.84,60567800,110.8070136686443086,163611
2012-08-16,111.0,111.79,110.72,111.67,83566300,111.3566961014146783,224167
2012-08-17,111.85,111.9,111.56,111.84,69421000,111.7003459198991935,192185
2012-08-20,111.65,111.84,111.34,111.84,61702300,111.6319305098119546,171938
2012-08-21,112.08,112.52,111.23,111.48,85828100,111.9213198306410079,246738
2012-08-22,111.19,111.71,110.94,111.52,94213400,111.3087266759512207,267398
2012-08-23,111.25,111.26,110.44,110.63,87818600,110.8243141171720999,233828
2012-08-24,110.34,111.53,110.27,111.29,79828300,110.999677754522366,211187
2012-08-27,111.58,111.73,111.15,111.3,57114400,111.4109565990702505,157394
2012-08-28,111.02,111.54,110.86,111.19,65318700,111.2481751061039354,189047
2012-08-29,111.29,111.58,110.97,111.28,56667700,111.3055811398552409,161680
2012-08-30,110.79,110.83,110.24,110.48,75904300,110.5569435490148334,201300
2012-08-31,111.11,111.52,110.38,111.07,126797400,111.0122598989062716,354286
2012-09-04,110.92,111.24,110.2,110.78,87157600,110.7150067378373306,242557
2012-09-05,110.95,111.25,110.59,110.83,81134400,110.8832929189715462,234502
2012-09-06,111.48,113.07,111.47,113.07,118916500,112.6416475966176925,309088
2012-09-07,113.25,113.55,113.14,113.55,78738400,113.3635481306423146,229047
2012-09-10,113.39,113.59,112.81,112.85,66534800,113.2739003519072237,195056
2012-09-11,112.92,113.53,112.89,113.15,68282600,113.2487360631394218,185495
2012-09-12,113.55,113.67,113.16,113.55,73759600,113.4524095253532992,200927
2012-09-13,113.53,115.63,113.23,115.36,165692800,114.5486288547982505,432203
2012-09-14,115.5,116.47,115.41,115.79,136039600,115.8626765588889231,336568
2012-09-17,115.55,115.75,115.1,115.39,76462200,115.4427474900771701,208695
2012-09-18,115.2,115.45,115.01,115.3,71138900,115.1895318343517501,196872
2012-09-19,115.43,115.73,115.13,115.39,75941900,115.4883577634687076,193940
2012-09-20,114.83,115.43,114.52,115.4,98101400,115.0547894042263325,257705
2012-09-21,115.94,115.95,115.27,115.34,77331800,115.6307294177696005,194491
2012-09-24,114.76,115.41,114.67,115.1,75190800,115.0259331097934365,193455
2012-09-25,115.39,115.61,113.89,113.99,109843600,114.8116850059221648,275382
2012-09-26,113.89,113.93,113.01,113.28,117695800,113.4637402933741073,281516
2012-09-27,113.76,114.61,113.46,114.41,86806800,114.0424473488494087,227336
2012-09-28,113.92,114.29,113.42,113.79,116365400,113.7957853252041927,303903
2012-10-01,114.26,115.18,113.86,114.03,116218400,114.5452583970491427,295749
2012-10-02,114.57,114.75,113.71,114.24,99182100,114.1238774399886599,260653
2012-10-03,114.55,114.97,113.95,114.69,98380400,114.5626512320497415,249300
2012-10-04,115.13,115.69,114.98,115.64,103130400,115.4109472300345408,260716
2012-10-05,116.14,116.34,115.19,115.53,95496500,115.8165165189126982,240702
2012-10-08,115.12,115.34,114.88,115.16,66820800,115.0883891991139081,170186
2012-10-09,115.05,115.15,113.96,114.04,122832700,114.4108592174988034,291623
2012-10-10,113.99,114.1,113.12,113.27,106885800,113.523034049057988,268773
2012-10-11,114.07,114.23,113.34,113.34,98940400,113.7625808220211075,237702
2012-10-12,113.42,113.8,112.72,112.93,100195500,113.1569939306357897,241068
2012-10-15,113.24,114.03,112.87,113.85,85074100,113.47876137814728,211726
2012-10-16,114.44,115.14,114.37,115.09,90548600,114.8559576768328607,241100
2012-10-17,115.14,115.68,114.97,115.55,87675200,115.4512669838995723,218692
2012-10-18,115.28,115.84,114.9,115.31,117506100,115.3374229729864232,283211
2012-10-19,115.08,115.08,113.09,113.29,147232600,113.8305709952052991,347146
2012-10-22,113.17,113.58,112.48,113.38,103714000,113.0494745869954576,254491
2012-10-23,112.15,112.31,111.34,111.75,151255600,111.8549030558163496,358834
2012-10-24,112.21,112.34,111.31,111.51,96735500,111.7987716337688211,251518
2012-10-25,112.28,112.48,111.13,111.81,109234300,111.7363155444483959,283900
2012-10-26,111.71,112.14,110.99,111.75,109754500,111.5995446146707351,282342
2012-10-31,112.14,112.29,111.22,111.61,80326900,111.7157603758112527,203533
2012-11-01,111.98,113.06,111.88,112.98,85078100,112.741147057438801,233782
2012-11-02,113.59,113.62,111.8,111.91,106332000,112.583030375614979,292823
2012-11-05,111.75,112.4,111.42,112.18,74033200,111.8509501387705963,201886
2012-11-06,112.49,113.46,112.37,113.0,90012400,112.9609292451739064,231481
2012-11-07,112.0,112.01,109.94,110.51,212978900,110.8658832110080033,517602
2012-11-08,110.44,111.01,109.06,109.06,148701200,109.9780580425672133,402099
2012-11-09,108.8,110.24,108.74,109.23,167404800,109.5242631657328005,405559
2012-11-12,109.57,109.74,109.07,109.29,76677500,109.4112097382287929,213803
2012-11-13,108.73,110.09,108.59,108.94,105417700,109.435717823911443,293523
2012-11-14,109.27,109.44,107.22,107.5,162671700,108.2822566300065687,410195
2012-11-15,107.5,107.91,106.87,107.28,152836800,107.3161637040629805,400910
2012-11-16,107.44,108.03,106.49,107.8,181974100,107.3533211242915922,445966
2012-11-19,109.02,110.01,108.96,110.01,108934600,109.5234725823237366,294679
2012-11-20,109.82,110.22,109.16,110.11,96612600,109.7970144418789903,283409
2012-11-21,110.14,110.34,109.91,110.25,61574800,110.1654263105285216,188920
2012-11-23,110.79,111.79,110.71,111.73,52654700,111.2248080787481493,137708
2012-11-26,111.2,111.76,110.83,111.61,80057300,111.2248080787482052,243453
2012-11-27,111.4,111.78,110.87,110.98,106116100,111.3212592546607207,303460
2012-11-28,110.49,111.9,109.89,111.85,144753900,110.9947483066943606,414070
2012-11-29,112.25,112.67,111.76,112.39,127909300,112.2873521806041733,358798
2012-11-30,112.37,112.59,111.99,112.31,106384900,112.258891177875917,301115
2012-12-03,112.9,112.99,111.74,111.84,97092100,112.2968391815135807,289001
2012-12-04,111.82,112.16,111.37,111.65,109187100,111.715760375811039,293367
2012-12-05,111.76,112.39,110.97,111.87,123259200,111.8525313055886436,328866
2012-12-06,111.76,112.29,111.6,112.19,76355000,111.9987892362756555,220102
2012-12-07,112.68,112.81,112.0,112.58,83401100,112.3972432744717596,259146
2012-12-10,112.42,112.9,112.38,112.67,72882800,112.6786909681180927,212448
2012-12-11,113.11,113.93,113.05,113.39,107521000,113.4906201292834862,292201
2012-12-12,113.84,114.28,113.3,113.48,110349000,113.7736489897482158,318334
2012-12-13,113.39,113.71,112.48,112.78,107441900,113.0154795004029812,285442
2012-12-14,112.52,112.72,112.17,112.36,96116800,112.4557464467466346,238759
2012-12-17,112.63,113.73,112.6,113.68,104244400,113.2028477683642573,272355
2012-12-18,113.84,115.03,113.68,114.96,130905700,114.4891269750011984,345731
2012-12-19,115.05,115.09,114.03,114.06,106867000,114.5839969840955328,269784
2012-12-20,114.14,114.75,113.82,114.75,102096900,114.3232960117419693,275987
2012-12-21,113.19,113.93,113.01,113.67,167905800,113.4720111004765738,419707
2012-12-24,113.44,113.5,113.21,113.32,36801900,113.3509904247261658,96550
2012-12-26,113.57,113.62,112.54,112.78,76634400,112.9743931903186107,196468
2012-12-27,112.89,113.12,111.4,112.73,147006400,112.1917397412222093,403400
2012-12-28,111.98,112.6,111.36,111.36,111145400,112.0046354070027945,301500
2012-12-31,111.2,113.5,111.1,113.47,199691900,112.3454041518789555,553791
2013-01-02,115.53,116.36,115.23,116.36,150057600,115.6193319063900453,403753
2013-01-03,116.24,116.54,115.72,116.03,118350600,116.1368545329543261,320100
2013-01-04,116.22,116.73,115.98,116.6,88116900,116.3820806390802118,227781
2013-01-07,116.12,116.33,115.79,116.18,70352900,116.0572356673291159,197697
2013-01-08,116.01,116.17,115.43,115.87,88956000,115.7435373367655575,242409
2013-01-09,116.13,116.5,115.96,116.24,72653700,116.2260276624545799,200750
2013-01-10,116.82,117.11,116.22,117.1,93087300,116.6886132717373907,249181
2013-01-11,117.07,117.16,116.73,117.1,72862600,116.9497631509882836,189765
2013-01-14,116.95,117.1,116.59,117.01,72502400,116.861386210144294,195441
2013-01-15,116.47,117.21,116.4,117.1,72243100,116.8112263248003395,186525
2013-01-16,116.86,117.26,116.73,117.08,74302500,117.0421210351134893,181041
2013-01-17,117.6,118.17,117.22,117.81,99174700,117.78735361736605,240345
2013-01-18,117.82,118.23,117.38,118.1,104179900,117.8072583337723786,246229
2013-01-22,118.11,118.74,117.82,118.71,75984800,118.2913410367739525,195844
2013-01-23,118.74,119.03,118.52,118.93,71918800,118.7833856263381119,179921
2013-01-24,118.75,119.54,118.64,118.97,106641600,119.0907144476516488,259772
2013-01-25,119.33,119.63,119.0,119.63,86556600,119.3542528928712633,212694
2013-01-28,119.66,119.69,119.04,119.48,70218000,119.4115784761214682,194302
2013-01-29,119.25,120.11,119.17,119.95,84445700,119.6926330717787385,213624
2013-01-30,119.95,120.18,119.37,119.49,101722700,119.7634938621852515,250085
2013-01-31,119.34,119.73,119.11,119.19,87450700,119.3940623256840056,231422
2013-02-01,119.95,120.56,119.74,120.45,104627100,120.2236909054993526,245258
2013-02-04,119.68,119.89,118.97,119.05,99435400,119.3805271185277577,249892
2013-02-05,119.71,120.61,119.66,120.29,95784500,120.1878624159679696,241644
2013-02-06,119.83,120.43,119.75,120.37,91481400,120.1337215873427507,212853
2013-02-07,120.39,120.5,119.32,120.19,124121400,119.8717755194355689,301745
2013-02-08,120.4,120.93,120.4,120.86,79198100,120.7611182484697575,190831
2013-02-11,120.82,120.94,120.54,120.84,54608900,120.7563411165322414,151211
2013-02-12,120.85,121.26,120.71,121.02,53900700,120.9880320155018094,143781
2013-02-13,121.28,121.51,120.8,121.14,68862800,121.1432888034711317,167988
2013-02-14,120.77,121.39,120.64,121.27,56231400,121.1249764643773684,141907
2013-02-15,121.37,121.49,120.66,121.16,97992300,121.093925106783441,227817
2013-02-19,121.32,122.04,121.31,121.98,64440700,121.7284874658168189,166500
2013-02-20,121.93,121.97,120.43,120.43,127918000,121.2030029526900349,281153
2013-02-21,120.19,120.19,119.38,119.75,139476700,119.8112651815603044,338676
2013-02-22,120.34,120.93,120.03,120.93,82614500,120.4848407847501003,206498
2013-02-25,121.52,121.71,118.63,118.64,177303700,120.264296526968034,416388
2013-02-26,119.22,119.59,118.42,119.44,154306400,119.1002687115266206,414201
2013-02-27,119.34,121.28,119.24,120.95,107518500,120.5238540289064211,290121
2013-02-28,120.93,121.71,120.65,120.65,99928900,121.2356466875963215,244766
2013-03-01,120.3,121.29,119.75,121.11,138077800,120.7300668908759031,344315
2013-03-04,120.83,121.75,120.64,121.75,78553500,121.1393078601896857,209415
2013-03-05,122.34,123.17,122.33,122.84,101234200,122.8192659248828128,261935
2013-03-06,123.29,123.35,122.74,123.01,77091800,123.0525492011649609,218711
2013-03-07,123.17,123.39,123.03,123.27,58602400,123.2340802147905851,161294
2013-03-08,123.78,123.93,123.14,123.76,91425800,123.5804222802605031,237471
2013-03-11,123.66,124.24,123.51,124.23,59218700,123.9203948364803995,155365
2013-03-12,124.14,124.29,123.58,123.92,79908600,123.9116367612616077,205598
2013-03-13,124.01,124.3,123.59,124.08,66360400,123.998421324793188,176357
2013-03-14,124.44,124.84,124.38,124.79,76568200,124.6251029737959537,185980
2013-03-15,124.64,124.79,124.21,124.66,97553200,124.5256967435907539,232883
2013-03-18,123.43,124.47,123.32,123.93,104245100,123.9834809424722619,264643
2013-03-19,124.2,124.37,122.83,123.65,147977500,123.5148401468153463,376478
2013-03-20,124.37,124.72,124.17,124.46,93351800,124.4081366805163113,252490
2013-03-21,123.77,124.21,123.24,123.43,108273800,123.749960272964069,278670
2013-03-22,123.84,124.44,123.36,124.44,86167500,124.117835300271675,222941
2013-03-25,124.77,124.97,123.44,124.01,119059600,124.0770491559396936,299122
2013-03-26,124.43,124.94,124.29,124.88,75028100,124.6312608818617411,204452
2013-03-27,124.17,124.96,123.96,124.89,82444100,124.5288956568717761,226239
2013-03-28,124.83,125.44,124.56,125.2,80029400,125.1230937988054474,224093
2013-04-01,125.23,125.49,124.49,124.8,77190600,124.8607829097688034,201317
2013-04-02,125.25,125.73,125.05,125.41,84959200,125.4565805083429041,232997
2013-04-03,125.49,125.58,123.81,124.08,133211500,124.5296953851920727,352326
2013-04-04,124.3,124.89,124.03,124.64,104638300,124.4641176629329208,301531
2013-04-05,123.12,124.24,122.97,124.1,123096000,123.5396317247427899,320138
2013-04-08,124.17,124.93,123.76,124.93,69303500,124.277780964318629,197390
2013-04-09,125.16,125.81,124.74,125.36,86553200,125.3166280523022822,240847
2013-04-10,125.69,127.05,125.66,126.94,103883600,126.608989017800048,290419
2013-04-11,126.92,127.72,126.79,127.33,88821600,127.351136898977086,250301
2013-04-12,126.9,127.19,126.29,126.98,94832900,126.7745327800884775,260386
2013-04-15,126.37,126.46,124.04,124.09,184886100,125.2358554919588282,498916
2013-04-16,125.0,125.95,124.69,125.89,120966100,125.3342220753475369,336654
2013-04-17,124.99,125.01,123.38,123.99,176635400,124.1050396471483098,478581
2013-04-18,124.25,124.29,122.8,123.27,136256000,123.4996453087314275,405584
2013-04-19,123.56,124.4,123.25,124.34,108573200,123.9554904512645683,305188
2013-04-22,124.58,125.19,123.76,124.92,85290700,124.4673165762141685,245668
2013-04-23,125.51,126.3,124.89,126.19,135129600,125.8828357030277619,379616
2013-04-24,126.22,126.6,125.99,126.28,75630800,126.311490082673031,214711
2013-04-25,126.62,127.37,126.44,126.84,103778700,126.9280806175731968,268707
2013-04-26,126.62,126.84,126.14,126.57,80335500,126.5122218910516166,227713
2013-04-29,126.89,127.68,126.69,127.4,73550900,127.3183480378472479,198737
2013-04-30,127.37,127.73,126.84,127.7,90149700,127.3943222282695015,236287
2013-05-01,127.42,127.48,126.44,126.61,106345000,127.0128518195178809,286939
2013-05-02,126.9,127.87,126.78,127.73,76690800,127.5150812046246636,220768
2013-05-03,128.87,129.46,128.79,129.01,107398000,129.2105052435200779,272473
2013-05-06,129.15,129.56,129.09,129.38,55627200,129.3336634048361471,162459
2013-05-07,129.65,130.08,129.29,130.06,75632000,129.7823109924872981,224744
2013-05-08,129.89,130.67,129.82,130.63,78631700,130.3485186432128178,220699
2013-05-09,130.57,130.92,129.93,130.3,88559500,130.4244928336349808,240932
2013-05-10,130.35,130.75,129.96,130.68,82119600,130.3789083193816726,217907
2013-05-13,130.52,131.0,130.21,130.79,65560100,130.6748077978681067,173637
2013-05-14,130.89,132.24,130.89,132.18,88777900,131.7616385850657858,218341
2013-05-15,131.92,133.11,131.88,132.87,96822000,132.5453723388948625,241452
2013-05-16,132.57,133.04,132.03,132.23,87434000,132.6149487027551287,239126
2013-05-17,132.71,133.59,132.54,133.53,99908100,133.0771916718502139,263571
2013-05-20,133.38,134.02,133.24,133.53,72759500,133.5898175251199285,205709
2013-05-21,133.62,134.19,133.15,133.64,78541000,133.7185737846775559,223344
2013-05-22,133.83,135.21,132.09,132.69,202930000,133.68338573858738,590145
2013-05-23,131.29,132.68,131.11,132.32,176973200,131.96876822000637,478712
2013-05-24,131.52,132.26,131.14,132.22,107548600,131.7192529840934781,273189
2013-05-28,133.59,134.18,132.19,132.99,121362800,133.3682927804153112,317166
2013-05-29,132.29,132.59,131.43,132.13,141109700,132.0799304565188027,388910
2013-05-30,132.24,133.23,132.13,132.67,89702700,132.820478881055206,265686
2013-05-31,132.25,133.0,130.46,130.55,135542300,132.0279481157037177,371232
2013-06-03,131.02,131.52,130.08,131.46,140943700,130.7563800865322208,412912
2013-06-04,131.51,132.04,130.14,130.8,134705900,131.1018627208731056,384159
2013-06-05,130.43,130.69,128.86,128.9,175056300,129.5807794557886242,494709
2013-06-06,128.92,130.15,128.16,130.07,160003300,129.1297326831768499,455083
2013-06-07,131.04,131.92,130.47,131.8,141159300,131.3417812169432989,379588
2013-06-10,132.2,132.28,131.45,131.8,81782800,131.8408116887693601,256997
2013-06-11,130.56,131.59,130.15,130.45,132884200,130.8051635140665429,393305
2013-06-12,131.33,131.47,129.24,129.36,143731900,130.0510197080861388,412734
2013-06-13,129.28,131.56,129.0,131.33,127443100,130.2613482563075792,364053
2013-06-14,131.2,131.69,130.28,130.49,109845800,130.8395518318365662,322388
2013-06-17,131.39,132.13,130.8,131.56,110912400,131.5753018864517411,329978
2013-06-18,131.57,132.75,131.57,132.51,82346800,132.3166500393083137,242551
2013-06-19,132.44,132.67,130.66,130.79,164176300,131.8752000065393441,474762
2013-06-20,129.45,129.65,127.14,127.37,257040200,128.3559774543843175,737081
2013-06-21,128.34,128.44,126.6,127.87,219841400,127.6067634646868967,660140
2013-06-24,126.56,127.37,125.2,126.21,195875800,126.1330975744462427,607156
2013-06-25,127.41,128.71,126.56,127.55,134267200,127.3205523043344887,408064
2013-06-26,128.53,129.04,128.03,128.77,116181100,128.5972470308495048,361344
2013-06-27,129.52,130.1,129.4,129.54,114189200,129.7107370788490958,348596
2013-06-28,129.13,129.76,128.52,128.64,126720600,129.2926758333907133,391574
2013-07-01,129.64,130.63,129.5,129.76,110437100,130.132014180041694,359866
2013-07-02,129.53,130.48,129.04,129.57,112697700,129.8345475246195251,334976
2013-07-03,129.0,130.06,128.81,129.66,57877300,129.4245259184968148,183852
2013-07-05,130.62,131.11,129.68,131.09,91911400,130.4640512846075981,296903
2013-07-08,131.74,132.16,131.51,131.8,88107400,131.8106908733435512,294550
2013-07-09,132.64,132.92,132.07,132.72,100611700,132.5929477807107857,291154
2013-07-10,132.64,133.26,132.36,132.82,103679100,132.7215820100825396,306352
2013-07-11,134.35,134.75,133.88,134.67,101344000,134.2852918608834075,284919
2013-07-12,134.58,134.95,134.37,134.67,76117300,134.616525001515844,220847
2013-07-15,135.04,135.38,134.81,135.24,59553800,135.123826243600924,176750
2013-07-16,135.27,135.36,134.32,134.66,68351400,134.7507869784228162,199133
2013-07-17,135.19,135.45,134.85,135.04,74221000,135.1053350731288914,232916
2013-07-18,135.32,136.09,135.23,135.77,77069000,135.7742330658620705,232873
2013-07-19,135.48,136.05,135.32,136.05,80046700,135.6833851413682141,213427
2013-07-22,136.2,136.46,135.88,136.27,62886100,136.1874705277188766,185242
2013-07-23,136.51,136.54,135.91,135.98,66071400,136.1906863834532125,196843
2013-07-24,136.51,136.56,135.21,135.51,97745300,135.6689137905640101,278113
2013-07-25,135.24,135.93,135.02,135.81,81169300,135.5000813645134895,239841
2013-07-26,135.24,136.0,134.68,135.96,83892700,135.365015423673024,247819
2013-07-29,135.61,135.92,135.15,135.49,66603600,135.5201804628526825,209165
2013-07-30,135.95,136.1,135.22,135.55,73255600,135.6801692856337831,218524
2013-07-31,135.84,136.55,135.46,135.6,114606100,135.9977350393953173,330143
2013-08-01,136.67,137.33,136.59,137.2,89541200,137.0107295956982065,271613
2013-08-02,136.9,137.45,136.71,137.44,66591200,137.0678110349818983,200927
2013-08-05,137.13,137.45,136.96,137.32,41469600,137.2229760741615971,136246
2013-08-06,136.97,137.09,136.15,136.46,67577700,136.5452344781590139,203408
2013-08-07,136.02,136.22,135.51,136.01,69790600,135.8948276558980598,223958
2013-08-08,136.66,136.82,135.81,136.52,70170200,136.439915202861009,209554
2013-08-09,136.34,136.75,135.64,136.11,77381000,136.2043537703239249,223897
2013-08-12,135.44,136.12,135.37,135.95,53777900,135.8650809903559003,167651
2013-08-13,136.2,136.59,135.4,136.42,71623800,136.0708957573506204,211716
2013-08-14,136.3,136.51,135.63,135.66,65331300,135.9414575640452666,206869
2013-08-15,134.6,134.61,133.53,133.68,120687400,133.9444111530480602,334739
2013-08-16,133.51,133.96,133.06,133.35,97110500,133.5351935108590551,270326
2013-08-19,133.17,133.63,132.46,132.46,74639600,133.0729142490541584,235481
2013-08-20,132.69,133.62,132.54,133.13,73307000,133.1637621735481079,227026
2013-08-21,132.77,133.48,132.0,132.3,126537300,132.7111304789460683,383943
2013-08-22,132.57,133.7,132.57,133.51,75405300,133.2136079374296781,224769
2013-08-23,133.9,134.13,133.27,134.0,65068800,133.7361844942526843,196165
2013-08-26,134.09,134.5,133.37,133.43,65849600,133.9846093497269344,200849
2013-08-27,132.14,132.64,131.21,131.28,122632000,131.8959110503024048,367347
2013-08-28,131.26,132.24,131.09,131.78,79739800,131.8026512340080661,249292
2013-08-29,131.49,132.69,131.37,132.03,81572100,132.2142807679977541,242915
2013-08-30,132.26,132.28,131.18,131.57,99725200,131.6330148440240259,289498
2013-09-03,132.86,133.12,131.61,132.16,106960100,132.2930692334879912,334147
2013-09-04,132.2,133.48,131.96,133.31,81376900,133.043971547445625,243948
2013-09-05,133.34,133.78,133.24,133.35,53167400,133.523134051855557,171038
2013-09-06,133.87,134.25,132.24,133.49,128865900,133.4218345962253228,375242
2013-09-09,133.81,134.85,133.81,134.8,70507800,134.405082486986053,219605
2013-09-10,135.58,135.79,135.27,135.74,84610000,135.5828896496715009,246777
2013-09-11,135.58,136.19,135.35,136.17,72268200,135.8023718035371103,211888
2013-09-12,136.15,136.32,135.64,135.9,68343500,135.9728121574548051,205893
2013-09-13,135.98,136.24,135.66,136.14,57965300,136.0331094524727791,180019
2013-09-16,137.61,137.67,136.71,136.98,83152000,137.1538351758745064,247331
2013-09-17,137.04,137.57,137.04,137.53,57982000,137.3974362477473547,167773
2013-09-18,137.49,139.5,137.14,139.2,148677100,138.4458052171275585,425543
2013-09-19,139.51,139.57,138.76,138.93,101465000,139.097815198786588,278784
2013-09-20,139.22,139.22,137.81,137.84,105480200,138.4127316372647836,281614
2013-09-23,137.74,137.86,136.85,137.29,80943100,137.3228994149854842,242244
2013-09-24,137.27,137.77,136.7,136.99,79406700,137.2542294825216008,237416
2013-09-25,137.04,137.32,136.44,136.62,95235500,136.8042394544937037,281466
2013-09-26,136.79,137.48,136.57,137.09,64981700,136.9520817796806345,202825
2013-09-27,136.39,136.65,136.1,136.49,77216200,136.4140326617873502,226282
2013-09-30,135.3,136.16,135.04,135.8,120381600,135.6635106940353658,348657
2013-10-01,135.84,136.94,135.72,136.81,94713700,136.4511952134737403,279150
2013-10-02,136.01,136.7,135.59,136.68,79908800,136.2225647324470336,249556
2013-10-03,136.36,136.48,134.79,135.42,143831200,135.5213235397574413,417778
2013-10-04,135.52,136.58,135.34,136.44,80464700,136.1167322482968971,237665
2013-10-07,135.25,136.09,135.12,135.26,76058200,135.65785552312655,241726
2013-10-08,135.24,135.42,133.59,133.69,145663600,134.4032154629339694,443113
2013-10-09,133.95,134.27,132.92,133.79,141505400,133.7310580063465394,438344
2013-10-10,135.15,136.74,135.1,136.67,147623700,135.9543480550586599,444779
2013-10-11,136.45,137.6,136.35,137.55,86009700,137.1201211438274546,275437
2013-10-14,136.7,138.21,136.6,138.1,90656400,137.5119436996506182,284247
2013-10-15,137.76,138.27,136.91,137.1,128960400,137.5959633817240285,404821
2013-10-16,137.92,139.08,137.86,139.01,122442000,138.7068005245216691,368279
2013-10-17,138.44,140.02,138.42,139.94,102764700,139.3563372974739057,306071
2013-10-18,140.46,140.98,140.18,140.89,110375500,140.6174404101336729,307237
2013-10-21,140.92,141.18,140.58,140.89,64769700,140.8420314833683167,192198
2013-10-22,141.31,142.13,141.1,141.71,104376500,141.6499130417666206,307884
2013-10-23,141.23,141.29,140.54,141.03,89595100,140.9575585462192885,283758
2013-10-24,141.31,141.68,140.98,141.5,59258100,141.3703860225608787,197001
2013-10-25,141.79,142.15,141.52,142.15,73130800,141.8284548661727312,225408
2013-10-28,142.1,142.57,141.94,142.37,63060200,142.2614793814742797,200156
2013-10-29,142.7,143.18,142.49,143.13,63403800,142.8334595248202505,207536
2013-10-30,143.3,143.41,141.91,142.42,111365000,142.7001590676843868,353301
2013-10-31,142.31,142.91,141.81,142.02,100763100,142.3487305897811963,298144
2013-11-01,142.21,142.68,141.56,142.36,105944000,142.1322183321304084,341354
2013-11-04,142.74,142.91,142.31,142.86,53170700,142.6032132806766195,167134
2013-11-05,142.3,142.79,141.84,142.41,67252000,142.4093217066610548,217434
2013-11-06,143.02,143.4,142.62,143.13,65185300,143.011193467667691,211290
2013-11-07,143.4,143.51,141.19,141.32,123604600,142.1354498583641011,378096
2013-11-08,141.27,143.23,141.26,143.23,106166600,142.3729670365333312,326386
2013-11-11,143.1,143.42,142.92,143.25,49981500,143.2107402125923162,163946
2013-11-12,142.95,143.29,142.49,142.96,69934000,142.8892033523496618,217205
2013-11-13,142.26,144.13,142.26,144.11,76682100,143.2680998032384809,231169
2013-11-14,144.24,144.95,144.0,144.83,81009000,144.5744442831684518,245595
2013-11-15,145.07,145.48,144.88,145.46,65529500,145.1553111236568468,191695
2013-11-18,145.7,145.82,144.63,144.95,77280000,145.2813406467670115,238668
2013-11-19,144.87,145.31,144.38,144.64,78282200,144.8176166322464864,247473
2013-11-20,144.94,145.36,143.79,144.18,104374900,144.5752521647269229,324337
2013-11-21,144.59,145.46,144.5,145.35,66998700,145.0971436514521542,201282
2013-11-22,145.39,146.09,145.23,146.07,57911200,145.7450646612876089,174988
2013-11-25,146.33,146.36,145.72,145.93,59502100,146.0722566924389067,173653
2013-11-26,146.01,146.4,145.75,145.97,63810300,146.1255768752931653,178230
2013-11-27,146.13,146.42,145.94,146.32,46016900,146.2483748721696344,144585
2013-11-29,146.49,146.83,146.06,146.23,39424800,146.533557062284235,110405
2013-12-02,146.3,146.57,145.62,145.85,69050000,146.1021483100996146,205607
2013-12-03,145.37,145.73,144.75,145.22,79542300,145.26356725248219,249991
2013-12-04,144.69,145.81,144.09,145.2,102878500,145.0680599153498586,311553
2013-12-05,144.94,145.21,144.42,144.56,80549500,144.7651043309505239,252032
2013-12-06,145.95,146.32,145.54,146.18,85417700,145.992276418157577,251242
2013-12-09,146.61,146.77,146.36,146.55,55630300,146.5480989303356702,204250
2013-12-10,146.21,146.52,145.94,146.02,59766600,146.1958625708740385,208718
2013-12-11,146.07,146.11,144.21,144.38,104556200,144.9581880234077765,350120
2013-12-12,144.3,144.5,143.61,143.91,94517200,144.0969862821551557,317607
2013-12-13,144.21,144.34,143.62,143.89,79885300,143.9572227725521768,252854
2013-12-16,144.56,145.27,144.53,144.79,71908900,144.9145624192542976,233829
2013-12-17,144.9,144.94,144.0,144.33,66442300,144.39832610343781,233563
2013-12-18,144.55,146.82,143.25,146.79,188064300,145.249025384431152,577100
2013-12-19,146.38,146.79,145.99,146.62,92767000,146.4892119263172838,312130
2013-12-20,146.75,147.82,146.74,147.48,113135800,147.4836727987493935,322422
2013-12-23,148.05,148.35,147.95,148.26,50797200,148.165978714654827,191797
2013-12-24,148.27,148.65,148.26,148.59,30887200,148.4892617557623262,101613
2013-12-26,148.91,149.42,148.91,149.34,47908700,149.1853762437753538,171062
2013-12-27,149.54,149.6,149.18,149.33,46427700,149.3648876811743882,160785
2013-12-30,149.34,149.47,149.12,149.31,41482100,149.244671876943461,165308
2013-12-31,149.51,150.02,149.4,150.02,64040900,149.7125387907072169,203331
2014-01-02,149.44,149.51,148.22,148.58,86353000,148.8166061416076867,309980
2014-01-03,148.82,149.13,148.34,148.55,63426800,148.747563281069607,218382
2014-01-06,149.03,149.1,147.9,148.13,71935900,148.3617355310040043,236228
2014-01-07,148.72,149.29,148.6,149.04,64709200,149.013987495851669,205017
2014-01-08,149.01,149.32,148.56,149.07,74855300,148.9993666547967022,238361
2014-01-09,149.54,149.57,148.48,149.17,69280600,149.0050525374292624,223469
2014-01-10,149.43,149.64,148.65,149.57,72080800,149.1431382585053622,222507
2014-01-13,149.22,149.6,147.3,147.58,107474500,148.3194975457337869,310008
2014-01-14,148.06,149.27,147.79,149.19,78311400,148.6850185721116538,238749
2014-01-15,149.54,150.22,149.47,149.99,70600500,149.9107324138989908,209631
2014-01-16,149.67,149.86,149.32,149.8,52603400,149.6451204680644204,166278
2014-01-17,149.54,149.82,148.91,149.16,69283300,149.3795085222299546,203834
2014-01-21,150.03,150.08,148.69,149.6,68495900,149.4006275148651081,215082
2014-01-22,149.86,149.92,149.38,149.7,50689000,149.6841093775448514,164373
2014-01-23,148.94,148.97,147.69,148.47,94212900,148.2715736778310993,298910
2014-01-24,147.51,147.56,145.29,145.31,158940600,146.3814238369835872,486481
2014-01-27,145.44,145.82,143.87,144.59,152031000,144.9420832620022521,500780
2014-01-28,144.71,145.64,144.68,145.45,81308200,145.2913589094299764,283067
2014-01-29,144.23,145.03,143.67,144.06,163114400,144.3824299571701487,527067
2014-01-30,145.28,146.05,144.8,145.58,90598300,145.5122960631516926,304241
2014-01-31,143.79,145.63,143.71,144.73,137129100,144.7341424114404644,404336
2014-02-03,144.54,144.88,141.2,141.47,208403200,142.4638507031598365,662676
2014-02-04,142.11,142.83,141.61,142.46,132457100,142.3095196031335639,411689
2014-02-05,141.98,142.6,141.1,142.29,131050400,142.023600933611329,398703
2014-02-06,142.62,144.16,142.33,144.16,92402300,143.683878662314641,290536
2014-02-07,144.84,146.1,144.36,145.95,120047200,145.2929834473249747,356494
2014-02-10,145.96,146.27,145.57,146.22,59317700,145.9517335637528691,193723
2014-02-11,146.34,148.19,146.26,147.82,95258100,147.3699551460992279,291727
2014-02-12,148.01,148.51,147.6,147.89,79323000,147.9791568567289481,241645
2014-02-13,146.9,148.81,146.88,148.65,81531100,148.1879099762380668,248531
2014-02-14,148.52,149.75,148.34,149.47,68875100,149.1967480090411336,200039
2014-02-18,149.61,149.86,149.17,149.65,57636500,149.6491818128022534,182434
2014-02-19,149.26,150.23,148.54,148.66,95942700,149.421746507500276,294157
2014-02-20,148.86,149.88,148.32,149.54,79226000,149.3072165859018339,243589
2014-02-21,149.86,150.18,149.3,149.37,73272500,149.774271230717949,222098
2014-02-24,149.68,151.2,149.62,150.2,86037800,150.6555830387626954,264343
2014-02-25,150.29,150.75,149.64,150.14,90239000,150.1706584771013176,270291
2014-02-26,150.37,150.76,149.73,150.15,79359500,150.2591957923795075,262278
2014-02-27,149.93,150.95,149.76,150.94,75435000,150.4622630292561099,238104
2014-02-28,150.9,152.02,150.31,151.32,118779200,151.3338276099305527,356679
2014-03-03,150.02,150.64,149.25,150.25,130514300,150.0098292254950209,438565
2014-03-04,151.69,152.69,151.69,152.37,139060700,152.2460056379803503,406002
2014-03-05,152.48,152.76,152.26,152.5,65177900,152.4913108601273195,217846
2014-03-06,152.88,153.2,152.62,152.85,68031700,152.9469937396785884,211309
2014-03-07,153.41,153.49,152.24,152.92,89535300,152.7650454954370621,281212
2014-03-10,152.66,152.89,151.96,152.84,62999400,152.4945599359174374,197467
2014-03-11,153.06,153.28,151.73,152.08,83373100,152.4247048064318963,259419
2014-03-12,151.33,152.18,151.0,152.12,86962700,151.7090958636786794,251842
2014-03-13,152.58,152.7,149.99,150.42,128532100,151.026789947773183,413290
2014-03-14,150.1,150.92,149.81,149.99,125025000,150.3428594939728551,397164
2014-03-17,150.75,151.71,150.68,151.35,82509400,151.3273294583506686,276705
2014-03-18,151.65,152.63,151.5,152.43,76974900,152.2622510169307695,266011
2014-03-19,152.46,152.66,150.65,151.62,112210100,151.9446538584556781,366842
2014-03-20,151.28,152.62,151.01,152.5,88031100,152.0539603437291948,285935
2014-03-21,153.15,153.52,151.77,151.91,116109400,152.6957096677049138,345326
2014-03-24,152.41,152.62,150.62,151.28,105765700,151.3152877808922934,372124
2014-03-25,152.05,152.52,151.15,152.0,89727500,151.9108598715384008,320742
2014-03-26,152.59,152.84,150.89,150.91,96606900,151.921465949864946,330870
2014-03-27,150.75,151.21,150.04,150.59,115830300,150.6152866113383069,388282
2014-03-28,151.02,152.09,150.93,151.33,80410500,151.5290410517817503,261377
2014-03-31,152.28,152.81,152.13,152.57,77503200,152.5219331535850863,264930
2014-04-01,153.07,153.67,152.93,153.58,68632900,153.2961768714250242,216957
2014-04-02,153.79,154.3,153.49,154.1,64160400,153.9113294143663781,218141
2014-04-03,154.33,154.38,153.42,153.89,63506800,153.9039867447556258,223799
2014-04-04,154.72,154.77,151.83,152.07,136844500,153.1232162094839956,453869
2014-04-07,151.67,151.96,150.08,150.39,118026000,150.8820702738607459,394752
2014-04-08,150.29,151.26,149.78,151.01,96884400,150.6927925683404607,316600
2014-04-09,151.42,152.69,150.98,152.64,81221400,151.8578294799057378,267570
2014-04-10,152.64,152.7,149.24,149.43,136988900,150.6821864900137338,452092
2014-04-11,148.62,149.64,147.92,148.09,139801000,148.6890596167965529,464329
2014-04-14,149.24,149.6,148.03,149.25,102540500,148.9925566273723564,343901
2014-04-15,149.56,150.39,148.09,150.28,136326300,149.4045619777509044,473409
2014-04-16,151.32,151.86,150.65,151.85,80322600,151.2598098327226361,276186
2014-04-17,151.65,152.49,151.39,152.07,74646300,152.0120255417305337,249546
2014-04-21,152.11,152.65,151.92,152.6,50099100,152.3922126571293261,167475
2014-04-22,152.75,153.71,152.67,153.29,68727200,153.3206524367941985,229631
2014-04-23,153.23,153.31,152.81,152.93,58550600,153.0473419568401723,202662
2014-04-24,153.68,153.7,152.51,153.24,74294300,153.1623771140745662,251929
2014-04-25,152.74,152.83,151.64,151.99,81982100,152.1662216035554053,271992
2014-04-28,152.61,153.13,150.9,152.47,111979400,152.1433777425443196,359800
2014-04-29,152.96,153.41,152.63,153.18,67527600,153.1289271747368437,233570
2014-04-30,152.92,153.79,152.71,153.63,81688700,153.2961768714252705,272400
2014-05-01,153.56,154.07,153.16,153.65,75502100,153.6184384821173676,247472
2014-05-02,153.63,154.31,153.2,153.43,74179300,153.692681030403287,265630
2014-05-05,152.68,153.83,152.25,153.72,59209500,153.2447781841502667,195886
2014-05-06,153.38,153.49,152.35,152.38,61495600,152.8686703296461874,213705
2014-05-07,152.92,153.36,151.76,153.28,89899200,152.7030523373158492,295693
2014-05-08,153.11,154.24,152.63,153.12,84014700,153.5115618466725234,294012
2014-05-09,153.13,153.41,152.43,153.35,68908400,152.9306750952477509,244750
2014-05-12,154.0,154.91,153.99,154.83,62684500,154.5754330880459892,212071
2014-05-13,155.02,155.35,154.82,154.98,55493400,155.0339420126257241,191215
2014-05-14,154.84,154.91,154.02,154.25,56924900,154.517507583339448,191115
2014-05-15,153.93,153.97,152.14,152.89,126025900,152.7715839203493968,376839
2014-05-16,152.98,153.49,152.34,153.42,76747700,152.9225165734584002,235096
2014-05-19,153.13,154.11,152.99,153.98,47843700,153.7718186917634422,159520
2014-05-20,153.91,153.93,152.62,153.01,85327800,153.262726932087825,263289
2014-05-21,153.46,154.38,153.43,154.3,73077400,153.9708866234312098,233552
2014-05-22,154.34,155.0,154.08,154.68,49949900,154.6880206887436052,158668
2014-05-23,154.81,155.4,154.75,155.3,46976300,155.1669259177973838,142636
2014-05-27,155.87,156.3,155.79,156.25,49754500,156.088838880030488,157620
2014-05-28,156.25,156.5,155.88,156.14,50955000,156.2356922722446711,156219
2014-05-29,156.5,156.95,156.1,156.95,50620900,156.5783501874108576,150200
2014-05-30,156.79,157.3,156.67,157.2,58685400,156.974038494210031,153278
2014-06-02,157.42,157.45,156.62,157.38,49991600,157.1731064258779971,159275
2014-06-03,156.97,157.38,156.85,157.3,43801100,157.1510784170458319,133553
2014-06-04,157.02,157.7,156.86,157.61,39549000,157.4317315666106265,127481
2014-06-05,157.79,158.81,157.21,158.64,69232300,158.1823155712605101,211547
2014-06-06,158.99,159.44,158.91,159.4,54637800,159.2649514127501468,153884
2014-06-09,159.38,159.95,159.23,159.56,51570600,159.5668167189679963,143571
2014-06-10,159.36,159.58,159.03,159.58,39186200,159.3563268567945043,116712
2014-06-11,159.01,159.19,158.67,159.03,43887600,158.9753238892167595,135125
2014-06-12,158.81,158.93,157.55,157.9,73848600,158.1766046060077236,202755
2014-06-13,158.19,158.54,157.7,158.38,57071500,158.2108703975245104,159694
2014-06-16,158.19,158.85,158.0,158.51,54056100,158.4580736077516446,153576
2014-06-17,158.29,159.07,158.12,158.95,55878100,158.7395426094953112,156478
2014-06-18,158.95,160.21,158.6,160.11,80226100,159.3196135087410224,228816
2014-06-19,160.26,160.4,159.74,160.3,62685000,160.1002541286093681,174563
2014-06-20,160.7,160.72,160.43,160.62,63170200,160.5754691800113333,161298
2014-06-23,160.65,160.71,160.28,160.57,46730200,160.5025105124681608,134072
2014-06-24,160.29,161.08,159.43,159.61,83615700,160.2992099557187395,208730
2014-06-25,159.24,160.49,159.24,160.33,65596600,159.9926195999756041,181581
2014-06-26,160.35,160.37,159.14,160.21,64136600,159.7466915071333114,171148
2014-06-27,159.84,160.57,159.76,160.53,53208400,160.1828039917733017,144452
2014-06-30,160.43,160.81,160.29,160.44,52254800,160.528742842371141,144318
2014-07-01,160.83,162.01,160.78,161.52,74162800,161.5255713786911347,211540
2014-07-02,161.53,161.89,161.46,161.68,42194600,161.6378785410888808,132159
2014-07-03,162.14,162.55,162.02,162.48,36060700,162.3256574407374811,103499
2014-07-07,162.16,162.3,161.67,161.91,46740500,161.9362712937375229,142023
2014-07-08,161.62,161.67,160.48,160.87,78904800,160.9353439558701277,235551
2014-07-09,161.27,161.74,160.93,161.59,61675900,161.356700754939527,182229
2014-07-10,160.03,161.38,159.9,160.95,77914700,160.6549859300300367,228813
2014-07-11,160.85,161.29,160.49,161.17,49129300,160.8894373785394893,146623
2014-07-14,161.99,162.2,161.85,161.98,42584000,162.0223461262321601,115148
2014-07-15,162.08,162.39,160.97,161.68,87687200,161.699360564299438,234636
2014-07-16,162.4,162.53,161.84,162.28,59724300,162.2322047654574344,170961
2014-07-17,161.78,162.39,160.21,160.44,113803400,161.320631301322653,305505
2014-07-18,160.96,162.24,160.87,162.07,80055900,161.5772162781881055,213413
2014-07-21,161.57,161.9,161.03,161.77,55714900,161.5099959328113298,155836
2014-07-22,162.32,162.77,162.21,162.48,47908800,162.5322370387250407,144017
2014-07-23,162.72,163.01,162.39,162.84,44930000,162.7863627346619268,138944
2014-07-24,163.0,163.18,162.68,162.85,45449200,162.9339195903671214,145988
2014-07-25,162.39,162.53,161.76,162.08,62734100,162.1223568839882725,180844
2014-07-28,162.12,162.39,161.18,162.15,55291300,161.8370802962915172,159987
2014-07-29,162.45,162.68,161.44,161.45,65516500,162.0461191752073512,199497
2014-07-30,162.03,162.24,160.8,161.48,86699700,161.4575312730053229,279976
2014-07-31,160.35,160.49,158.25,158.29,136330400,159.1949928188578859,402665
2014-08-01,157.86,158.84,157.04,157.8,145693800,157.9210852979358061,452507
2014-08-04,158.11,159.28,157.43,158.94,74389200,158.3416223366958456,232950
2014-08-05,158.3,158.71,156.83,157.4,113346400,157.7276218649000524,345117
2014-08-06,156.66,158.12,156.64,157.45,81213100,157.5341584318643141,276110
2014-08-07,158.16,158.32,156.21,156.6,103739100,157.1177201946516273,329960
2014-08-08,156.95,158.52,156.53,158.41,88379900,157.5612105220768658,283099
2014-08-11,159.01,159.57,158.8,158.87,61947600,159.1408886384326719,202470
2014-08-12,158.71,159.16,158.16,158.65,60252300,158.6334570068684231,199313
2014-08-13,159.27,159.9,159.0,159.72,52300200,159.5507687931693775,169574
2014-08-14,159.99,160.48,159.84,160.48,47471100,160.1983794376535111,145770
2014-08-15,161.06,161.21,159.29,160.44,114107000,160.2401872134366355,358819
2014-08-18,161.33,161.86,161.24,161.79,53315400,161.656733028207132,167357
2014-08-19,162.17,162.76,162.03,162.63,44675400,162.4625574124197306,144782
2014-08-20,162.42,163.26,162.38,163.07,58763100,162.8412866753965807,178347
2014-08-21,163.21,163.76,163.07,163.54,47808200,163.4684033121439853,142030
2014-08-22,163.4,163.7,162.92,163.29,60144800,163.3495380672702547,181831
2014-08-25,164.07,164.44,163.84,164.12,44914100,164.1094558741522615,129832
2014-08-26,164.22,164.62,164.18,164.22,36627000,164.3676803716364991,113179
2014-08-27,164.31,164.42,163.9,164.16,35303800,164.1742169386006809,104315
2014-08-28,163.62,164.17,163.45,164.07,41119000,163.8758241859522172,133915
2014-08-29,164.32,164.55,163.8,164.53,47415800,164.2848845803796098,143874
2014-09-02,164.75,164.77,163.84,164.45,53464500,164.3348899592576025,170225
2014-09-03,165.09,165.11,164.13,164.36,45219400,164.5873761345755082,147360
2014-09-04,164.64,165.25,163.67,164.12,64455600,164.5291731526028611,194817
2014-09-05,164.08,164.93,163.47,164.86,66461900,164.2807857788323238,206837
2014-09-08,164.71,164.94,163.95,164.44,50827100,164.4611330469165139,156377
2014-09-09,164.29,164.4,163.06,163.39,71330300,163.7504008586028941,212436
2014-09-10,163.48,164.12,162.94,164.01,57976400,163.5823499951608085,181179
2014-09-11,163.35,164.22,163.23,164.2,55325300,163.7905691137671207,171510
2014-09-12,164.03,164.05,162.77,163.24,79673000,163.3511775878893661,236480
2014-09-15,163.26,163.39,162.62,163.12,55293600,162.9986806548155907,192840
2014-09-16,162.81,164.64,162.72,164.35,79098700,163.9455038122577753,247810
2014-09-17,164.58,165.33,163.75,164.57,111440400,164.6111491835503603,332285
2014-09-18,165.07,165.47,164.85,165.44,61565700,165.2348330297247642,195423
2014-09-19,165.97,166.14,164.96,165.3,82611700,165.5652585511981277,237823
2014-09-22,165.01,165.03,163.67,164.02,90650500,164.1445605837466779,270077
2014-09-23,163.43,164.11,163.03,163.08,83377500,163.5589859432491939,230383
2014-09-24,163.11,164.46,162.68,164.36,79160100,163.6635822573745341,226696
2014-09-25,163.93,163.94,161.69,161.7,120034800,162.3598344994177337,362411
2014-09-26,161.99,163.39,161.77,162.99,83132600,162.4883150112568484,249213
2014-09-29,161.59,162.98,161.47,162.69,72984200,162.346657011023933,235739
2014-09-30,162.82,163.32,161.93,162.26,94029400,162.5517316741516978,296806
2014-10-01,162.0,162.06,159.7,160.07,150358400,160.6920586245834064,465971
2014-10-02,159.92,160.65,158.42,160.09,136349900,159.7202188555442649,437535
2014-10-03,161.16,162.2,160.67,161.85,92882600,161.6581332424503452,286412
2014-10-06,162.53,162.74,161.08,161.66,87953600,161.8813269521194212,293587
2014-10-07,160.83,161.19,159.16,159.17,107932100,160.2572015075893827,354319
2014-10-08,159.27,162.18,158.43,161.95,157954000,160.2415532401217544,506633
2014-10-09,161.7,161.92,158.61,158.74,170171500,159.8610532627522802,567755
2014-10-10,158.7,159.49,156.9,156.93,180476500,158.2204559577301174,625627
2014-10-13,156.86,157.43,154.26,154.35,185919300,156.1441779426896741,644284
2014-10-14,155.18,156.33,154.04,154.59,178003400,155.1410416387153238,623498
2014-10-15,152.5,153.91,149.83,153.54,300660900,152.1332799128413693,1048363
2014-10-16,150.77,154.49,150.63,153.41,211640500,152.9263999955403748,772857
2014-10-17,155.18,156.28,154.52,155.22,168779600,155.3914139181965328,564465
2014-10-20,154.94,156.85,154.89,156.73,91779800,155.9844008959153381,325930
2014-10-21,157.87,159.94,157.7,159.83,128299000,158.9756907612969927,408481
2014-10-22,160.11,160.53,158.63,158.7,121478500,159.6040922390740216,405618
2014-10-23,160.29,161.59,159.99,160.54,121586200,160.7686527758718309,406061
2014-10-24,160.78,161.83,160.18,161.78,95134700,161.1697425788565577,324887
2014-10-27,161.2,161.79,160.63,161.56,70408600,161.287516381375748,255842
2014-10-28,162.1,163.42,162.03,163.41,84749100,162.6522100231536804,273138
2014-10-29,163.52,163.99,162.08,163.16,121077600,163.0920086982951828,414747
2014-10-30,162.73,164.68,162.58,164.21,92648500,163.6726417806449593,311186
2014-10-31,166.18,166.22,165.35,166.09,102585700,165.8197487958020127,325548
2014-11-03,166.3,166.74,165.8,166.18,77221000,166.2257801569344775,273705
2014-11-04,165.73,166.04,164.77,165.6,76001500,165.4969003301550734,256027
2014-11-05,166.8,166.85,165.91,166.65,73234400,166.4061470293239566,247403
2014-11-06,166.69,167.4,166.07,167.31,65261700,166.8607703789083649,225111
2014-11-07,167.34,167.68,166.87,167.47,64931100,167.3071577982467619,203748
2014-11-10,167.5,168.05,167.3,168.0,52717800,167.7411913222160837,173732
2014-11-11,168.06,168.27,167.72,168.16,42570300,167.9849748575005115,134829
2014-11-12,167.48,168.21,167.44,167.98,54715500,167.9009683689903934,168836
2014-11-13,168.15,168.7,167.36,168.17,72285900,168.0763936832322329,239683
2014-11-14,168.1,168.42,167.78,168.21,56196700,168.1093374042166128,189312
2014-11-17,167.89,168.49,167.72,168.32,55289400,168.1661653229148202,185432
2014-11-18,168.38,169.59,168.38,169.29,59327700,169.1445938361509027,183243
2014-11-19,169.09,169.29,168.26,169.02,66374200,168.7838600913718753,220257
2014-11-20,168.23,169.42,168.16,169.31,58442800,169.0622345336897832,179179
2014-11-21,171.01,171.08,169.64,170.22,83469400,170.3396273148591468,250378
2014-11-24,170.62,170.8,170.41,170.7,48010100,170.6048242687834389,156609
2014-11-25,170.92,171.13,170.32,170.57,56589000,170.7077733968596602,176085
2014-11-26,170.72,171.11,170.51,171.01,41131900,170.7975450365421297,136606
2014-11-28,170.89,171.2,170.41,170.65,38666400,170.8239000133295651,120846
2014-12-01,169.98,170.1,169.15,169.46,81985800,169.5967464066614489,270444
2014-12-02,169.5,170.76,169.49,170.56,61519800,170.2547972333244711,191462
2014-12-03,170.73,171.43,170.57,171.22,51863400,171.0265038973836212,170875
2014-12-04,170.93,171.53,170.24,171.03,73447300,170.9202603972089617,221016
2014-12-05,171.2,171.69,170.94,171.31,64453900,171.3320569095137275,182466
2014-12-08,170.91,171.41,169.6,170.16,79432000,170.5059931058304702,258347
2014-12-09,168.32,170.15,167.94,170.05,100162200,169.0144661382626021,319368
2014-12-10,169.59,169.64,167.13,167.32,127645700,168.2378179160558123,403090
2014-12-11,167.92,169.82,167.77,168.17,121396400,168.9378719869739529,388331
2014-12-12,166.89,167.86,165.42,165.45,149388200,166.6902866228146343,460944
2014-12-15,166.35,166.8,163.71,164.32,167419200,165.0356882363741536,574662
2014-12-16,163.54,166.7,162.96,163.0,183960800,164.6420107706108469,632385
2014-12-17,163.44,166.65,163.31,166.19,187776200,165.0612196201371642,619133
2014-12-18,168.61,175.43,167.93,170.3,181772400,169.0504206506771363,517236
2014-12-19,170.95,171.7,170.28,171.03,141250100,170.9409773771629573,442372
2014-12-22,171.21,171.81,170.98,171.81,87911400,171.3682966950773445,283375
2014-12-23,172.39,172.44,171.85,172.05,73495200,172.203060013793856,240631
2014-12-24,172.27,172.53,172.02,172.06,31943400,172.3579218596271878,115601
2014-12-26,172.5,172.96,172.46,172.62,40342100,172.7612251693641811,132562
2014-12-29,172.43,173.06,172.37,172.85,52187400,172.8606017549256491,186594
2014-12-30,172.43,172.56,171.85,171.92,55342100,172.1964349080895493,196844
2014-12-31,172.25,172.41,170.09,170.22,90990500,171.3169521258704911,302894
2015-01-02,170.91,171.33,169.09,170.12,93319000,170.083026188482015,334180
2015-01-05,169.08,169.25,166.75,167.05,131084800,167.613518037279123,442693
2015-01-06,167.36,167.88,164.68,165.48,164934000,166.1187285627917655,570317
2015-01-07,166.8,167.88,166.36,167.54,101882100,167.196964516133897,381558
2015-01-08,168.94,170.73,168.93,170.51,110983700,170.1393395869668394,358005
2015-01-09,170.93,170.94,168.53,169.15,122540700,169.4014684391727095,407448
2015-01-12,169.28,169.44,167.22,167.82,102869600,167.8760378508038443,351350
2015-01-13,169.04,170.17,166.05,167.35,163309200,168.0027429973947544,543980
2015-01-14,165.34,166.54,164.44,166.34,147294700,165.7237066351847119,526257
2015-01-15,166.98,167.29,164.7,164.82,130011800,165.6177049439192275,494660
2015-01-16,164.61,167.13,164.43,166.98,134982400,165.8595213021188078,446713
2015-01-20,167.62,167.88,165.77,167.33,98721600,166.7713014746454181,362203
2015-01-21,166.87,168.66,166.41,168.18,105124300,167.7625829156212665,356094
2015-01-22,168.93,170.81,167.56,170.68,123250200,169.4760008783438234,374282
2015-01-23,170.42,170.68,169.61,169.74,89542900,170.1948248472385659,325895
2015-01-26,169.53,170.23,168.82,170.14,70419900,169.6805510169579145,267403
2015-01-27,168.09,169.04,167.07,167.9,108344400,168.0482905991105368,418338
2015-01-28,169.08,169.18,165.55,165.74,125881500,167.4586561914458085,478561
2015-01-29,165.94,167.53,164.53,167.28,129449400,165.83467715572857,491843
2015-01-30,166.1,167.42,164.91,165.17,142236100,166.102993936744597,522068
2015-02-02,165.68,167.31,163.86,167.22,131442400,165.4827184151983427,499885
2015-02-03,168.11,169.64,167.74,169.64,103520400,168.7364734541238386,362164
2015-02-04,168.87,170.08,168.53,168.99,105915600,169.2416377640615077,348424
2015-02-05,169.65,170.84,169.58,170.7,77856500,170.3463741402200361,260728
2015-02-06,171.06,171.62,169.7,170.22,96465600,170.7803185638385735,336912
2015-02-09,169.58,170.3,169.05,169.46,65940100,169.7492864886380948,259100
2015-02-10,170.5,171.52,169.62,171.27,71622200,170.6188316123011427,266546
2015-02-11,171.1,171.8,170.46,171.37,71559400,171.1480119304160867,266046
2015-02-12,172.16,173.07,171.99,173.01,76676500,172.6212698113651239,260669
2015-02-13,173.14,173.78,172.88,173.73,70793100,173.3881257966146561,237048
2015-02-17,173.41,174.17,173.16,174.0,59772400,173.7243499110976645,217624
2015-02-18,173.63,174.09,173.36,174.02,61834100,173.7475377810621505,204685
2015-02-19,173.42,174.26,173.28,173.89,66874200,173.8386329844935815,211462
2015-02-20,173.48,175.01,172.86,174.94,101871400,174.0953558305274542,312585
2015-02-23,174.7,174.91,174.31,174.91,49574400,174.6203954575773204,161154
2015-02-24,174.84,175.61,174.54,175.41,59623400,175.1818731659997839,202313
2015-02-25,175.28,175.76,174.92,175.26,60232100,175.2895311336914288,186921
2015-02-26,175.17,175.33,174.45,175.05,57609200,174.9764948891727317,194460
2015-02-27,174.95,175.22,174.44,174.46,70278200,174.8083828319311832,219026
2015-03-02,174.55,175.61,174.51,175.56,66648800,175.2100298652422225,200255
2015-03-03,175.13,175.23,173.98,174.84,82530700,174.6444114657548199,243904
2015-03-04,174.24,174.31,173.13,174.1,82381400,173.8485706430498698,255572
2015-03-05,174.42,174.57,173.78,174.29,60351300,174.2758899609642756,189116
2015-03-06,173.43,173.86,171.51,171.84,117981200,172.4581265834021016,378246
2015-03-09,172.04,172.91,171.9,172.55,69583600,172.4382512662898217,215313
2015-03-10,171.18,171.27,169.74,169.75,109393800,170.3836403598061585,354964
2015-03-11,170.01,170.18,169.27,169.35,86479700,169.7318955861655682,277719
2015-03-12,169.98,171.57,169.93,171.51,74672700,171.0121972634828809,242207
2015-03-13,171.24,171.37,169.42,170.46,112303400,170.1939967090267335,382901
2015-03-16,171.18,172.82,171.16,172.73,91676700,172.2469513390844291,264323
2015-03-17,172.0,172.6,171.41,172.22,76790500,172.0457137533225239,243099
2015-03-18,171.73,174.96,171.11,174.29,166937900,173.262248788237766,579008
2015-03-19,173.88,174.15,173.1,173.49,83840600,173.5698206876965857,290590
2015-03-20,174.44,175.53,174.36,175.03,101841300,175.0569735447259093,304298
2015-03-23,175.03,175.61,174.69,174.69,47166400,175.2374815265892673,175020
2015-03-24,174.56,175.02,173.64,173.7,59436400,174.3058274266492608,216607
2015-03-25,173.91,174.14,171.12,171.16,123026900,172.3069302818669892,384219
2015-03-26,170.49,171.67,169.79,170.75,114292600,170.7663736808945506,366906
2015-03-27,170.64,171.32,170.44,171.14,89917500,170.9976235378440012,275908
2015-03-30,172.17,173.53,172.16,173.23,69842700,173.0522535618190469,237138
2015-03-31,172.41,173.1,171.66,171.72,91415400,172.3243987962408485,270854
2015-04-01,171.68,171.71,170.12,171.11,105523400,170.8453979125859151,363885
2015-04-02,171.04,172.17,170.86,171.72,70264100,171.6897094406566595,236337
2015-04-06,170.83,173.4,170.7,172.88,78560200,172.6205317065790365,255691
2015-04-07,172.91,173.65,172.39,172.42,56206100,173.1628874861869334,197692
2015-04-08,172.65,173.45,172.26,173.0,73982000,172.9224874550416248,279507
2015-04-09,172.84,174.0,172.35,173.77,66977100,173.2352570457357466,248430
2015-04-10,174.01,174.76,173.82,174.72,51510900,174.4314343633374023,176141
2015-04-13,174.58,175.21,173.88,173.93,52783900,174.5911464947557218,174157
2015-04-14,173.73,174.44,173.1,174.26,57699100,173.9098744341745457,207567
2015-04-15,174.73,175.55,174.64,175.04,69820900,175.1709348051649217,227895
2015-04-16,174.71,175.5,174.51,174.99,54833800,174.9696309728564197,184030
2015-04-17,173.81,174.04,172.2,172.98,125030900,173.0006798527152201,418481
2015-04-20,173.9,174.89,173.82,174.56,61918000,174.5620323041326635,219712
2015-04-21,175.24,175.4,174.05,174.35,52728900,174.5803326525241863,202083
2015-04-22,174.7,175.39,173.77,175.21,61347400,174.7866274889395102,217682
2015-04-23,174.82,176.3,174.69,175.65,73655800,175.6475756973663982,255236
2015-04-24,176.07,176.32,175.61,176.06,46806300,176.0069279930574891,169309
2015-04-27,176.62,176.75,175.13,175.33,62115500,175.8771618862801016,222992
2015-04-28,175.3,175.93,174.13,175.88,71321800,175.2840642315860778,275762
2015-04-29,174.99,175.76,174.35,175.16,96609700,175.128511270256794,342596
2015-04-30,174.59,174.98,172.71,173.4,112664000,173.8300183684652547,413109
2015-05-01,174.19,175.33,174.09,175.28,79107600,174.7150897634082731,275686
2015-05-04,175.71,176.37,175.6,175.78,55380300,175.9911231467189899,202417
2015-05-05,175.54,175.9,173.63,173.77,90538200,174.4780170683341616,347596
2015-05-06,174.32,174.63,171.99,173.05,100601500,173.0040071887860701,392320
2015-05-07,172.95,174.17,172.62,173.75,69419800,173.500612097414799,262701
2015-05-08,175.41,176.23,175.33,176.03,92202700,175.9162580851166083,309496
2015-05-11,175.99,176.26,175.12,175.19,57517600,175.696653904416479,227323
2015-05-12,174.36,175.21,173.54,174.67,87410300,174.4813444044053937,341115
2015-05-13,175.08,175.7,174.47,174.7,66526400,174.9338621100905814,244432
2015-05-14,175.72,176.61,175.44,176.52,67383100,176.1666401244755436,215640
2015-05-15,176.71,176.86,176.23,176.71,52175800,176.5343107603447759,196053
2015-05-18,176.55,177.51,176.48,177.26,50293900,177.0525433534364164,169547
2015-05-19,177.38,177.65,176.92,177.21,52470600,177.2580063558338472,180223
2015-05-20,177.31,177.83,176.76,177.08,60306000,177.2056008127121999,218187
2015-05-21,176.94,177.8,176.77,177.6,53584700,177.4568146860889031,172295
2015-05-22,177.21,177.63,177.11,177.17,43326700,177.3495080977923028,148117
2015-05-26,176.68,176.76,174.85,175.27,85211200,175.4637403794314908,299631
2015-05-27,175.72,177.16,175.39,176.93,74283500,176.5576021128432248,244318
2015-05-28,176.62,176.84,176.04,176.73,56703700,176.4710913749917334,204293
2015-05-29,176.66,176.71,175.37,175.63,88172300,175.9237445912768588,307964
2015-06-01,176.3,176.63,175.2,175.99,76327234,175.9836366405586689,282001
2015-06-02,175.55,176.51,174.91,175.82,75673778,175.7706871320009513,259624
2015-06-03,176.33,176.91,175.79,176.28,70586088,176.333006928036327,242658
2015-06-04,175.58,176.23,174.48,174.79,106534907,175.0652918849035761,359161
2015-06-05,174.64,175.17,173.84,174.49,83002659,174.5628641381501341,287538
2015-06-08,174.39,174.54,173.35,173.42,71519762,173.8716100693553505,245319
2015-06-09,173.4,173.94,172.76,173.4,78197415,173.4157650275988783,282102
2015-06-10,174.16,175.86,174.11,175.48,101102542,175.3639202972950698,314195
2015-06-11,175.93,176.42,175.68,176.04,58287145,176.0243965074312244,202807
2015-06-12,175.22,175.38,174.42,174.69,83637959,174.7999368332242109,275296
2015-06-15,173.55,174.23,172.85,173.94,90475226,173.6395283783880959,316874
2015-06-16,173.8,174.98,173.62,174.89,61057890,174.4572212178890697,225490
2015-06-17,175.2,175.78,174.15,175.18,96911390,175.1268476022210463,330641
2015-06-18,175.77,177.47,175.65,177.0,112008996,176.8639014055770643,360981
2015-06-19,176.76,176.83,175.9,175.95,78931737,176.4385217469765859,274252
2015-06-22,177.12,177.7,176.91,177.11,57507654,177.24932596950061,209416
2015-06-23,177.32,177.57,176.85,177.24,49012390,177.1908143245762583,169281
2015-06-24,176.97,177.35,175.94,175.95,65769747,176.4911822274086562,233569
2015-06-25,176.46,176.58,175.34,175.42,63340647,175.9461880489697697,224065
2015-06-26,175.78,176.02,174.83,175.38,77189281,175.4446596639034047,250735
2015-06-29,173.9,174.55,171.63,171.71,141671700,172.9955293834961275,476329
2015-06-30,173.24,173.29,171.59,172.07,127266976,172.4129205761774425,439945
2015-07-01,173.65,173.89,172.66,173.45,94712789,173.2680264727155348,306616
2015-07-02,173.92,174.09,172.87,173.29,72178648,173.386721523847969,246184
2015-07-06,172.0,173.57,171.8,172.79,90806045,172.5909631528760415,341367
2015-07-07,172.99,174.01,170.61,173.88,150017886,172.3209737055820354,535690
2015-07-08,172.54,172.83,170.73,170.96,133334924,171.6464180276677528,493152
2015-07-09,173.06,173.32,171.26,171.27,107366136,172.1813816384051537,367047
2015-07-10,173.27,173.85,172.6,173.43,95677917,173.3700039110123724,324937
2015-07-13,174.69,175.45,174.65,175.34,79006719,175.0843951072974602,260036
2015-07-14,175.3,176.41,175.24,176.1,64297076,175.9879820810587544,210948
2015-07-15,176.15,176.6,175.57,176.04,74388088,176.1142000579672381,238408
2015-07-16,177.1,177.46,176.86,177.46,71767125,177.2008448922775848,219946
2015-07-17,177.45,177.67,177.04,177.61,61939707,177.3437804820213999,200925
2015-07-20,177.83,178.19,177.38,177.7,54373230,177.8168889252673223,181641
2015-07-21,177.57,177.83,176.7,177.0,62674429,177.1540355763380426,200735
2015-07-22,176.31,177.01,176.28,176.68,71187915,176.6065337559739837,217996
2015-07-23,176.81,176.91,175.33,175.69,73134782,175.9980126487601868,249907
2015-07-24,175.79,175.84,173.53,173.86,89744242,174.4290646841442454,291269
2015-07-27,172.98,173.49,172.41,172.85,98209610,172.8358761809167487,321123
2015-07-28,173.68,175.12,172.86,174.97,97997914,174.1289835337460847,308203
2015-07-29,175.1,176.4,174.96,176.18,87885818,175.8082677430764412,293324
2015-07-30,175.67,176.39,175.05,176.22,70965852,175.891019926612403,235749
2015-07-31,176.72,176.75,175.67,175.95,77849055,176.1300817901607221,247451
2015-08-03,175.92,175.98,174.41,175.36,90371862,175.1470861554308217,315249
2015-08-04,175.28,175.74,174.53,175.02,70364176,175.1429067522219353,241949
2015-08-05,175.91,176.63,175.31,175.59,67217983,175.9654133037306279,244496
2015-08-06,175.78,175.89,173.57,174.16,87630877,174.3680453972943684,292840
2015-08-07,174.0,174.15,172.92,173.82,87669578,173.5054165749802815,292053
2015-08-10,174.93,176.09,174.93,176.01,66755771,175.6778703629592481,230373
2015-08-11,174.68,175.09,173.66,174.42,87922097,174.3471483812498681,308657
2015-08-12,173.12,174.82,171.66,174.63,136156330,173.1501673022247907,429970
2015-08-13,174.47,175.16,173.87,174.41,77197796,174.5669849900372406,241733
2015-08-14,174.24,175.13,174.08,175.05,58555694,174.7199511474824534,183763
2015-08-17,174.46,176.03,174.0,176.03,67266912,175.265781206563063,218160
2015-08-18,175.76,176.1,175.28,175.52,53829266,175.6176869567512532,187500
2015-08-19,174.78,175.54,173.32,174.13,137796369,174.2811138105495201,454826
2015-08-20,172.62,173.17,170.44,170.49,146368696,171.7500672272481106,492143
2015-08-21,168.62,169.62,165.11,165.36,259386697,167.3683809030520118,885834
2015-08-24,156.59,163.7,152.46,158.44,353822135,160.1229675001270209,1477119
2015-08-25,163.36,163.37,156.36,156.54,273826859,160.7490421008182039,1132210
2015-08-26,160.56,162.82,157.45,162.55,255761551,159.8529780528331405,1082561
2015-08-27,164.69,166.68,163.17,166.57,226787722,165.2301982213858928,839784
2015-08-28,165.92,167.04,165.44,166.57,111959716,166.1747433465941633,472360
2015-08-31,165.6,166.45,164.68,165.23,108020882,165.4951723848293866,403458
2015-09-01,161.43,162.8,159.43,160.3,173955986,161.2940362792570948,662741
2015-09-02,162.7,163.38,160.84,163.34,121033137,162.0112218699018814,438763
2015-09-03,164.05,165.55,162.96,163.46,117199589,164.1636145224782468,419050
2015-09-04,161.2,162.04,160.16,160.98,122018169,161.1243525089762062,432497
2015-09-08,163.78,165.18,163.14,165.03,92715665,164.1585992386275014,340353
2015-09-09,166.62,166.73,162.45,162.82,110639557,164.5782113207996146,406121
2015-09-10,162.61,164.85,162.37,163.71,120040185,163.5199864283097081,406616
2015-09-11,163.31,164.48,162.6,164.45,82020134,163.5592728184732377,287553
2015-09-14,164.64,164.68,163.36,163.84,56856167,163.7966629207379506,209124
2015-09-15,164.33,166.33,163.91,165.89,80712145,165.4299736947705646,278216
2015-09-16,166.19,167.52,165.85,167.33,73930161,166.8192073214043475,260189
2015-09-17,167.19,169.61,166.57,166.95,194008406,167.7553789760649656,632455
2015-09-18,164.43,166.0,163.81,164.22,145482216,164.8132367212779701,496305
2015-09-21,165.05,166.1,164.02,165.07,82723603,165.0947130907531612,326244
2015-09-22,162.9,163.39,161.79,162.93,105335035,162.5807510087556983,414479
2015-09-23,163.1,163.57,162.09,162.67,72994102,162.7605597940323263,290581
2015-09-24,161.45,162.54,160.11,162.08,131892631,161.2624333260503702,451274
2015-09-25,163.54,163.84,161.16,162.04,122360793,162.7126667998228708,438330
2015-09-28,161.14,161.25,157.66,157.97,138210704,158.9795339354127984,499508
2015-09-29,158.18,159.42,157.06,158.06,132883837,158.1729150855738876,498081
2015-09-30,159.95,161.18,159.17,161.01,123349399,160.3944778345047568,449634
2015-10-01,161.39,161.74,159.49,161.43,109999808,160.6289014377391206,413073
2015-10-02,159.45,163.84,158.9,163.84,155626796,161.3481365788452547,548870
2015-10-05,165.07,166.99,164.96,166.76,109396833,166.1643232947577152,363571
2015-10-06,166.63,167.19,165.52,166.19,88716656,166.2911977180135902,339288
2015-10-07,167.12,167.9,165.93,167.55,106302444,166.9995098955282373,372055
2015-10-08,167.16,169.35,166.86,169.06,125998639,168.0296293850098654,411070
2015-10-09,169.2,169.64,168.53,169.16,74424197,169.1303280238523189,259862
2015-10-12,169.24,169.52,168.81,169.32,42032919,169.2000669452446983,159161
2015-10-13,168.59,169.86,168.09,168.26,72077283,168.9135492079581464,268186
2015-10-14,168.2,168.78,167.15,167.45,82856686,167.8170517089585691,288842
2015-10-15,168.11,170.02,167.74,170.02,95987113,168.9555606063872496,341636
2015-10-16,170.42,170.81,169.66,170.79,79272775,170.3200908273644704,262396
2015-10-19,170.15,170.88,169.84,170.88,61257529,170.4620893540548742,213887
2015-10-20,170.44,171.27,170.18,170.64,60081645,170.6629038385459699,212960
2015-10-21,171.08,171.23,169.43,169.6,83703839,170.3452976664219326,287881
2015-10-22,170.55,172.68,170.41,172.47,121670959,171.9232457914190322,390102
2015-10-23,174.14,174.73,173.34,174.36,103135843,174.1246430691041447,342406
2015-10-26,174.18,174.24,173.56,173.93,51484803,173.9515561075762393,182251
2015-10-27,173.26,173.93,172.91,173.59,62899472,173.3591953897259184,224431
2015-10-28,173.9,175.58,173.26,175.57,115480988,174.4640951684114212,359985
2015-10-29,175.05,175.83,174.94,175.46,64052955,175.3715413744799814,226940
2015-10-30,175.66,175.98,174.62,174.71,91064404,175.3597781829198848,292001
2015-11-02,175.04,176.97,174.91,176.78,70110547,176.1126224427694506,220922
2015-11-03,176.42,177.84,176.2,177.29,69592217,177.0889673422616328,242972
2015-11-04,177.58,177.71,176.21,176.75,75445431,176.835218495749938,270727
2015-11-05,176.81,177.27,175.68,176.57,63371991,176.4554354539508624,231345
2015-11-06,176.23,176.72,175.15,176.48,87622905,175.9723043720161402,311689
2015-11-09,175.87,176.02,173.89,174.83,96627592,174.7363290302318351,333310
2015-11-10,174.35,175.27,174.09,175.24,60954178,174.727086522577502,230263
2015-11-11,175.51,175.56,174.48,174.55,58689076,174.9472262503459858,223680
2015-11-12,173.51,173.98,172.1,172.11,95299175,173.077719020250875,318562
2015-11-13,171.7,171.97,170.09,170.18,120335951,170.8704401467857916,410787
2015-11-16,169.99,172.78,169.88,172.77,90592338,171.3745769279350476,342135
2015-11-17,173.08,173.96,172.15,172.64,100519237,172.9936962233925818,354263
2015-11-18,173.12,175.52,173.08,175.38,94448031,174.2582393161086406,327301
2015-11-19,175.26,175.65,174.94,175.23,62018401,175.3043231369931523,230772
2015-11-20,175.99,176.55,175.49,175.87,67027713,176.0479248891882608,244195
2015-11-23,175.93,176.43,175.2,175.67,54738008,175.8916424870319612,206824
2015-11-24,174.66,176.31,174.27,175.9,81748691,175.4421205238405046,285418
2015-11-25,176.03,176.23,175.62,175.88,42760518,176.011795086539179,169968
2015-11-27,175.97,176.28,175.49,176.08,27557173,175.9672630042042586,101931
2015-11-30,176.24,176.36,175.24,175.35,78991545,175.6412545523944889,267701
2015-12-01,175.98,177.14,175.7,177.02,80426519,176.425187247081536,287211
2015-12-02,176.96,177.29,174.96,175.21,88379373,176.0185169102877464,309669
2015-12-03,175.46,175.73,172.04,172.76,125711864,173.5784948895254535,451145
2015-12-04,173.15,176.42,173.03,176.13,138260765,175.2438267232550671,464067
2015-12-07,175.79,175.82,174.1,175.06,80572379,174.8287541067755634,311757
2015-12-08,173.49,174.8,172.9,173.89,85182207,173.8305632800998979,322582
2015-12-09,173.25,175.34,171.56,172.53,130282422,173.0878017558734071,492485
2015-12-10,172.62,174.29,172.36,172.98,87012644,173.2726519089614961,332863
2015-12-11,170.87,171.52,169.31,169.63,153424767,170.302446040023871,556018
2015-12-14,169.78,170.61,168.0,170.48,147054185,169.4294491806672102,601407
2015-12-15,171.99,173.18,170.45,172.27,113374768,172.5273697008292238,408503
2015-12-16,173.4,175.1,172.08,174.79,145601696,173.6415119871689339,555648
2015-12-17,175.12,175.19,172.11,172.13,123906600,173.3960961139183267,469424
2015-12-18,171.37,171.52,169.0,169.06,172261942,170.2581928646808106,695009
2015-12-21,170.25,170.63,169.12,170.46,80957845,169.9184118259757513,310510
2015-12-22,171.34,172.3,170.36,172.0,84530393,171.4102365357141712,316954
2015-12-23,173.03,174.18,172.92,174.13,79878686,173.6196585137630687,293860
2015-12-24,173.88,174.4,173.63,173.85,31975061,174.0093079138704065,130006
2015-12-28,173.15,173.49,172.38,173.45,50365046,173.0170120446165374,218569
2015-12-29,174.55,175.63,174.51,175.3,63679628,175.1782561141923302,245862
2015-12-30,175.05,175.14,173.91,174.06,45511770,174.6212518741257371,193437
2015-12-31,173.38,174.02,172.32,172.32,78733988,173.1142130880274137,315374
2016-01-04,169.47,169.92,167.85,169.91,151558064,168.8018676664491535,547301
2016-01-05,170.23,170.65,169.09,170.19,90100834,169.9539113374822581,342989
2016-01-06,167.64,169.1,167.02,168.05,118917648,168.0656754159209054,453793
2016-01-07,165.1,166.88,163.63,164.02,174183242,165.0084912940376626,660994
2016-01-08,164.98,165.54,161.93,162.22,157703921,163.7406515973760857,622836
2016-01-11,163.14,163.48,160.44,162.38,149915591,161.9859614571965675,589441
2016-01-12,163.82,164.44,161.56,163.69,139522550,163.0002332145258819,533801
2016-01-13,164.35,164.7,159.22,159.6,183466041,161.4982657872142813,679434
2016-01-14,160.22,163.35,158.62,162.22,186907832,161.362184326439306,694632
2016-01-15,157.86,159.54,156.81,158.74,240841028,158.3819158128202716,933868
2016-01-19,160.56,160.69,157.38,158.95,151432268,159.1705121041436685,588172
2016-01-20,156.39,158.48,153.0,156.92,245668826,155.5250503630094082,930828
2016-01-21,157.39,159.64,156.06,157.8,154915662,158.0852413238014182,665259
2016-01-22,160.41,161.24,159.65,161.03,132419551,160.5355528442159189,512834
2016-01-25,160.53,160.72,158.4,158.6,99220305,159.7579444969301925,400206
2016-01-26,159.26,161.04,158.92,160.76,115313355,160.3014251135657987,409321
2016-01-27,160.24,161.91,158.11,159.01,157117414,160.0157385685846942,604493
2016-01-28,160.56,160.76,158.19,159.84,118949538,159.7089213619926123,502164
2016-01-29,160.61,163.76,160.49,163.74,145411223,162.45844305081937,527171
2016-02-01,162.73,164.46,162.15,163.68,98332834,163.2825388536493205,401296
2016-02-02,162.25,162.26,160.2,160.73,128928554,161.1821510895133484,501663
2016-02-03,161.78,162.1,158.14,161.69,182398341,160.174641143899594,758878
2016-02-04,161.19,162.92,160.56,161.95,120427877,161.6791442506046158,525224
2016-02-05,161.43,161.51,158.23,158.86,141735613,159.4316870816559187,558999
2016-02-08,157.02,157.31,154.51,156.72,165203327,155.8132725873838508,654537
2016-02-09,154.99,158.01,154.85,156.73,155563198,156.4133833771370848,660121
2016-02-10,157.56,159.19,156.47,156.6,125015717,157.7894120612471331,538532
2016-02-11,154.12,155.61,153.06,154.56,176496672,154.3721614655119984,735850
2016-02-12,156.35,157.76,155.49,157.74,102758358,156.8106398154244372,434522
2016-02-16,159.55,160.41,158.59,160.41,89697353,159.7249806648170883,371416
2016-02-17,161.57,163.4,161.45,163.03,107576134,162.662987855214135,445832
2016-02-18,163.3,163.36,162.05,162.36,86054863,162.5886079263433232,384992
2016-02-19,161.58,162.44,160.97,162.28,79561103,161.8735463374261854,346689
2016-02-22,163.87,164.78,163.8,164.63,74800771,164.4083805042848209,300925
2016-02-23,163.97,164.24,162.44,162.55,87931415,163.1287076371211986,365258
2016-02-24,161.13,163.58,160.02,163.3,119110441,161.5836336601230867,490391
2016-02-25,163.75,165.28,162.99,165.28,86360609,164.1066346564795507,341858
2016-02-26,166.15,166.24,164.73,164.9,94017751,165.4505447349408419,383347
2016-02-29,164.9,165.86,163.5,163.6,89686326,164.6746268405839974,355689
2016-03-01,164.82,167.51,164.35,167.45,103620927,166.2983068787752245,415957
2016-03-02,167.14,168.25,166.72,168.2,77503599,167.4706359849549007,341448
2016-03-03,168.02,168.88,167.45,168.86,70563778,168.1172342302522478,310270
2016-03-04,169.05,170.19,168.23,169.41,93257150,169.2895633364319063,405110
2016-03-07,168.49,169.95,168.41,169.54,73294565,169.1771482166612647,311231
2016-03-08,168.48,168.98,167.53,167.69,94858774,168.238101614667351,415702
2016-03-09,168.5,168.87,167.72,168.52,70054724,168.3555880932247234,299613
2016-03-10,169.01,169.95,166.83,168.66,124663641,168.2482443322407618,511614
2016-03-11,170.11,171.42,169.99,171.38,91382999,170.8151971047481931,358519
2016-03-14,170.87,171.61,170.54,171.16,60547506,171.1270856701270239,249745
2016-03-15,170.19,170.9,169.93,170.88,63249335,170.4475235927163733,264409
2016-03-16,170.4,172.27,170.36,171.87,98925348,171.3645943066348714,399368
2016-03-17,171.78,173.47,171.38,172.96,89066302,172.6528411063072886,352167
2016-03-18,173.46,173.98,173.15,173.64,94923527,173.6261247666651527,377260
2016-03-21,173.37,174.11,173.15,173.88,55121416,173.7034369289317409,237319
2016-03-22,173.11,174.36,172.95,173.79,71729610,173.8274762222384851,279440
2016-03-23,173.41,173.6,172.47,172.64,67124272,173.0297166577516511,290566
2016-03-24,171.62,172.6,171.4,172.57,63975239,172.0255081324872183,254547
2016-03-28,172.98,173.2,172.21,172.67,51054477,172.7374596927000804,223955
2016-03-29,172.28,174.34,171.96,174.27,78764103,173.3746478432486527,311559
2016-03-30,175.26,175.75,174.67,175.03,67160952,175.2437330848576094,282176
2016-03-31,174.94,175.36,174.45,174.61,66645303,174.9276877621857189,276473
2016-04-01,173.6,175.98,173.3,175.8,82800637,174.9489273672039325,333840
2016-04-04,175.72,175.92,174.92,175.23,47329510,175.3720202991681327,204277
2016-04-05,173.88,174.39,173.22,173.48,67894686,173.7824482595997575,294714
2016-04-06,173.56,175.43,173.3,175.37,75909390,174.4553189465788722,314592
2016-04-07,174.28,174.64,172.54,173.27,90240651,173.4672525211283184,349434
2016-04-08,174.45,174.89,173.2,173.74,72436668,174.0475185302278893,294539
2016-04-11,174.38,175.07,173.24,173.33,65845541,174.1809032497426604,274692
2016-04-12,173.5,175.23,173.06,174.95,82559799,174.3542184266918757,323047
2016-04-13,175.86,176.8,175.73,176.71,77593294,176.2836241465528824,298320
2016-04-14,176.76,177.22,176.37,176.72,52850065,176.791675498590272,217819
2016-04-15,176.72,176.81,176.2,176.53,49339952,176.5495440013819048,207729
2016-04-18,175.97,177.8,175.86,177.77,57240483,177.2597963931933404,219479
2016-04-19,178.19,178.58,177.51,178.33,67101047,178.1391160409503883,269849
2016-04-20,178.37,179.19,177.89,178.5,55699861,178.6029890145497118,217715
2016-04-21,178.51,178.63,177.27,177.54,58075225,177.8782936913258606,243783
2016-04-22,177.19,177.81,176.64,177.54,65504515,177.2614955615947851,256338
2016-04-25,176.93,177.24,176.32,177.23,50022102,176.7908259143895578,208992
2016-04-26,177.6,178.0,177.02,177.5,49336777,177.4501032541569691,199955
2016-04-27,177.11,178.25,176.76,177.86,65338431,177.5282650006243614,265708
2016-04-28,177.1,178.21,175.83,176.24,74979972,177.1094199896637115,305788
2016-04-29,175.63,175.97,174.19,175.29,105904806,175.004999924452203,415394
2016-05-02,175.8,176.87,175.36,176.69,52149923,176.1137073064066635,221053
2016-05-03,175.46,175.69,174.4,175.15,79397652,175.0508774712915033,326338
2016-05-04,174.16,174.89,173.67,174.17,73747383,174.2029924389616063,293803
2016-05-05,174.64,175.0,173.71,174.14,58270810,174.2811541854288215,234521
2016-05-06,173.37,174.82,173.21,174.78,69470460,174.0679085510452679,283520
2016-05-09,174.65,175.35,174.47,174.92,53888569,174.9446794462000659,224980
2016-05-10,175.63,177.1,175.56,177.1,55896067,176.4951706125347079,222793
2016-05-11,176.64,177.17,175.44,175.44,64239291,176.1680806952530995,250942
2016-05-12,176.11,176.28,174.48,175.49,74951582,175.3635244571604498,295395
2016-05-13,175.19,175.74,173.64,173.96,79114901,174.6583695705534748,301403
2016-05-16,174.13,176.15,174.07,175.68,60847734,175.3524798625510124,243841
2016-05-17,175.41,175.69,173.51,174.04,93793897,174.4680627095897206,357280
2016-05-18,173.69,175.27,173.0,174.09,106529779,174.0662093826438748,419790
2016-05-19,173.37,173.77,172.28,173.49,92622709,172.9702457637003863,379489
2016-05-20,174.1,175.1,174.05,174.58,68885800,174.6269349551265374,279717
2016-05-23,174.59,174.88,174.15,174.34,45280424,174.5317815246445898,195836
2016-05-24,175.16,176.92,175.13,176.6,65703675,176.3227050197862953,260013
2016-05-25,177.28,178.22,177.24,177.8,59681556,177.8562045021063095,241745
2016-05-26,177.94,178.17,177.54,177.85,41188372,177.8400624022924312,169066
2016-05-27,178.01,178.62,177.96,178.62,48878450,178.3132808020997085,199512
2016-05-31,178.88,179.0,177.72,178.28,74321735,178.3846458749612142,295756
2016-06-01,177.67,178.82,177.47,178.64,57039288,178.244464481840433,240419
2016-06-02,178.24,179.19,177.76,179.19,51546006,178.5537131309065933,212396
2016-06-03,178.63,179.0,177.44,178.65,77282968,178.3302724861142823,307017
2016-06-06,179.0,179.92,178.85,179.56,52605029,179.4789103255031323,221193
2016-06-07,179.71,180.4,179.69,179.84,49042160,180.0319896401793008,194427
2016-06-08,179.97,180.55,179.84,180.43,52096485,180.2571294533730751,209872
2016-06-09,179.7,180.3,179.42,180.18,54695399,179.8297886004051112,222221
2016-06-10,178.8,179.14,177.93,178.47,80505173,178.5273760206839392,313370
2016-06-13,177.87,178.73,177.01,177.1,82155781,177.8536557495038831,339816
2016-06-14,176.71,177.34,175.79,176.75,102154228,176.4501426498956981,430899
2016-06-15,177.17,177.87,176.31,176.5,82993959,177.1697404679152821,339641
2016-06-16,175.63,177.2,174.65,177.03,111547942,175.9458368118663878,445698
2016-06-17,176.92,176.95,175.71,176.37,86460918,176.3979465405503251,335589
2016-06-20,178.33,179.01,177.42,177.5,68067744,178.3237256077624698,306418
2016-06-21,177.88,178.42,177.44,178.01,58575025,177.9419858104037657,251794
2016-06-22,178.19,178.91,177.57,177.72,74757737,178.1759829121403564,324701
2016-06-23,179.18,180.07,178.72,180.03,72282078,179.3809825856820155,291437
2016-06-24,173.9,176.7,173.12,173.47,243539208,174.8094990616080898,1046130
2016-06-27,172.16,172.17,169.65,170.46,183846802,170.5428949730084825,791798
2016-06-28,172.08,173.53,171.76,173.53,123612836,172.5822565750052019,507942
2016-06-29,174.92,176.72,174.83,176.49,107108393,175.9316603451188221,417726
2016-06-30,176.96,178.95,176.4,178.89,116972308,177.9274677420478247,446445
2016-07-01,178.79,179.76,178.73,179.27,78984781,179.3382823846352187,319563
2016-07-05,178.45,178.56,177.39,177.98,84414697,177.9146576817339002,338701
2016-07-06,177.49,179.17,176.83,179.05,81019066,178.1418227513029436,337808
2016-07-07,179.23,179.9,178.17,178.94,68073147,178.9889947400721256,282641
2016-07-08,180.24,181.85,180.0,181.6,89820510,181.1325448326230447,347785
2016-07-11,182.07,182.82,181.86,182.24,58385635,182.4374629766142926,224688
2016-07-12,183.2,183.87,182.97,183.57,69764775,183.5297341193923322,266159
2016-07-13,183.99,184.0,183.06,183.54,62326105,183.5340041394969419,240286
2016-07-14,184.81,185.04,184.17,184.57,67714587,184.658727435070612,249718
2016-07-15,185.13,185.17,183.87,184.32,61845914,184.4255843373549229,224890
2016-07-18,184.44,184.98,184.18,184.82,38158136,184.7432738331433409,163289
2016-07-19,184.4,184.66,184.15,184.63,39236669,184.3982562086848758,157036
2016-07-20,185.11,185.63,184.67,185.4,42881930,185.3291205915059064,158039
2016-07-21,185.27,185.51,184.25,184.7,51636428,184.896140552890965,195583
2016-07-22,184.82,185.58,184.55,185.52,46216015,185.2223700888887495,175275
2016-07-25,185.32,185.37,184.44,185.02,42875443,184.7910980583157192,162746
2016-07-26,184.92,185.46,184.26,185.11,56544823,184.8696664282418361,213218
2016-07-27,185.48,185.55,184.14,184.91,63323659,184.8756444563884668,237677
2016-07-28,184.7,185.41,184.25,185.12,54279457,184.8047621226507059,196794
2016-07-29,184.86,185.78,184.58,185.42,60580868,185.3632807523433351,222172
2016-08-01,185.48,185.87,184.81,185.27,59329540,185.2326181371400266,226432
2016-08-02,185.02,185.17,183.24,184.08,72796484,183.971254198216547,281350
2016-08-03,184.02,184.68,183.72,184.62,41852984,184.2915057060677753,158459
2016-08-04,184.72,185.13,182.97,184.82,38372335,184.7671859457294188,158688
2016-08-05,185.5,186.37,185.38,186.33,48585434,186.1173663028302169,194896
2016-08-08,186.51,186.62,185.95,186.22,33419531,186.2215547933846198,135258
2016-08-09,186.28,186.82,186.0,186.33,42688744,186.4119976900533447,159741
2016-08-10,186.43,186.52,185.52,185.87,45610104,185.9329014343078805,175141
2016-08-11,186.39,186.98,186.13,186.73,48188152,186.7091910893393013,179015
2016-08-12,186.42,186.78,186.16,186.57,41738139,186.4999601042097454,152406
2016-08-15,186.94,187.45,186.92,187.1,38941060,187.2566076667596224,148683
2016-08-16,186.67,186.75,186.14,186.14,46004375,186.4564058991419198,180917
2016-08-17,186.17,186.63,185.34,186.49,60761552,186.001221755982645,232360
2016-08-18,186.45,186.94,186.35,186.91,42850145,186.6878409888156968,157996
2016-08-19,186.44,186.81,185.95,186.63,52238224,186.4871500438956396,190881
2016-08-22,186.4,186.86,186.03,186.63,48628907,186.4649459393512304,187423
2016-08-23,187.24,187.54,186.94,187.0,41980682,187.2489216305709672,163216
2016-08-24,186.87,186.95,185.63,186.04,50351503,186.3513634045665427,187228
2016-08-25,185.66,186.34,185.51,185.92,48750122,185.8936172493444211,172760
2016-08-26,186.1,187.13,184.68,185.57,101652467,185.8090708512717297,376391
2016-08-29,185.69,186.75,185.66,186.48,48419113,186.4137056980948062,174887
2016-08-30,186.39,186.68,185.62,186.17,43366791,186.0652720575527444,175700
2016-08-31,185.84,185.96,184.86,185.64,60857559,185.476009283106434,241416
2016-09-01,185.63,185.94,184.49,185.65,71631778,185.2625082778723265,278630
2016-09-02,186.51,186.92,185.92,186.49,64073411,186.4581139071835871,239307
2016-09-06,186.77,187.1,186.05,187.05,42651333,186.6323307274546275,161073
2016-09-07,186.89,187.21,186.43,187.04,46345359,186.8782838854843838,170565
2016-09-08,186.7,186.98,186.3,186.61,55321372,186.6494108078733419,203847
2016-09-09,185.28,185.34,182.12,182.14,157885288,183.6586887265531775,545476
2016-09-12,181.38,185.16,181.31,184.76,132808699,183.5809743606479789,482173
2016-09-13,183.47,183.74,181.48,182.1,136831489,182.3460845463736861,535805
2016-09-14,182.15,183.35,181.48,182.03,102337918,182.3161944056408847,374445
2016-09-15,181.86,184.24,181.68,183.85,97534372,183.2620375654055558,363806
2016-09-16,183.23,183.41,182.45,183.14,91486798,182.9402540203210271,328853
2016-09-19,183.79,184.44,182.85,183.17,60843666,183.6363501928031013,239265
2016-09-20,184.03,184.19,183.15,183.18,46616233,183.6380668294799809,183975
2016-09-21,183.89,185.42,183.2,185.24,93952778,184.2157150712561811,358953
2016-09-22,186.26,186.71,186.01,186.41,63837973,186.41386833602377,237736
2016-09-23,186.01,186.15,185.29,185.39,52377280,185.7212054368954546,202708
2016-09-26,184.56,184.74,183.69,183.89,64134417,184.1135751889806145,248944
2016-09-27,183.72,185.12,183.35,185.03,58508961,184.540159403189883,214642
2016-09-28,185.25,186.1,184.29,185.95,66741256,185.2585718524717404,233672
2016-09-29,185.75,186.14,183.71,184.26,107494612,184.8783368285389159,416556
2016-09-30,185.1,186.36,184.85,185.65,79393514,185.7555381704337458,285458
2016-10-03,185.24,185.43,184.57,185.21,55840146,185.0088012159831483,207692
2016-10-04,185.32,185.54,183.67,184.26,87088383,184.6208413270042089,321109
2016-10-05,184.89,185.51,184.82,185.08,57366693,185.1864731120420146,210828
2016-10-06,184.86,185.43,184.31,185.21,49004176,184.9555854789993724,185019
2016-10-07,185.48,185.65,183.84,184.57,73335441,184.6388660121116732,266254
2016-10-10,185.53,186.0,185.38,185.53,38008402,185.7117639351727772,152527
2016-10-11,185.1,185.17,182.46,183.19,97351296,183.5213355354512256,371885
2016-10-12,183.33,183.95,182.83,183.43,59594936,183.4466618400061901,226221
2016-10-13,182.1,183.33,181.29,182.83,82701384,182.283640491407969,299142
2016-10-14,183.82,184.27,182.85,182.92,71665455,183.445803521667778,265277
2016-10-17,182.9,183.16,182.11,182.29,48268582,182.5274028995274746,195402
2016-10-18,183.9,183.95,183.05,183.43,55643301,183.5848510924965733,192114
2016-10-19,183.71,184.23,183.34,183.92,47063555,183.8921290576613162,159890
2016-10-20,183.57,184.14,182.92,183.58,60502435,183.568543044066136,214308
2016-10-21,182.78,183.75,182.62,183.66,52458377,183.285297992378091,182995
2016-10-24,184.5,184.81,184.09,184.44,42805749,184.4706356177761335,154496
2016-10-25,184.27,184.52,183.66,183.83,51704113,183.974527618152595,191935
2016-10-26,183.0,184.04,182.76,183.46,61693175,183.4157623798223061,229025
2016-10-27,184.18,184.21,182.89,182.97,60252170,183.3359387743465214,224668
2016-10-28,182.94,183.62,181.71,182.43,114965359,182.6415592385413797,399880
2016-10-31,182.76,182.98,182.27,182.44,47327612,182.5789019998345921,176843
2016-11-01,182.76,182.81,179.9,181.11,95507331,181.1729765614553124,356117
2016-11-02,180.82,181.19,179.59,180.02,80583448,180.4228063336509742,320442
2016-11-03,180.24,180.45,178.93,179.2,70957633,179.7086854760615436,277122
2016-11-04,179.31,180.15,178.86,179.0,79845877,179.5086973032030221,319729
2016-11-07,181.49,182.98,181.36,182.95,78745469,182.3462977301150134,292616
2016-11-08,182.56,184.34,182.29,183.77,88031433,183.5745512724353894,320050
2016-11-09,182.28,186.34,182.26,185.72,200214534,184.5187014447292534,776665
2016-11-10,186.53,187.38,184.73,186.19,148168902,186.0525163155374942,583851
2016-11-11,185.49,186.0,184.81,185.76,76988033,185.5031925789302353,315445
2016-11-14,186.28,186.49,185.16,185.9,79223224,185.8010290423720597,320259
2016-11-15,186.29,187.35,186.08,187.35,64734582,186.70483825275879,260722
2016-11-16,186.74,187.23,186.62,187.0,47942625,186.9228511107248672,195951
2016-11-17,187.16,188.02,187.04,187.96,53215320,187.6816045219137148,201884
2016-11-18,188.03,188.2,187.36,187.54,49246579,187.654996653421837,183285
2016-11-21,188.12,188.98,187.97,188.96,51964493,188.5974301890387876,201408
2016-11-22,189.27,189.51,188.6,189.33,51663253,189.1192877388158149,192505
2016-11-23,188.81,189.48,188.62,189.43,42625530,189.1029796903853049,171217
2016-11-25,189.77,190.16,189.7,190.13,24425750,189.9269652952962133,90548
2016-11-28,189.83,190.1,189.14,189.24,52233237,189.5844962782550824,205859
2016-11-29,189.28,190.07,188.98,189.61,45896419,189.5999460083471624,174697
2016-11-30,190.23,190.39,189.1,189.16,73936613,189.7106690740070325,279431
2016-12-01,189.44,189.46,188.1,188.46,64128334,188.7098698913758021,254716
2016-12-02,188.55,189.04,188.19,188.56,54564756,188.5742555939008758,216118
2016-12-05,189.39,190.03,189.19,189.69,49535522,189.6119624650856371,201885
2016-12-06,189.88,190.33,189.4,190.29,43883504,189.8840493783740924,170550
2016-12-07,190.13,192.84,190.01,192.78,82503622,191.6770763873938326,301481
2016-12-08,192.76,193.72,192.49,193.25,69979601,193.0958766008497737,267344
2016-12-09,193.47,194.42,193.44,194.42,59930498,193.9481867109295348,226257
2016-12-12,194.32,194.8,193.77,194.19,61783330,194.1670578872340444,242021
2016-12-13,194.85,195.99,194.84,195.49,69707216,195.40046133958504,253329
2016-12-14,195.19,195.89,193.43,193.88,103710263,194.7035068487644917,394234
2016-12-15,194.11,195.54,193.98,194.68,77403557,194.8046888847272508,306992
2016-12-16,195.13,195.19,193.97,194.29,73809076,194.4894699636130731,268040
2016-12-19,194.48,195.14,194.33,194.72,49697438,194.7225817376498808,194178
2016-12-20,195.25,195.62,195.02,195.47,38674493,195.3303991040272566,156141
2016-12-21,195.34,195.51,194.92,194.92,34923169,195.2000291859548004,129513
2016-12-22,194.78,194.9,194.19,194.59,36366477,194.516234648780145,138049
2016-12-23,194.63,194.88,194.44,194.87,24299567,194.6854565291920888,94048
2016-12-27,195.14,195.75,195.12,195.36,56318668,195.4633591529223443,226302
2016-12-28,195.62,195.63,193.63,193.74,42633770,194.2926200210931217,159172
2016-12-29,193.81,194.16,193.26,193.7,33883977,193.6796223930704243,133838
2016-12-30,194.03,194.11,192.3,192.99,72735202,192.9440252394430286,259762
2017-01-03,194.29,194.98,193.29,194.47,65816978,194.0249731694211534,260249
2017-01-04,194.8,195.77,194.79,195.62,53682773,195.4201903058784906,215852
2017-01-05,195.36,195.62,194.67,195.47,43631714,195.2311107558264725,178459
2017-01-06,195.58,196.63,195.04,196.17,53296582,196.1264326435158908,193399
2017-01-09,195.91,196.06,195.48,195.52,34343772,195.7318693815350718,129246
2017-01-10,195.54,196.38,195.13,195.52,45365944,195.7500002972935688,155214
2017-01-11,195.43,196.07,194.77,196.07,60106428,195.5125716385524349,239442
2017-01-12,195.55,195.77,194.22,195.58,59432700,195.0662057601190113,241563
2017-01-13,195.75,196.33,195.72,196.03,42883030,196.0539089804823943,166377
2017-01-17,195.39,195.8,194.95,195.34,44397694,195.383065097420914,170013
2017-01-18,195.59,195.81,195.04,195.77,42486523,195.5229321618429989,166180
2017-01-19,195.85,195.99,194.61,195.05,47426945,195.2846401261610466,181644
2017-01-20,195.73,196.25,195.17,195.76,68552710,195.6904272883731695,270743
2017-01-23,195.43,195.82,194.49,195.25,49394839,195.0946971991679741,196071
2017-01-24,195.47,196.92,195.36,196.5,50073369,196.2593926924111362,186670
2017-01-25,197.45,198.21,197.29,198.21,55937244,197.8393724942162265,202799
2017-01-26,198.06,198.33,197.72,198.0,39634631,198.021545028741228,150383
2017-01-27,198.08,198.22,197.51,197.69,34691811,197.7115927069664402,134062
2017-01-30,197.0,197.02,195.48,196.46,62132487,196.1350664129248979,230716
2017-01-31,195.97,196.5,195.4,196.44,54079958,195.9114517852378164,196940
2017-02-01,197.07,197.36,195.93,196.52,60059643,196.5235860363196763,229497
2017-02-02,196.16,196.94,195.83,196.65,51007716,196.426887818941425,177164
2017-02-03,197.55,198.19,197.25,198.01,54487203,197.8834047182010957,193562
2017-02-06,197.6,198.0,197.32,197.65,37438972,197.6321620284058891,140114
2017-02-07,198.04,198.28,197.47,197.66,36963321,197.8557766560930299,133970
2017-02-08,197.38,198.05,197.12,197.92,37837099,197.694325168149058,139337
2017-02-09,198.2,199.4,198.16,199.09,45521326,198.9652160251202005,159982
2017-02-10,199.46,200.1,199.34,199.88,44461382,199.7362116333233816,156491
2017-02-13,200.37,201.23,200.35,200.97,42342102,200.8318369712964202,152667
2017-02-14,200.79,201.78,200.44,201.77,50850084,201.20308905587364,176763
2017-02-15,201.56,203.01,201.5,202.82,61473645,202.3669211721758668,207121
2017-02-16,202.86,203.03,201.9,202.65,66786200,202.446351850736577,241698
2017-02-17,201.99,202.97,201.97,202.97,48329877,202.4403082121504174,170125
2017-02-21,203.34,204.35,203.33,204.18,52838456,203.9909331979656717,194467
2017-02-22,203.77,204.22,203.61,204.0,39266269,203.9633051358576055,147325
2017-02-23,204.52,204.53,203.38,204.14,62442105,204.0246048986598771,219795
2017-02-24,203.29,204.45,203.25,204.4,57964755,203.8389788563712462,218630
2017-02-27,204.3,204.89,204.06,204.72,41659147,204.5538549634173965,167846
2017-02-28,204.34,204.58,203.77,204.16,59059331,204.2309519875293324,209725
2017-03-01,205.81,207.49,205.8,207.02,79898964,206.8418038567415622,282373
2017-03-02,206.83,206.84,205.67,205.72,55178748,206.1899542663793973,199605
2017-03-03,205.63,206.01,205.25,205.85,45071566,205.6598408246809399,172087
2017-03-06,205.05,205.59,204.63,205.23,38523724,205.1288640060415646,143937
2017-03-07,204.92,205.29,204.41,204.62,39725885,204.8033708993308483,152170
2017-03-08,204.9,205.17,204.1,204.24,54523096,204.6436461652686117,194754
2017-03-09,204.34,204.83,203.53,204.5,58603340,204.325923451025871,198702
2017-03-10,205.46,205.5,204.27,205.22,57074557,204.9786364183289341,193945
2017-03-13,205.16,205.36,204.83,205.32,38759668,205.1167767288692443,145569
2017-03-14,204.79,204.83,203.92,204.53,45468891,204.3906767215916923,161758
2017-03-15,205.1,206.73,204.87,206.3,68195824,205.8730949290775344,244760
2017-03-16,206.44,206.52,205.57,205.9,52399470,206.0004545991497368,189357
2017-03-17,206.16,206.35,205.54,205.54,50207441,205.945044776196616,175835
2017-03-20,205.54,205.82,204.92,205.31,37736302,205.4264990152264711,137253
2017-03-21,205.92,206.04,202.55,202.68,102884640,203.6436727868743162,369084
2017-03-22,202.71,203.44,202.09,203.15,70252351,202.8346373437553145,253635
2017-03-23,202.9,204.07,202.56,202.94,76535584,203.3132949692662193,277680
2017-03-24,203.24,203.81,202.01,202.79,82182122,202.9985255524900197,287300
2017-03-27,201.11,202.84,200.84,202.58,67181429,201.9995878992500153,234451
2017-03-28,202.28,204.48,202.16,204.05,64554450,203.5500223818831381,221637
2017-03-29,203.79,204.48,203.53,204.24,40664024,204.1214632790056516,156262
2017-03-30,204.2,205.09,204.01,204.89,40604926,204.7510021125580515,146954
2017-03-31,204.57,205.09,204.37,204.42,47612101,204.7215195776534159,168995
2017-04-03,204.47,204.67,202.83,204.06,58628033,203.8231693964410616,223757
2017-04-04,203.78,204.28,203.39,204.19,43130784,203.9471694697165261,154764
2017-04-05,204.87,205.85,203.38,203.59,84819699,204.7865545811196716,301892
2017-04-06,203.73,204.68,203.27,204.16,53572402,204.0390856079487095,199078
2017-04-07,203.91,204.64,203.46,203.95,53294001,204.064232475955519,190578
2017-04-10,204.09,204.87,203.54,204.07,46610548,204.2680088201494645,172659
2017-04-11,203.66,203.93,202.34,203.83,63952223,203.2005676299249899,252160
2017-04-12,203.55,203.74,202.71,202.94,55427850,203.1390011599770119,215435
2017-04-13,202.59,203.33,201.62,201.62,63217705,202.4739098578632373,248851
2017-04-17,202.14,203.4,201.94,203.4,46820072,202.8120918758872319,173394
2017-04-18,202.66,203.33,202.11,202.8,52794043,202.769602340289305,196935
2017-04-19,203.36,203.73,202.2,202.42,53759309,202.9334905490240301,202284
2017-04-20,203.04,204.51,202.72,204.07,65462998,203.8170994627842003,235242
2017-04-21,203.99,204.05,203.02,203.42,54069311,203.5951133176197933,210848
2017-04-24,205.67,205.87,205.17,205.66,72981989,205.5279536206337719,241926
2017-04-25,206.3,207.2,206.21,206.85,55752381,206.8572690914818934,193881
2017-04-26,206.84,207.7,206.68,206.72,57950185,207.1876469090899081,210503
2017-04-27,207.05,207.2,206.36,206.9,39577760,206.8199823561612786,151602
2017-04-28,207.16,207.18,206.32,206.45,42264701,206.5867234770626771,150139
2017-05-01,206.98,207.39,206.54,206.97,38750688,207.0194230334575219,146469
2017-05-02,207.11,207.23,206.64,207.05,39563850,206.9188355614297475,146116
2017-05-03,206.66,207.14,206.12,206.79,47293187,206.6292130126603979,183454
2017-05-04,207.1,207.18,206.19,207.04,46170568,206.8191152227815844,172051
2017-05-05,207.4,207.87,206.97,207.85,43732944,207.39489178680184,165446
2017-05-08,207.9,208.04,207.39,207.82,32087919,207.700122736402962,125379
2017-05-09,208.08,208.28,207.28,207.63,39723891,207.849269677685339,157914
2017-05-10,207.57,208.0,207.37,208.0,34223011,207.7677591400077191,125265
2017-05-11,207.55,207.74,206.49,207.57,45435703,207.1850455089510122,171297
2017-05-12,207.32,207.43,206.96,207.23,35283567,207.1937168427465201,128560
2017-05-15,207.65,208.49,207.64,208.37,42331120,208.2160670972344404,159653
2017-05-16,208.65,208.69,207.79,208.18,37206183,208.1978572962638967,149139
2017-05-17,206.46,206.93,204.43,204.49,118615699,205.5903872239609074,434946
2017-05-18,204.38,206.16,204.15,205.31,82965499,205.2105828037186171,303238
2017-05-19,205.8,207.31,205.74,206.65,69369363,206.6881780824695433,258261
2017-05-22,207.16,207.86,207.09,207.7,37631111,207.5171575933181235,145856
2017-05-23,208.07,208.32,207.69,208.16,36771635,208.0625844890542361,135169
2017-05-24,208.39,208.75,208.05,208.64,37424965,208.3920951732827849,136590
2017-05-25,209.15,209.92,208.94,209.64,45278721,209.5523196351189697,170403
2017-05-26,209.46,209.76,209.37,209.59,30002081,209.5956763040964467,111216
2017-05-30,209.27,209.66,209.12,209.41,28437351,209.4499978963323278,108348
2017-05-31,209.71,209.74,208.67,209.36,59150508,209.152571147147144,201091
2017-06-01,209.81,211.03,209.53,211.03,50892668,210.2538305391739754,192422
2017-06-02,211.07,211.88,210.78,211.73,50298878,211.4452718026739139,181114
2017-06-05,211.56,211.84,211.37,211.57,27596403,211.633439746036004,107736
2017-06-06,210.98,211.56,210.82,210.9,36565391,211.1755933216342466,131164
2017-06-07,211.23,211.51,210.57,211.29,38602639,211.1660548544592319,147687
2017-06-08,211.38,211.87,210.86,211.39,48051333,211.3186703292598036,174513
2017-06-09,211.66,212.46,209.8,211.07,103578275,211.2709779933846038,372994
2017-06-12,210.83,211.08,210.18,211.03,57096569,210.6162922918253755,250513
2017-06-13,211.57,212.11,211.21,212.06,43470532,211.7461670853773355,170877
2017-06-14,212.33,212.33,210.96,211.79,55101548,211.7175516838523133,229560
2017-06-15,210.43,211.5,210.15,211.38,51519268,210.9140536849941894,213065
2017-06-16,211.54,211.59,210.55,211.43,48987461,211.1014837377130275,190139
2017-06-19,212.26,213.25,212.16,213.19,42503652,212.8686066894275762,168506
2017-06-20,212.83,212.84,211.73,211.75,39206867,212.269980719098275,155083
2017-06-21,212.12,212.26,211.23,211.7,42749820,211.7288646673158332,161023
2017-06-22,211.71,212.2,211.43,211.6,32991335,211.8360422427896249,127656
2017-06-23,211.66,212.19,211.28,211.85,45792641,211.8011877467005372,155358
2017-06-26,212.52,212.94,211.78,211.99,43153802,212.2621384574781547,150153
2017-06-27,211.78,212.07,210.27,210.29,60858314,211.1546368442487782,232187
2017-06-28,211.31,212.37,211.07,212.17,50077380,211.9109794093810289,190742
2017-06-29,212.32,212.37,209.08,210.3,87799599,210.5725667595616887,342428
2017-06-30,211.1,211.49,210.5,210.7,50347409,211.0056338734681121,198939
2017-07-03,211.66,212.07,211.05,211.05,27272193,211.675711560780019,109682
2017-07-05,211.41,211.75,210.61,211.54,41068702,211.298411640616088,153034
2017-07-06,210.77,210.9,209.42,209.61,52390061,210.1412423704597597,199818
2017-07-07,210.18,211.11,210.02,210.97,36833230,210.729411991962411,136907
2017-07-10,210.83,211.57,210.66,211.19,27917471,211.2287026484379771,110471
2017-07-11,211.01,211.35,209.87,211.04,40920266,210.8121914201739136,149862
2017-07-12,212.0,212.79,212.0,212.62,38804592,212.5035058428947899,149307
2017-07-13,212.63,213.09,212.4,212.98,29908885,212.8598930654052296,111468
2017-07-14,212.98,214.33,212.88,213.97,40814165,213.7399690916536095,147380
2017-07-17,213.89,214.28,213.77,213.95,22399719,214.0266473219859169,97552
2017-07-18,213.54,214.11,213.2,214.06,31705318,213.7242845684134107,125455
2017-07-19,214.37,215.23,214.36,215.22,31007738,214.8927815497986138,120425
2017-07-20,215.47,215.59,214.76,215.31,33660609,215.2814091811914842,130129
2017-07-21,214.75,215.15,214.51,215.12,38773871,214.8570556913073859,146069
2017-07-24,215.04,215.21,214.6,215.07,28662084,214.9441919315300626,107417
2017-07-25,215.82,215.92,215.37,215.59,35713925,215.6665513629754934,135283
2017-07-26,215.88,215.91,215.34,215.6,34673148,215.6639372757687933,128989
2017-07-27,216.06,216.1,214.08,215.4,56650544,215.0984230767239994,213107
2017-07-28,214.92,215.28,214.47,215.15,36164871,214.9267646834854542,140676
2017-07-31,215.55,215.64,214.82,215.03,36239593,215.18991612895772,133454
2017-08-01,215.63,215.66,214.97,215.51,33212059,215.3920722062741797,121292
2017-08-02,215.64,215.75,214.68,215.61,37142821,215.2552683091245709,144584
2017-08-03,215.5,215.52,214.91,215.19,29202272,215.2535255843200971,113631
2017-08-04,215.68,215.91,215.2,215.58,39151671,215.5166770297923415,144355
2017-08-07,215.65,215.98,215.55,215.98,20901988,215.7989984481136035,79597
2017-08-08,215.67,216.89,215.08,215.45,44662459,215.9201178220230773,157589
2017-08-09,214.76,215.5,214.41,215.44,48559652,214.9921168636522835,180421
2017-08-10,214.6,214.74,212.35,212.4,87927259,213.4071086540030177,344205
2017-08-11,212.63,213.31,212.39,212.72,56557021,212.8354949181427695,227194
2017-08-14,214.0,215.04,213.96,214.83,49087348,214.7376790422022998,187752
2017-08-15,215.21,215.23,214.49,214.8,35283283,214.8770970265585002,144414
2017-08-16,215.32,215.72,214.75,215.17,45032044,215.2552683091246138,176076
2017-08-17,214.56,214.88,211.82,211.82,89496311,213.2485206967977998,360737
2017-08-18,211.65,212.78,211.04,211.49,86285596,211.8342995179847259,318962
2017-08-21,211.43,211.92,210.72,211.65,47865057,211.4474146113963509,190596
2017-08-22,212.25,214.02,212.22,213.87,49447846,213.3905527683605718,185134
2017-08-23,212.92,213.53,212.75,213.1,33791793,213.2232511871331354,128435
2017-08-24,213.48,213.64,212.39,212.6,40692468,212.8912621118848993,157034
2017-08-25,213.4,214.02,212.95,213.1,44552100,213.4175650028294955,173319
2017-08-28,213.6,213.66,212.69,213.11,24828539,213.068148679536844,100560
2017-08-29,211.84,213.61,211.68,213.35,40455548,212.8346235557402659,157425
2017-08-30,213.34,214.63,213.15,214.36,40191260,214.079800428521366,159628
2017-08-31,214.99,215.9,214.89,215.65,52610142,215.4260553399607383,188603
2017-09-01,216.03,216.39,215.81,215.96,39613558,216.1353443353728195,142603
2017-09-05,215.44,215.68,213.44,214.41,66632508,214.4788844087409058,261215
2017-09-06,215.09,215.47,214.56,215.14,44579797,215.0696681174501702,172756
2017-09-07,215.45,215.46,214.7,215.11,38571316,215.0295854469477688,148618
2017-09-08,214.82,215.32,214.62,214.86,39329087,214.9372210323117575,151064
2017-09-11,216.13,217.23,216.12,217.15,48788803,216.8655460284380884,173202
2017-09-12,217.52,217.9,217.34,217.88,42768510,217.6506435528437752,156064
2017-09-13,217.61,218.02,217.48,217.99,30866205,217.8257873956912032,118062
2017-09-14,217.66,218.12,217.49,217.92,40844716,217.8550981436096128,153945
2017-09-15,217.77,218.3,217.67,218.21,41701736,218.0360147328718785,150393
2017-09-18,218.58,219.03,218.29,218.68,31229800,218.7032869546425122,128564
2017-09-19,218.92,218.98,218.57,218.9,25489002,218.8407695515165585,97284
2017-09-20,218.97,219.09,217.98,218.97,42783459,218.6989085279905178,153050
2017-09-21,218.83,218.9,218.2,218.39,29184735,218.5552961338036619,108625
2017-09-22,218.09,218.6,218.06,218.43,31078501,218.3293693185585308,112361
2017-09-25,218.17,218.54,217.24,217.98,42816564,217.8635047227816138,152044
2017-09-26,218.41,218.66,217.87,218.12,36756968,218.2768281987339838,140413
2017-09-27,218.82,219.35,217.93,218.97,51453366,218.8074935089610231,177526
2017-09-28,218.68,219.31,218.6,219.23,25569734,219.0299175828845679,95568
2017-09-29,219.22,220.08,219.04,220.0,41424191,219.7348442738626871,140160
2017-10-02,220.23,220.95,220.05,220.95,37463749,220.6105296042702989,137436
2017-10-03,221.08,221.45,220.87,221.43,33869271,221.1578329357750614,113256
2017-10-04,221.29,221.93,221.16,221.69,30226129,221.5676536704058442,105738
2017-10-05,221.99,223.02,221.9,223.0,45348957,222.6701415013890602,158890
2017-10-06,222.56,222.83,222.29,222.75,40714112,222.570313373722565,147994
2017-10-09,222.98,223.04,222.12,222.38,23492495,222.5028856032811759,90328
2017-10-10,222.97,223.34,222.41,222.97,28249922,222.821635063549607,110873
2017-10-11,222.87,223.32,222.7,223.32,24704774,223.066826956063773,99869
2017-10-12,223.0,223.35,222.74,222.98,32195950,223.0580701027596739,114146
2017-10-13,223.42,223.54,222.98,223.26,33555636,223.3181486458907927,119052
2017-10-16,223.49,223.75,223.14,223.55,25329347,223.4538798721039796,99413
2017-10-17,223.51,223.76,223.28,223.71,23608878,223.5221833278757542,94594
2017-10-18,224.09,224.13,223.74,223.93,25173813,223.9521448251059579,93778
2017-10-19,223.14,224.02,222.73,223.99,41420602,223.4565069280951573,152785
2017-10-20,224.79,225.17,224.54,225.15,41154891,224.8654846247211205,154629
2017-10-23,225.47,225.5,224.19,224.27,36347710,224.7744133503586789,155188
2017-10-24,224.69,224.9,224.31,224.67,44465366,224.6167899908852336,158212
2017-10-25,224.34,224.45,222.42,223.55,72221036,223.3356623524988335,256594
2017-10-26,224.17,224.44,223.79,223.84,37724977,224.0922544779709804,139142
2017-10-27,224.61,225.83,224.32,225.67,49914659,225.3059543459159903,188706
2017-10-30,225.11,225.58,224.53,224.83,37107800,225.0213566135335024,144772
2017-10-31,225.21,225.44,224.88,225.18,35713050,225.214883071553572,130934
2017-11-01,225.96,226.3,225.11,225.48,40454206,225.729786045833273,149971
2017-11-02,225.41,225.71,224.34,225.57,42414271,225.1868611409804589,177640
2017-11-03,225.73,226.36,225.31,226.32,38007482,225.9697238263649703,151836
2017-11-06,226.18,226.8,226.12,226.67,22669226,226.564314165711768,98226
2017-11-07,226.78,227.11,226.01,226.51,40161246,226.4890052272966186,135553
2017-11-08,226.33,227.0,226.06,226.9,32193787,226.6045956909104294,126909
2017-11-09,225.69,226.27,224.49,226.08,75307304,225.5712870010294419,279178
2017-11-10,225.69,226.11,225.38,226.01,35744128,225.8208573201956013,138774
2017-11-13,225.33,226.44,225.29,226.22,32425670,226.0292704288326681,115121
2017-11-14,225.4,225.8,224.63,225.69,40944449,225.443436942790015,163582
2017-11-15,224.72,225.24,223.85,224.56,55527073,224.6474389774494342,206118
2017-11-16,225.51,226.84,225.46,226.47,57927070,226.2902246572941493,190151
2017-11-17,226.12,226.31,225.73,225.8,42067775,226.0240163168501541,156636
2017-11-20,226.05,226.39,225.8,226.19,29350110,226.1466122631072259,121595
2017-11-21,226.96,227.85,226.88,227.67,42318236,227.583611890306187,164958
2017-11-22,227.7,227.81,227.3,227.47,27600006,227.5547142744027803,112817
2017-11-24,227.92,228.1,227.82,227.99,16321290,227.9776702889896778,64204
2017-11-27,228.04,228.33,227.68,227.88,29726737,228.0126977022059836,116542
2017-11-28,228.34,230.22,228.25,230.19,57817673,229.3306041244695045,211152
2017-11-29,230.32,230.86,229.6,230.05,51223571,230.1309805164620779,201578
2017-11-30,230.97,232.98,230.89,232.07,82842240,231.8981135132246551,305050
2017-12-01,231.86,232.33,228.34,231.58,129828311,230.7789876609637422,502131
2017-12-04,233.2,233.63,231.29,231.3,65823137,232.579396700281787,270421
2017-12-05,231.56,232.19,230.34,230.47,60164023,231.1984409342288931,231794
2017-12-06,230.19,230.94,230.05,230.52,40840747,230.5302930271279219,167635
2017-12-07,230.38,231.56,230.25,231.24,40145397,231.081099099954244,156626
2017-12-08,232.07,232.51,231.81,232.5,40960721,232.2107331761801183,152760
2017-12-11,232.56,233.27,232.49,233.2,38139161,232.9401790564097639,142110
2017-12-12,233.43,234.09,233.23,233.62,46507136,233.7633232669928892,155953
2017-12-13,233.86,234.3,233.5,233.59,48965879,233.973487746290749,182623
2017-12-14,233.92,234.01,232.58,232.63,57350831,233.2427570556562898,223947
2017-12-15,233.64,235.04,233.59,234.57,59281733,234.4576451387897231,215158
2017-12-18,235.95,236.41,235.87,236.06,45671583,236.147556838866568,177857
2017-12-19,236.31,236.35,235.08,235.15,46993762,235.5472861204018113,181884
2017-12-20,236.1,236.17,234.73,235.03,42145689,235.2585928716386321,163008
2017-12-21,235.65,236.23,235.27,235.51,35004687,235.7330003749413667,144710
2017-12-22,235.52,235.57,234.92,235.45,36583581,235.3166835863287271,137933
2017-12-26,235.06,235.35,234.9,235.17,24881278,235.126568520070103,110986
2017-12-27,235.32,235.65,235.01,235.28,32569202,235.3078819628908505,139091
2017-12-28,235.75,235.81,235.4,235.77,23583464,235.5798521271220424,96306
2017-12-29,236.37,236.37,234.69,234.88,43875696,235.4275840416464132,158433
2018-01-02,235.74,236.6,235.36,236.56,50845878,236.0894661241766151,185191
2018-01-03,236.72,238.21,236.72,238.06,52746102,237.700163213312382,185881
2018-01-04,238.71,239.54,238.61,239.06,47846114,239.1638731910352364,164427
2018-01-05,239.84,240.78,239.36,240.65,45775233,240.1223699834224654,166748
2018-01-08,240.56,241.25,240.27,241.09,33630597,240.91099544345841,119538
2018-01-09,241.52,242.26,241.24,241.64,40454991,241.7770751897477577,142848
2018-01-10,240.89,241.53,240.21,241.27,41645642,241.0350983339327811,161913
2018-01-11,241.82,243.03,241.66,243.03,39239115,242.4371969475902601,147441
2018-01-12,243.29,244.78,243.16,244.61,54067380,244.2802568954864483,186787
2018-01-16,245.87,246.52,243.08,243.78,70262877,244.7898708925408786,274475
2018-01-17,244.72,246.49,243.97,246.1,62177934,245.5080833650735969,205053
2018-01-18,246.01,246.41,245.2,245.69,57410528,245.8443053804014399,198758
2018-01-19,246.27,246.81,245.69,246.81,54911410,246.3380764552676008,194911
2018-01-22,246.6,248.81,246.54,248.81,47826449,247.8757200698688176,168192
2018-01-23,248.86,249.63,248.53,249.34,53449528,249.2179676441486724,181525
2018-01-24,249.96,250.58,248.06,249.24,77465986,249.4248057949393307,282576
2018-01-25,250.11,250.2,248.56,249.35,51909757,249.3913596258753092,200478
2018-01-26,250.2,252.24,249.93,252.24,56649898,251.226498112677711,197252
2018-01-29,251.7,252.1,250.41,250.56,61346208,251.2344195737717456,224636
2018-01-30,248.74,249.34,247.52,247.99,85843351,248.3457267614528964,325174
2018-01-31,248.84,249.35,247.04,248.12,77001395,248.19169835128969,287974
2018-02-01,247.36,249.14,247.04,247.84,65091670,248.0315088047198287,232884
2018-02-02,246.47,246.65,242.41,242.44,122398709,244.2292074795467977,422756
2018-02-05,240.7,242.79,231.76,232.3,206810224,237.8876377925395399,799464
2018-02-06,228.83,237.38,227.7,236.88,232217467,233.1453230841987327,1094293
2018-02-07,236.32,239.72,235.56,235.59,113720754,237.5232505822104414,561760
2018-02-08,235.86,236.03,226.72,226.76,157478918,231.4263660267768866,690693
2018-02-09,229.53,232.02,222.61,230.16,207935946,227.3239293423715059,914462
2018-02-12,232.2,235.01,230.5,233.54,100311611,233.1514842206052163,475913
2018-02-13,232.31,234.67,231.76,234.12,57230396,233.3592025337397114,293767
2018-02-14,232.81,237.64,232.34,237.28,87470496,235.7602854075989523,401505
2018-02-15,239.04,240.31,236.56,240.31,72356603,238.8038867924248236,325159
2018-02-16,239.68,242.33,239.64,240.38,75262663,240.9153962551771669,328198
2018-02-20,239.43,240.87,238.08,238.88,55196570,239.5590660833968425,262863
2018-02-21,239.32,241.8,237.63,237.69,68375684,239.8785650141926494,302635
2018-02-22,238.6,240.33,237.33,238.0,66211899,238.7369944542969727,310054
2018-02-23,239.24,241.79,238.74,241.79,55073154,240.3934599853098207,248433
2018-02-26,242.86,244.69,242.27,244.6,53332320,243.7389570540557971,211916
2018-02-27,244.78,245.49,241.48,241.54,70688405,243.4317803960732455,271502
2018-02-28,242.64,243.09,238.8,239.1,81625537,241.1636020361263932,297778
2018-03-01,238.22,240.43,234.12,235.62,145750003,236.7610299924885325,490815
2018-03-02,233.95,237.4,233.08,236.83,94881876,235.1740972866351431,421838
2018-03-05,235.65,240.19,235.54,239.57,66000328,238.4755862381916677,275122
2018-03-06,240.5,240.63,238.68,240.18,52271377,239.8028710526269954,209454
2018-03-07,238.03,240.44,237.82,240.09,64048156,239.1533112429100203,250357
2018-03-08,240.76,241.38,239.77,241.25,48123424,240.609979921882605,194416
2018-03-09,242.66,245.45,242.34,245.45,62001586,244.2573726745485456,251631
2018-03-12,245.74,246.37,244.76,245.14,44157763,245.4895999558544506,185170
2018-03-13,246.33,246.81,242.95,243.56,59174093,244.6701688137859751,240817
2018-03-14,244.52,244.7,241.75,242.31,67636142,242.6845225661957236,280961
2018-03-15,242.82,243.47,241.54,242.04,51158291,242.388398710619566,205171
2018-03-16,242.55,243.36,242.27,242.31,43869812,242.799136339034407,187360
2018-03-19,241.54,241.58,237.38,239.03,77837551,239.0372815968613244,325843
2018-03-20,239.42,240.07,238.75,239.43,38399844,239.4579165175272471,156496
2018-03-21,239.39,241.49,238.76,238.98,59805159,239.9359910807209456,249203
2018-03-22,236.75,237.6,232.73,233.0,104906671,235.2453815032120852,439833
2018-03-23,233.43,234.19,227.84,228.04,117320391,231.076147142494925,484353
2018-03-26,231.64,234.56,229.24,234.27,88264225,232.1180138892701773,341333
2018-03-27,235.21,235.74,228.73,230.29,102353681,232.687108193700413,411880
2018-03-28,230.42,232.09,228.5,229.61,105854255,230.1650660433216982,437402
2018-03-29,230.73,234.41,230.01,232.54,82919399,232.4440943214669118,322898
2018-04-02,232.02,232.52,225.05,227.52,126732874,227.5793984427580993,475846
2018-04-03,228.76,230.92,226.97,230.44,88856538,229.0145058191473424,346545
2018-04-04,226.87,233.61,226.75,232.9,95111447,230.3753835036544494,345908
2018-04-05,234.65,235.63,233.58,234.74,62792481,234.7469821434314274,239495
2018-04-06,232.78,234.27,227.99,229.51,125855951,230.7686241332685099,443030
2018-04-09,230.98,234.04,230.24,230.64,68248672,232.1480592407462384,250777
2018-04-10,233.53,235.1,232.39,234.31,82489168,233.9498966425058964,316496
2018-04-11,232.83,234.74,232.75,233.08,65643961,233.5593070733162004,253605
2018-04-12,234.41,235.94,234.23,235.0,56136874,235.2047319100384499,216886
2018-04-13,236.31,236.42,233.3,234.31,64569900,234.6515439681544247,238241
2018-04-16,235.94,237.0,235.12,236.24,47118588,236.2086001240645507,190029
2018-04-17,238.01,239.36,237.49,238.76,43232339,238.6007403136494793,176391
2018-04-18,239.21,239.74,238.48,238.94,38015484,239.2608543593162045,148033
2018-04-19,238.29,238.49,236.58,237.61,57749368,237.4952481166894789,225757
2018-04-20,237.54,237.76,234.72,235.6,59131847,235.9001934280302,223857
2018-04-23,236.17,236.73,234.49,235.56,46139819,235.6571795557967921,180300
2018-04-24,236.58,236.81,230.89,232.39,91933801,233.3551754206403254,341790
2018-04-25,232.33,233.41,230.51,232.97,69869259,232.0420168237717998,270739
2018-04-26,233.99,236.17,233.55,235.33,50166227,234.9811591475838563,197473
2018-04-27,235.96,236.24,234.62,235.56,42746872,235.5590903200952833,162921
2018-04-30,236.16,236.73,233.67,233.74,54409949,234.9431606148345146,202661
2018-05-01,233.2,234.27,231.62,234.16,54714174,232.9601674174098817,219878
2018-05-02,233.96,234.78,232.2,232.59,57554529,233.489495815474627,231183
2018-05-03,231.76,232.73,228.92,232.07,100437103,230.9603841706309175,399714
2018-05-04,231.07,235.76,230.77,235.08,60130999,234.1990963223961312,248162
2018-05-07,235.86,236.85,235.16,235.87,41665146,236.0919534653923488,177417
2018-05-08,235.5,236.24,234.31,235.87,49520787,235.3452381125296952,193630
2018-05-09,236.55,238.48,236.02,238.15,46237682,237.4236694852314961,186254
2018-05-10,238.9,240.71,238.79,240.38,47191684,239.946595322418211,190046
2018-05-11,240.5,241.38,239.99,241.11,39129864,240.7260070871813831,149986
2018-05-14,241.55,242.2,240.68,241.23,39656736,241.3666800230693863,148490
2018-05-15,239.97,240.02,238.62,239.57,60564951,239.246715370385876,224024
2018-05-16,239.58,241.03,239.57,240.57,35729499,240.3354175179914465,142156
2018-05-17,240.31,241.45,239.59,240.37,42929062,240.531595989394391,164246
2018-05-18,240.03,240.39,239.42,239.77,36348593,239.9589669377315746,148730
2018-05-21,241.22,242.11,240.89,241.57,38270420,241.5381152638445899,159851
2018-05-22,242.09,242.35,240.57,240.9,39359376,241.5372315770365412,146672
2018-05-23,239.64,241.59,239.47,241.56,45119786,240.4441109953903647,183288
2018-05-24,241.18,241.44,239.28,241.07,51452104,240.641173153601431,213642
2018-05-25,240.52,241.12,239.99,240.5,35515201,240.5439676047079955,143704
2018-05-29,238.87,239.63,236.62,237.73,80437073,237.8266306697344387,332937
2018-05-30,239.06,241.34,238.97,240.9,52232129,240.4105308966816516,212101
2018-05-31,240.5,240.8,238.82,239.43,63068868,239.7389289225093255,272828
2018-06-01,240.72,242.08,240.65,241.78,47790924,241.4744898136598435,202628
2018-06-04,242.59,243.18,242.36,242.93,34084022,242.8389022453993133,143756
2018-06-05,243.05,243.48,242.29,243.1,36059616,243.009453799366784,147692
2018-06-06,243.73,245.24,243.09,245.13,42690127,244.227174220958234,187293
2018-06-07,245.62,245.91,244.2,245.11,52001346,245.0383987108135573,225646
2018-06-08,244.65,245.89,244.48,245.83,43714522,245.2708083413494085,176878
2018-06-11,246.05,246.88,245.94,246.16,36488451,246.4319728072209349,157114
2018-06-12,246.58,246.84,245.83,246.48,46066807,246.4081132634017289,159824
2018-06-13,246.7,246.97,245.49,245.69,50634520,246.34890624725759,208997
2018-06-14,246.56,246.84,245.71,246.31,44777401,246.3038104525652895,183370
2018-06-15,245.52,246.33,244.42,246.0,59494469,245.505454813075138,243084
2018-06-18,244.54,245.61,244.06,245.49,37240349,245.0403243315397582,166963
2018-06-19,243.22,244.77,242.8,244.55,60168577,243.8499808663894561,266416
2018-06-20,245.23,245.63,244.63,244.97,35008997,245.1388538801092198,159877
2018-06-21,244.96,244.97,242.93,243.43,52742040,243.7496760106386603,231864
2018-06-22,244.69,244.81,243.65,243.87,38699431,244.2929200081568838,174888
2018-06-25,242.72,242.88,238.87,240.55,98120020,240.4955379470734455,406478
2018-06-26,241.12,241.94,240.37,241.09,55227718,241.2322904273679223,243879
2018-06-27,241.67,243.1,238.94,239.09,77174739,240.7973401679170858,329284
2018-06-28,239.04,241.22,238.33,240.46,60491490,239.6859978723405628,289354
2018-06-29,241.55,242.92,240.72,240.8,59833914,241.8944800060421268,254144
2018-07-02,239.23,241.48,238.99,241.32,48130386,240.1289370141077722,214594
2018-07-03,242.21,242.31,240.04,240.47,29943723,241.3352582438909164,136478
2018-07-05,241.58,242.49,240.52,242.43,41511644,241.692982640949671,197419
2018-07-06,242.45,244.85,242.07,244.48,47006112,244.076332532022378,204266
2018-07-09,245.48,246.73,245.44,246.68,32603484,246.1933863458803561,158061
2018-07-10,247.13,247.66,246.84,247.57,38066864,247.3349088635413504,155679
2018-07-11,246.0,246.8,245.45,245.76,56354889,246.1046209868088461,233436
2018-07-12,247.01,248.04,246.41,247.98,42782444,247.4653939413765663,182865
2018-07-13,247.82,248.48,247.35,248.18,36953922,248.1204822913250178,159838
2018-07-16,248.22,248.37,247.51,247.96,30332872,247.9172096190510328,131636
2018-07-17,247.18,249.35,247.13,248.96,39992068,248.587388080041782,168943
2018-07-18,249.07,249.59,248.6,249.48,30022711,249.2380381620366029,126747
2018-07-19,248.82,249.2,248.06,248.54,44341706,248.6805917070669222,184894
2018-07-20,248.33,248.97,248.1,248.26,43283529,248.5012856817422716,179298
2018-07-23,248.05,248.92,247.71,248.72,34026117,248.430273394484909,147167
2018-07-24,250.13,250.82,249.1,249.97,46677950,250.0031955572336737,195549
2018-07-25,249.72,252.42,249.68,252.1,50855068,250.9716256247048544,202163
2018-07-26,251.39,252.19,251.29,251.51,38319472,251.6338152033790586,176602
2018-07-27,251.84,251.93,248.88,249.8,57859571,250.1008374522122679,258839
2018-07-30,249.87,250.04,247.97,248.5,46948995,248.7720200269102295,194540
2018-07-31,249.26,250.34,248.88,249.72,48639813,249.6286057419511823,211404
2018-08-01,249.93,250.43,248.66,249.31,40627557,249.5380650756982916,185799
2018-08-02,247.99,250.83,247.8,250.66,42491132,249.7315735584743491,183142
2018-08-03,250.79,251.78,250.61,251.74,34482509,251.3098216427674073,151800
2018-08-06,251.7,252.97,251.38,252.66,29899355,252.4229392455253851,118466
2018-08-07,253.33,253.88,253.19,253.5,32455420,253.5777765670470953,129601
2018-08-08,253.33,253.79,252.93,253.39,29011057,253.4348643389417282,111985
2018-08-09,253.45,253.84,252.9,253.04,24338809,253.4348643389417789,103316
2018-08-10,251.61,252.15,250.64,251.35,56663261,251.4722622498685026,229027
2018-08-13,251.62,252.24,250.11,250.41,49247724,251.0062441147424794,210686
2018-08-14,251.13,252.24,250.36,252.0,32906436,251.7714015099396481,147445
2018-08-15,250.66,250.8,248.69,250.12,76380190,249.6232798204066852,349556
2018-08-16,251.56,253.02,251.53,252.15,48205121,252.2542850632889734,201413
2018-08-17,251.94,253.49,251.53,253.03,43617718,252.6022452708495789,190181
2018-08-20,253.49,253.84,253.03,253.58,27878520,253.517416122878045,118891
2018-08-21,254.08,255.03,253.96,254.17,47705358,254.5000486478005519,187073
2018-08-22,253.76,254.54,253.49,254.02,32602224,254.1006045319781078,142394
2018-08-23,253.84,254.7,253.36,253.68,35732521,253.8751405199359917,152861
2018-08-24,254.26,255.35,254.21,255.21,40944048,254.9465384039303093,170443
2018-08-27,256.41,257.33,256.25,257.22,36804658,256.963287362037131,160658
2018-08-28,257.69,257.79,256.89,257.35,31369013,257.3245623734584489,131529
2018-08-29,257.56,258.96,257.31,258.73,39014935,258.4563207016215111,157872
2018-08-30,258.25,258.63,257.09,257.69,46219827,257.9734371482720378,206459
2018-08-31,257.28,258.14,256.79,257.69,41562925,257.4151030397116451,185290
2018-09-04,257.28,257.61,256.25,257.28,43756251,256.9535231725393054,188972
2018-09-05,256.9,257.1,255.55,256.56,49427384,256.3605705739410368,229449
2018-09-06,256.67,256.97,254.76,255.79,50779433,255.6886168057688043,230805
2018-09-07,254.75,256.27,254.5,255.29,51086227,255.3042628009886364,245344
2018-09-10,256.32,256.57,255.54,255.73,32357418,255.9220697001269553,156972
2018-09-11,255.09,257.02,254.73,256.58,36324336,256.2584904110084294,164359
2018-09-12,256.59,257.24,255.85,256.64,46300746,256.5514160959448408,208791
2018-09-13,257.7,258.34,257.41,258.16,38431320,257.9414816190061292,177344
2018-09-14,258.36,258.55,257.42,258.2,36968152,258.0914950758372515,170087
2018-09-17,258.15,258.18,256.56,256.83,43582161,257.2642019292897809,190865
2018-09-18,257.04,258.82,257.02,258.23,38573521,258.2077776962211365,175057
2018-09-19,258.28,258.92,258.15,258.5,34585943,258.5335465640140184,164101
2018-09-20,259.76,260.92,259.64,260.6,53849038,260.3717484920154189,228904
2018-09-21,261.34,261.46,260.2,260.36,45736452,260.8225771645889024,197003
2018-09-24,259.78,259.92,258.91,259.49,37579510,259.4511877294271622,174827
2018-09-25,259.95,260.06,259.01,259.25,30133909,259.466346130205958,138535
2018-09-26,259.4,260.58,258.06,258.48,53534748,259.3593456541203928,228407
2018-09-27,258.98,260.29,258.67,259.2,42055283,259.4815045309844416,180562
2018-09-28,258.58,259.73,258.54,259.23,49387477,259.1284029599024797,210929
2018-10-01,260.48,261.2,259.46,260.13,45684023,260.4070586491236121,195503
2018-10-02,259.98,260.69,259.6,259.98,36043733,260.1324240938376615,166553
2018-10-03,261.01,261.45,259.76,260.12,44855604,260.6558347560221182,195612
2018-10-04,259.64,259.69,256.5,258.09,85170991,257.8773890603371408,379831
2018-10-05,258.31,258.83,255.21,256.64,77098096,256.8100593113849248,361463
2018-10-08,255.95,257.0,254.57,256.64,67466347,255.9870473161609907,318685
2018-10-09,256.26,257.57,255.7,256.27,57581718,256.5933833473117896,261186
2018-10-10,255.76,255.83,247.78,248.15,148873744,251.5866527371473946,692967
2018-10-11,247.06,248.69,241.07,242.69,201677669,245.2468745290852659,1081400
2018-10-12,246.79,247.07,242.86,246.06,130236363,245.2031826680171451,749877
2018-10-15,245.7,247.03,244.59,244.67,75357626,245.7952519690232687,422312
2018-10-16,246.61,250.4,246.16,250.02,74834031,248.5808310297809127,356078
2018-10-17,250.06,250.69,247.49,250.07,81725982,249.4618016162176124,429617
2018-10-18,249.13,249.73,245.18,246.46,106245882,246.9998989956186079,575935
2018-10-19,247.1,249.04,245.63,246.32,86813259,247.2138999477896269,451882
2018-10-22,246.99,247.31,244.68,245.22,64980116,245.7141099413255416,343842
2018-10-23,241.59,245.09,239.51,243.97,113627428,242.2704779526424937,640311
2018-10-24,243.72,244.1,236.03,236.58,129419347,240.2303355419468375,720237
2018-10-25,238.41,242.36,237.39,240.82,97297132,240.2383605776532692,553665
2018-10-26,237.11,241.64,233.88,236.59,160509802,236.6467112637187783,842251
2018-10-29,239.66,240.97,231.7,235.28,119840185,236.7786785175576008,660000
2018-10-30,235.11,239.07,234.62,238.76,122597429,236.9204541483708263,672818
2018-10-31,241.33,243.63,240.86,241.31,96462782,242.2981197422979466,451347
2018-11-01,242.2,244.08,241.09,243.88,72102945,242.9748977535383248,357124
2018-11-02,244.98,245.41,240.39,242.44,93540390,242.5219290714432913,463924
2018-11-05,242.93,244.33,241.95,243.77,46793036,243.1995987533174946,236179
2018-11-06,243.71,245.48,243.65,245.32,44760968,244.6699636288580847,211769
2018-11-07,247.49,250.65,247.06,250.57,72783325,249.0997833387952735,327254
2018-11-08,249.79,250.76,248.97,250.11,49381871,249.9566788181130264,239246
2018-11-09,248.8,248.99,246.26,247.67,70564989,247.698077102076172,327906
2018-11-12,247.13,247.4,242.53,243.04,78678265,244.3132953752402862,380788
2018-11-13,243.48,245.5,241.87,242.59,78843406,243.4046829991483273,404956
2018-11-14,244.44,244.86,239.37,240.93,95557991,241.7550923261644838,467082
2018-11-15,239.66,243.91,238.08,243.44,101956324,241.3395738106994255,500527
2018-11-16,242.35,244.99,241.83,244.08,78810958,243.5999588680041734,372530
2018-11-19,243.47,243.76,237.84,239.95,77549208,240.6182122677565645,381674
2018-11-20,236.62,238.08,234.64,235.51,102780926,236.2383261133259864,502314
2018-11-21,237.06,238.21,236.3,236.31,52187558,237.2824724257930495,258195
2018-11-23,234.67,236.14,234.57,234.73,29253230,235.3314970785018761,137874
2018-11-26,236.99,238.74,236.6,238.52,56123136,237.8103414411478148,252258
2018-11-27,237.49,239.32,236.88,239.32,56586327,238.3926023651792718,260710
2018-11-28,240.39,244.83,239.44,244.83,96206466,242.463970480230079,427391
2018-11-29,244.06,245.7,242.92,244.3,64617335,244.2722785260739575,305352
2018-11-30,244.15,246.35,243.83,245.79,59005596,245.2227994219662394,256251
2018-12-03,249.9,250.02,247.44,249.04,78312666,248.641464632895893,363782
2018-12-04,248.21,248.64,240.66,240.97,138245253,243.5990671973697855,681199
2018-12-06,237.11,240.72,234.01,240.61,158944896,237.3270559574951229,817024
2018-12-07,240.27,241.84,234.18,235.02,127953611,236.9846544340216591,649665
2018-12-10,234.84,236.44,230.6,235.46,130949722,233.6551562864966777,704257
2018-12-11,238.66,238.85,234.05,235.52,101810622,236.5602192122162664,501365
2018-12-12,238.5,239.86,236.62,236.7,76281606,238.2954102660683347,379114
2018-12-13,237.64,238.51,235.51,236.62,73385472,236.7679784699487243,370277
2018-12-14,234.47,235.43,231.7,232.25,94320449,233.3118630923892632,466332
2018-12-17,231.33,232.41,226.06,227.7,125208554,229.0639441917974866,629002
2018-12-18,229.33,230.01,225.84,227.45,102452880,228.3390159663187549,486825
2018-12-19,227.53,231.3,222.34,224.04,174215711,226.552999686325964,958192
2018-12-20,222.81,224.39,218.13,220.39,194847798,221.3036660397671455,975057
2018-12-21,221.28,223.96,215.23,215.88,178513434,219.1658649808254612,865438
2018-12-24,214.38,215.51,210.15,210.17,106056404,212.7199947800307355,514116
2018-12-26,211.64,220.79,209.65,220.79,149712150,214.8464951621212033,767613
2018-12-27,217.56,222.58,214.32,222.49,142728437,217.7245802427320248,726806
2018-12-28,223.84,225.48,221.04,222.2,117770814,223.0188576596362737,584200
2018-12-31,223.83,224.36,221.95,224.15,89321793,223.2654994163106665,415231
2019-01-02,220.61,225.31,220.59,224.38,86190132,223.4224532614670473,428984
2019-01-03,222.66,222.94,218.54,219.03,106309391,220.4080425553489503,495387
2019-01-04,222.06,227.01,221.68,226.36,104687701,225.1650893822606662,501867
2019-01-07,226.63,229.56,225.74,228.15,72601725,228.0727714736723384,322073
2019-01-08,230.34,230.78,227.81,230.29,73895512,229.5266125193781975,342222
2019-01-09,230.99,232.21,229.77,231.37,70838444,231.2692486401718372,322290
2019-01-10,229.87,232.44,229.15,232.18,70483237,231.1795607286538687,312432
2019-01-11,231.11,232.27,230.52,232.27,50728951,231.5490749241077542,215136
2019-01-14,230.37,231.66,229.97,230.86,44545149,231.0853884215600043,194922
2019-01-15,231.23,233.82,231.22,233.5,65273983,232.8988779924530299,268850
2019-01-16,233.93,234.96,233.73,234.07,53850177,234.3850066863053721,232065
2019-01-17,233.2,236.7,233.15,235.84,64758765,235.0648410556113688,285928
2019-01-18,237.66,239.45,236.87,238.98,75282594,238.3563874083198875,329449
2019-01-22,237.51,237.73,234.14,235.75,83477648,235.5984841291431154,381407
2019-01-23,236.79,237.48,233.78,236.25,69364624,235.647812480478056,322586
2019-01-24,236.07,236.96,235.05,236.37,46337430,236.0819019722248366,222527
2019-01-25,238.22,239.2,237.77,238.37,73675170,238.5447320225075233,304084
2019-01-28,236.23,236.62,234.79,236.56,58933396,235.8702385010423692,279677
2019-01-29,236.69,237.27,235.41,236.25,44107928,236.2944623225222703,194321
2019-01-30,237.76,240.83,237.0,239.99,74133590,239.0469843270079408,336206
2019-01-31,239.92,242.58,239.71,242.09,67951169,241.5501739374738944,280364
2019-02-01,242.29,243.23,241.42,242.21,62856849,242.2811304163450698,253958
2019-02-04,242.26,243.97,241.58,243.92,42021353,242.961861664766269,181191
2019-02-05,244.37,245.24,243.84,244.94,52305024,244.7098790602512052,217747
2019-02-06,244.66,245.15,243.88,244.61,41352827,244.5601002480163111,178191
2019-02-07,243.0,243.55,240.62,242.28,74897681,241.8461440454832575,355488
2019-02-08,241.04,242.61,240.21,242.58,58614897,241.2748320491139499,263279
2019-02-11,243.23,243.49,242.18,242.71,43885882,242.7591669847359338,204381
2019-02-12,244.33,246.21,244.26,245.83,54470046,245.5242452968342412,222575
2019-02-13,246.67,247.48,246.25,246.63,50424335,246.8614920575667464,200897
2019-02-14,245.55,247.22,244.73,246.09,63617169,246.0256007222194532,281678
2019-02-15,247.84,248.8,247.66,248.77,61421608,248.1888731480322028,255872
2019-02-19,247.98,249.85,247.96,249.2,42683780,249.1592963506564886,160756
2019-02-20,249.16,250.16,248.66,249.7,57302267,249.4678227662782934,236029
2019-02-21,249.09,249.42,247.84,248.81,48320189,248.6534565296953304,210080
2019-02-22,249.43,250.55,249.17,250.35,54358148,249.9691781916635535,209061
2019-02-25,251.78,252.3,250.61,250.7,48130134,251.4866976545470258,194816
2019-02-26,250.35,251.4,250.14,250.52,45038154,250.7727818788641365,185406
2019-02-27,249.83,250.76,248.87,250.41,43987581,249.971868829008841,192362
2019-02-28,250.19,250.63,249.62,249.94,47277286,250.0965350260187591,185357
2019-03-01,251.52,251.92,250.07,251.5,55920673,251.2185307991084973,218978
2019-03-04,252.56,252.8,248.29,250.59,75796655,250.2974359478191555,348209
2019-03-05,250.72,250.91,249.7,250.25,39208372,250.4104427163318915,166651
2019-03-06,250.36,250.37,248.41,248.73,52797483,249.1583994715414844,216836
2019-03-07,248.28,248.43,245.81,246.65,75829773,246.8103699480016669,325533
2019-03-08,244.79,246.33,244.33,246.16,63272122,245.156524859610742,292100
2019-03-11,246.87,249.89,246.85,249.73,47315296,248.9557047915109292,211543
2019-03-12,250.27,251.19,250.09,250.67,50205336,250.6902690002680051,206622
2019-03-13,251.56,253.26,251.4,252.33,52277386,252.4409770330981593,227731
2019-03-14,252.36,252.78,251.72,252.17,38959678,252.2593175074864105,177720
2019-03-15,252.72,254.22,252.53,253.41,50599631,253.345808495933718,224202
2019-03-18,253.63,254.63,253.4,254.33,44066788,254.1079106236397927,201036
2019-03-19,255.39,256.16,253.5,254.39,63148539,254.9213600578225973,284507
2019-03-20,254.19,255.39,252.52,253.63,68222358,253.9538687042098567,337273
2019-03-21,252.8,256.9,252.76,256.49,63043546,255.6870655052814707,285841
2019-03-22,255.13,255.66,251.49,251.56,98311874,253.0052947792990662,479239
2019-03-25,251.22,252.4,250.11,251.37,60596066,251.1576925760777148,308832
2019-03-26,253.12,254.2,251.84,253.24,48197363,253.0494354462702761,228712
2019-03-27,253.23,253.82,250.37,251.92,58466639,251.9792494797041512,287744
2019-03-28,252.55,253.32,251.39,252.87,46570974,252.5107391432345039,219679
2019-03-29,254.39,254.79,253.26,254.47,50095556,254.1601587600547106,230703
2019-04-01,256.48,257.78,256.2,257.48,51215661,256.9905664258378258,227315
2019-04-02,257.67,257.84,256.82,257.61,33255379,257.4454855446221375,157060
2019-04-03,258.83,259.22,257.41,258.02,48216312,258.3742412108928404,220328
2019-04-04,258.34,258.95,257.65,258.7,39290443,258.4156793880493604,184686
2019-04-05,259.37,260.01,259.08,259.95,38425844,259.6957587302129315,174829
2019-04-08,259.53,260.26,258.87,260.15,35794530,259.6245931650962178,158024
2019-04-09,259.19,259.51,258.27,258.82,47665987,258.8408711188735295,192714
2019-04-10,259.23,259.79,258.82,259.7,35502478,259.3093026867307223,134075
2019-04-11,260.19,260.2,259.05,259.63,36670621,259.6011715867032542,136363
2019-04-12,261.24,261.66,260.57,261.38,40692398,261.1677148492100782,157964
2019-04-15,261.46,261.56,260.4,261.21,32490331,260.9821438819435749,137283
2019-04-16,262.1,262.15,260.79,261.38,34298810,261.5523692328155461,139773
2019-04-17,262.5,262.53,260.33,260.75,40743077,261.0722268757620037,167518
2019-04-18,261.33,261.53,260.03,261.26,38286567,260.9956563310161425,155004
2019-04-22,260.49,261.64,260.4,261.48,27709789,261.2010455569226001,112551
2019-04-23,261.85,264.07,261.62,263.84,37455202,263.2261112579667658,157865
2019-04-24,263.74,264.09,263.11,263.25,31724902,263.627881410398126,137693
2019-04-25,263.16,263.74,261.9,263.09,36522986,263.0576560595257615,164076
2019-04-26,263.13,264.38,262.36,264.31,35118307,263.4441121030078384,151621
2019-04-29,264.4,265.25,264.31,264.73,27364843,264.8259852281865522,124572
2019-04-30,264.38,265.15,262.97,264.86,43816746,264.2377432785505821,176031
2019-05-01,265.49,265.7,262.86,262.87,54386917,264.6061827232690001,246165
2019-05-02,262.75,263.67,260.81,262.3,53373559,262.193760148804545,248462
2019-05-03,263.78,265.15,263.55,264.87,37940551,264.4548432936536,172933
2019-05-06,260.57,264.22,260.25,263.78,59942554,262.6702991861051547,280189
2019-05-07,261.38,261.97,257.47,259.38,100268954,259.4282122385705085,457238
2019-05-08,259.02,260.73,258.42,259.02,64861659,259.6786429613864949,316183
2019-05-09,256.95,258.84,255.21,258.23,82074517,257.1247900866267981,391901
2019-05-10,257.3,260.29,254.3,259.53,91401948,257.2752286863040368,441347
2019-05-13,254.41,255.38,252.17,253.01,97625555,253.4448997891332614,475959
2019-05-14,254.05,256.83,253.9,255.3,60661460,255.6645447568258487,287385
2019-05-15,253.66,257.43,253.46,256.79,54054661,256.0528024601845084,260258
2019-05-16,257.49,260.53,257.42,259.17,54313220,259.4174022793128126,259835
2019-05-17,256.86,259.98,256.85,257.49,61962682,258.3237947343540888,295843
2019-05-20,255.89,257.12,255.04,255.79,49139704,256.0780256984541015,241718
2019-05-21,257.48,258.48,257.23,258.1,35632571,257.9391403507481495,182450
2019-05-22,257.14,258.26,256.83,257.3,36741536,257.4571963338181802,177539
2019-05-23,255.08,255.12,252.75,254.16,74385463,253.7827110159538095,345846
2019-05-24,255.6,256.02,254.12,254.74,37520659,255.0087405618261141,181851
2019-05-28,255.02,255.97,252.37,252.37,51841859,254.0889931949371798,253399
2019-05-29,251.25,251.66,249.27,250.67,78913957,250.4919792517566837,348784
2019-05-30,251.43,252.27,250.25,251.36,45507877,251.2874120871756218,204858
2019-05-31,248.81,249.64,247.94,247.97,61976516,248.591228082182112,286891
2019-06-03,248.01,249.13,246.01,247.34,78059276,247.4832072582122183,355009
2019-06-04,249.64,252.84,249.19,252.71,59330146,251.1667008754585006,273545
2019-06-05,254.33,254.93,252.52,254.9,54094550,253.9412570850741703,238258
2019-06-06,255.2,257.23,254.55,256.56,48197013,255.8411074247102775,216874
2019-06-07,257.57,260.2,257.4,259.12,54100985,259.222823012664025,239563
2019-06-10,260.66,261.98,260.22,260.31,46346628,260.9956563310157506,208447
2019-06-11,262.13,262.5,259.6,260.25,42466096,260.7533330776433426,197101
2019-06-12,260.02,260.57,259.27,259.79,34054637,259.7894450437832498,143907
2019-06-13,260.7,261.22,260.0,260.86,35309654,260.589382028893064,151974
2019-06-14,260.57,261.18,259.81,260.57,34739981,260.4074143813792052,158592
2019-06-17,260.81,261.44,260.5,260.67,29086168,260.9902513513862103,129137
2019-06-18,262.49,264.46,262.13,263.4,60835835,263.5296909471352249,267858
2019-06-19,263.54,264.53,262.56,264.0,53404611,263.6738237372451826,231884
2019-06-20,266.68,266.93,264.04,266.52,62475405,266.0904759501667529,259859
2019-06-21,266.26,267.51,265.91,266.13,48574973,266.5228042681432545,201785
2019-06-24,266.34,266.66,265.65,265.81,31027482,266.1634358798753351,135423
2019-06-25,265.85,265.89,263.09,263.2,50455116,264.1873623494256945,219233
2019-06-26,264.1,264.6,262.82,262.94,32866758,263.5700090980439069,144446
2019-06-27,263.7,264.38,263.32,263.87,29146211,263.9701119383823192,122308
2019-06-28,264.85,265.72,264.33,265.23,41521022,264.920582486697445,170965
2019-07-01,268.56,268.77,266.43,267.63,52606278,267.529397839311225,220344
2019-07-02,267.59,268.39,266.75,268.33,42884949,267.5846156521182979,169388
2019-07-03,269.02,270.49,268.87,270.48,26400960,269.7779395936113939,109220
2019-07-05,269.25,270.33,267.95,270.17,35679222,269.2049416344842653,153286
2019-07-08,268.86,269.16,268.14,268.68,30187120,268.6065977940686491,130747
2019-07-09,267.53,269.32,267.47,269.02,27869201,268.6120290543445208,113712
2019-07-10,270.09,271.26,269.55,270.3,40549075,270.3871459545789404,170289
2019-07-11,270.95,271.18,269.93,270.94,38121949,270.6786235893955022,152773
2019-07-12,271.43,272.22,271.12,272.15,30864790,271.6598712792751989,113640
2019-07-15,272.59,272.59,271.74,272.24,22292723,272.0862252109480311,96695
2019-07-16,272.15,272.36,271.06,271.3,29018733,271.6417670783550181,123550
2019-07-17,271.34,271.5,269.52,269.52,30247109,270.4115866258213049,123884
2019-07-18,269.02,270.88,268.58,270.5,39546372,269.7127644702980249,162057
2019-07-19,271.58,271.63,268.81,269.0,43505134,270.2948145298854875,176586
2019-07-22,269.4,270.21,268.88,269.66,26798126,269.5317224610952318,116573
2019-07-23,270.78,271.59,269.95,271.59,32404645,270.8343197173101604,132446
2019-07-24,270.82,272.87,270.74,272.87,29736894,271.9957042063467715,123605
2019-07-25,272.42,272.47,270.76,271.56,37709373,271.5756867449961226,161863
2019-07-26,272.25,273.58,272.12,273.38,27433652,273.0204019784352748,121433
2019-07-29,273.26,273.31,272.33,272.88,27145839,272.8746631610270488,121517
2019-07-30,271.47,272.62,271.1,272.21,31024542,272.0473011789697077,135381
2019-07-31,272.46,272.65,267.22,269.24,82391917,270.5093493107910611,396481
2019-08-01,269.39,272.35,266.1,266.89,112301046,268.6337540954490304,552944
2019-08-02,266.0,266.24,263.33,264.88,83282309,264.6381569523409187,391398
2019-08-05,260.78,260.89,255.02,256.92,132101684,258.0165454657447274,559607
2019-08-06,258.81,260.74,257.33,260.52,81016097,259.1580153337690716,396694
2019-08-07,257.45,261.44,255.31,260.67,94580181,258.6791592194273201,473498
2019-08-08,262.16,265.79,261.61,265.79,58002816,264.2833146143030732,265804
2019-08-09,264.83,265.44,262.19,263.98,67239697,263.9483868972776267,318140
2019-08-12,262.47,263.03,259.81,260.76,47982357,261.452722800415661,227824
2019-08-13,260.47,266.27,260.12,264.82,74619725,264.4417263723556117,336730
2019-08-14,260.76,261.37,256.86,256.99,102140814,258.488159899718363,465371
2019-08-15,257.89,258.56,255.62,257.67,72165510,257.4354006162036212,375427
2019-08-16,259.32,261.9,257.72,261.47,52142455,261.0517147500315234,237425
2019-08-19,264.48,265.3,263.81,264.62,37111234,264.6752705642276996,167108
2019-08-20,264.11,264.65,262.47,262.59,36511064,263.4170286002676144,152517
2019-08-21,264.75,265.1,264.07,264.73,32467869,264.6662184637677667,145221
2019-08-22,265.43,266.07,262.87,264.65,41103902,264.5168588061755858,192521
2019-08-23,263.34,265.01,256.6,257.85,104076217,260.2288788182049116,534557
2019-08-26,260.04,260.7,258.51,260.7,47990618,259.7065726216544357,226793
2019-08-27,262.09,262.47,258.92,259.68,46130476,260.4569917498005156,225264
2019-08-28,259.02,261.67,258.21,261.51,44268821,260.5638065352300707,212549
2019-08-29,264.07,265.37,263.06,264.85,43637972,264.581128719442271,205383
2019-08-30,266.33,266.35,263.8,264.73,44001344,264.9812315597807359,201333
2019-09-03,263.03,263.94,261.85,263.18,47187455,262.8404098009563996,229818
2019-09-04,265.35,266.19,264.6,266.17,35398850,265.5442722084018661,155070
2019-09-05,268.66,270.5,268.52,269.59,59007150,269.6729352282741717,258226
2019-09-06,269.91,270.44,269.23,269.8,36232518,269.9662232831828991,163112
2019-09-09,270.78,270.88,268.99,269.93,35616088,269.8874700091794744,159325
2019-09-10,269.17,269.93,267.92,269.87,41066215,268.7106969493606682,193963
2019-09-11,270.18,271.87,269.53,271.79,41859845,270.9827741648570288,169714
2019-09-12,272.69,273.79,271.93,272.73,52778631,272.9697102158590649,250137
2019-09-13,273.17,273.53,272.18,272.55,36795475,272.8701371107974692,166205
2019-09-16,271.42,272.15,271.07,271.71,37606919,271.639956658263807,185520
2019-09-17,271.5,272.49,271.34,272.4,28270792,271.8472497588012112,145448
2019-09-18,272.01,272.67,269.97,272.56,53747274,271.3520998636311935,254566
2019-09-19,272.95,273.95,272.2,272.54,40898532,273.1799411941274867,192474
2019-09-20,273.14,273.43,270.46,271.25,54250102,272.0401128912325347,258379
2019-09-23,270.59,271.91,270.33,271.19,28326052,271.2171157521547415,133843
2019-09-24,272.28,272.67,268.1,269.06,75846925,269.8239316448983258,378417
2019-09-25,269.13,271.1,267.66,270.65,48657748,269.5993125362217911,248514
2019-09-26,270.66,270.87,268.68,270.09,43620446,269.8884982712789605,218613
2019-09-27,270.84,270.95,267.08,268.63,61007891,268.8272411869653592,311724
2019-09-30,269.14,270.59,269.11,269.88,36487541,269.9730714579463796,167944
2019-10-01,270.75,271.42,266.45,266.67,61132901,268.0551698377089549,303611
2019-10-02,265.1,265.1,260.67,261.96,88934180,262.3296560392183209,458336
2019-10-03,261.74,264.1,259.01,264.1,71688748,262.0413796932652103,394263
2019-10-04,264.76,267.93,264.7,267.68,44391833,266.5301243103789784,213827
2019-10-07,266.88,268.51,266.24,266.52,44449777,267.3067426051551493,224512
2019-10-08,264.67,265.41,262.35,262.39,71028307,263.67100496754945,367285
2019-10-09,264.4,265.81,263.78,264.88,41270560,264.8304760750899589,205006
2019-10-10,264.8,267.55,264.63,266.67,45326365,266.4691952404139694,235142
2019-10-11,269.41,271.67,269.31,269.43,69843576,270.6287410018967533,362295
2019-10-14,269.11,269.79,268.79,269.13,27046549,269.3292239723473185,137688
2019-10-15,270.17,272.54,270.06,271.8,35818356,271.7854839421253481,180157
2019-10-16,271.32,272.05,270.93,271.36,31626622,271.3944466274254569,159125
2019-10-17,272.52,273.03,271.46,272.16,34898255,272.2438160505178695,172234
2019-10-18,271.62,272.27,270.08,270.97,40943599,271.3726212889306856,199990
2019-10-21,272.29,273.01,271.84,272.81,26276431,272.5775618516689448,125226
2019-10-22,273.34,273.64,271.83,271.92,30132851,272.9467738278740647,151937
2019-10-23,271.66,272.76,271.44,272.71,24532426,272.1747024786176873,122589
2019-10-24,273.64,273.79,272.33,273.15,27675588,272.9795118356162486,136921
2019-10-25,272.58,274.82,272.53,274.27,31827331,274.1680833944833754,146397
2019-10-28,275.48,276.32,275.46,275.82,28220256,275.9413921471923486,136960
2019-10-29,275.54,276.66,275.42,275.74,31309637,275.987770991493915,149262
2019-10-30,275.94,276.95,274.63,276.58,37287193,275.7331420423869183,187085
2019-10-31,276.55,276.57,274.39,275.84,50741681,275.2357062025244575,226893
2019-11-01,277.28,278.45,277.13,278.4,47492810,277.9047632226276854,225513
2019-11-04,279.96,280.09,279.15,279.52,30697189,279.6107771816442487,143468
2019-11-05,279.7,280.02,278.92,279.21,30515999,279.3488731197056521,139377
2019-11-06,279.21,279.55,278.33,279.27,33060685,279.0133085403468057,158950
2019-11-07,280.63,281.42,279.78,280.26,36975713,280.6874938807248885,173381
2019-11-08,279.91,280.97,279.21,280.95,31421403,280.2837251185695961,145155
2019-11-11,279.56,280.58,279.43,280.41,21232199,280.1755078151990616,95560
2019-11-12,280.76,281.9,280.23,281.0,32723582,281.1731076622358429,140697
2019-11-13,280.01,281.49,279.78,281.09,38294152,280.8720998688271675,171026
2019-11-14,280.81,281.58,280.17,281.5,33589715,281.0912626428799558,139009
2019-11-15,282.83,283.57,282.15,283.54,32008779,282.9655135861279468,139752
2019-11-18,283.3,283.98,282.85,283.75,27968716,283.4993249901485414,131589
2019-11-19,284.34,284.36,283.02,283.67,41514103,283.7394037135921435,158483
2019-11-20,283.07,283.59,281.06,282.61,54087677,282.3998735634687006,255250
2019-11-21,282.71,282.83,281.36,282.16,35906169,282.1216004976590291,165430
2019-11-22,282.9,283.04,281.77,282.78,26782952,282.580841995155618,121134
2019-11-25,283.71,284.98,283.71,284.98,29345524,284.5633102417739742,130313
2019-11-26,285.01,285.8,284.69,285.62,26522631,285.3444754820700832,121193
2019-11-27,286.1,286.89,285.88,286.89,23218710,286.4666616363487042,107723
2019-11-29,286.33,286.58,285.6,285.83,18082239,286.1201843877425019,75982
2019-12-02,286.08,286.15,282.97,283.4,51166794,283.8558055188986862,259763
2019-12-03,280.68,281.58,279.3,281.5,56654841,280.4746968304000554,265485
2019-12-04,282.54,283.84,282.2,283.24,32428376,283.3383631187494217,153720
2019-12-05,283.95,283.96,282.44,283.75,28235469,283.3174471693583522,124431
2019-12-06,285.64,286.74,285.64,286.34,29874171,286.3511692201468284,130790
2019-12-09,285.93,286.62,285.37,285.44,22496464,285.9874135785655404,103361
2019-12-10,285.39,286.05,284.47,285.12,30868862,285.3053717506005756,146171
2019-12-11,285.59,286.18,285.18,285.93,28734830,285.7018653999242137,141109
2019-12-12,285.94,289.18,285.7,288.39,70231609,288.0790085176584209,325103
2019-12-13,288.16,289.8,287.39,288.57,61385123,288.5600753536498953,309651
2019-12-16,290.26,291.14,290.25,290.55,42323741,290.7771659890881683,171191
2019-12-17,290.93,291.23,290.53,290.61,29043329,290.8308199462212127,134533
2019-12-18,291.01,291.23,290.58,290.63,27620488,290.897205350809837,127233
2019-12-19,290.81,291.9,290.77,291.82,34467252,291.4702134386079119,142247
2019-12-20,292.86,293.76,292.77,293.1,52178922,293.3408851769344556,201900
2019-12-23,293.89,293.94,293.4,293.55,25714558,293.7000322180491891,111756
2019-12-24,293.78,293.82,293.26,293.56,12221768,293.492585962748862,56450
2019-12-26,293.95,295.12,293.93,295.12,18555326,294.5142816166076733,82013
2019-12-27,295.85,295.91,294.52,295.05,26829563,295.189624271528579,119935
2019-12-30,295.14,295.27,292.94,293.42,35338670,293.7009460782046686,156936
2019-12-31,292.91,294.38,292.57,294.14,31037619,293.4743087596382732,139282
2020-01-02,295.68,296.89,294.75,296.89,40312026,295.7470789663888749,191972
2020-01-03,293.47,295.76,293.44,294.64,47360039,294.9666423935843659,223886
2020-01-06,292.88,295.84,292.76,295.76,35730915,294.7674208796835301,164132
2020-01-07,295.2,295.67,294.48,294.93,27864743,295.1119461583103286,133825
2020-01-08,295.13,297.72,294.88,296.5,46170601,296.6061075125672924,213126
2020-01-09,298.06,298.59,297.48,298.51,32328140,298.1313401121114069,153826
2020-01-10,299.12,299.25,297.19,297.65,31873009,298.2967488002585943,153466
2020-01-13,298.28,299.71,297.85,299.7,27770432,298.96295285362453,134629
2020-01-14,299.27,300.31,298.69,299.24,44435604,299.3513434197159623,214999
2020-01-15,299.14,300.68,299.07,299.92,42234845,299.9672851645288528,198047
2020-01-16,301.3,302.41,301.07,302.41,33003314,301.6497017108207272,147154
2020-01-17,303.12,303.57,302.55,303.36,39418032,303.0515631893711488,169784
2020-01-21,302.39,303.57,302.32,302.76,40873744,302.8559971160923503,180939
2020-01-22,303.62,304.27,302.64,302.8,30088738,303.4883883437044599,141365
2020-01-23,302.16,303.33,301.03,303.15,36936927,302.2930592602989121,173552
2020-01-24,303.8,303.89,299.16,300.45,61121778,301.0346738261633157,298686
2020-01-27,295.2,297.11,294.87,295.63,60026569,296.1765932394783516,293254
2020-01-28,297.06,299.61,296.59,298.73,45747425,298.5672514062892979,206516
2020-01-29,300.09,300.32,298.28,298.49,38227378,299.2837177682081893,183033
2020-01-30,296.42,299.66,295.67,299.45,57152136,297.3408510775965995,279965
2020-01-31,298.82,298.99,293.1,294.02,84637603,295.1859688309068999,431841
2020-02-03,295.5,298.06,295.38,296.2,49388673,296.7221677523172117,241749
2020-02-04,299.81,301.58,299.49,300.71,40119675,300.8144335286858386,196896
2020-02-05,303.65,304.4,302.19,304.19,43220427,303.4280735734412124,219828
2020-02-06,305.16,305.4,304.13,305.21,30023076,304.9551338932963751,148355
2020-02-07,304.15,304.88,303.04,303.58,38243040,303.8886590918177239,179352
2020-02-10,302.7,305.89,302.66,305.85,29018997,304.6106086146696073,135475
2020-02-11,307.21,307.99,305.91,306.38,38057996,307.0067499424139128,178646
2020-02-12,307.82,308.56,307.45,308.35,27440511,308.0010297916075197,138146
2020-02-13,306.93,308.99,306.65,308.03,37930532,308.0275317361171831,178255
2020-02-14,308.39,308.64,307.24,308.52,39277056,308.0055990923849404,168281
2020-02-18,307.53,308.13,306.34,307.72,39797687,307.4198147327037497,184987
2020-02-19,308.67,309.87,308.41,309.2,28344274,309.2996250725852882,134523
2020-02-20,308.66,309.47,304.94,307.93,56230834,307.2580614851786253,272624
2020-02-21,306.57,306.88,303.93,304.75,71322377,304.9852912784282277,337249
2020-02-24,295.3,297.78,293.57,294.65,111223518,295.7982551350977855,545969
2020-02-25,296.03,296.65,284.84,285.72,165770741,289.171855147503266,889024
2020-02-26,287.13,290.71,283.94,284.67,141392867,286.879893877487094,779895
2020-02-27,279.15,282.98,271.88,271.88,194879621,278.0392107330946268,1100463
2020-02-28,263.83,270.74,260.94,270.74,244162885,265.6262482408184455,1499030
2020-03-02,272.51,282.53,269.1,282.47,158325165,275.4831438781367095,900941
2020-03-03,282.83,286.81,271.94,274.38,212375589,278.4038409351429011,1320711
2020-03-04,279.72,286.13,277.2,285.91,121532416,281.4725833373415226,667201
2020-03-05,278.71,281.9,274.17,276.41,122914687,277.5822806553404351,686196
2020-03-06,267.93,273.04,265.23,271.84,162399176,269.1299880770391631,903598
2020-03-09,251.58,259.71,249.9,250.61,205644066,254.5082255888980504,1217174
2020-03-10,260.1,263.66,249.94,263.58,188238306,256.7965314182922111,1083880
2020-03-11,256.52,257.65,247.55,250.73,169879819,252.4255382944935289,1061355
2020-03-12,233.94,243.69,226.34,226.74,267554746,232.9886466469762459,1656916
2020-03-13,240.43,247.73,228.08,246.12,221963628,235.8709615774510721,1236593
2020-03-16,220.19,234.77,216.91,219.19,206855511,225.7170613895924162,980904
2020-03-17,223.93,234.1,216.65,231.02,178430288,226.7625174074944722,918368
2020-03-18,215.9,226.98,208.38,219.33,228525495,216.2714028222530641,1310410
2020-03-19,218.63,226.11,212.17,219.79,202263963,220.8192885667163314,1105389
2020-03-20,222.99,224.72,210.04,210.32,196185928,217.4260341696677497,1119186
2020-03-23,209.67,210.86,200.63,204.94,199426886,205.5348441387253643,1130830
2020-03-24,215.49,224.38,214.92,223.51,172844253,219.7066496974019559,847686
2020-03-25,225.08,235.65,220.39,226.86,194945734,228.8870234480994502,982042
2020-03-26,229.37,241.57,228.93,240.1,162412030,236.2390440006256437,813718
2020-03-27,232.83,239.74,230.77,232.95,140620786,234.1955904261987699,751755
2020-03-30,235.07,241.23,233.05,240.52,101552732,238.1381780918382228,574641
2020-03-31,239.53,242.06,235.53,236.93,116385817,238.8478254870058335,639571
2020-04-01,227.95,231.13,224.2,226.27,118077472,227.6809905692654804,654432
2020-04-02,225.4,232.27,224.84,231.49,126023025,229.1554393022302095,647516
2020-04-03,230.51,232.86,225.41,228.14,101300286,228.33916095131208,535757
2020-04-06,237.01,245.44,235.99,243.47,126546760,240.8361251188031057,628269
2020-04-07,252.06,252.82,243.5,243.72,148721546,248.2598457967477904,724025
2020-04-08,246.3,253.17,244.11,251.9,110912861,249.3803900645058732,536873
2020-04-09,255.16,258.49,253.22,255.73,131647287,256.2121250915594084,633534
2020-04-13,254.77,255.1,249.49,253.4,85707865,251.9845753890002611,428631
2020-04-14,258.25,261.89,257.3,260.87,96171995,259.8725084174107507,476233
2020-04-15,255.15,257.01,253.21,255.33,84693428,254.925199763535279,417887
2020-04-16,256.6,257.41,253.49,256.56,86506085,255.5576316390214998,414814
2020-04-17,262.32,264.1,259.59,263.49,88846771,261.5841191036828273,418026
2020-04-20,259.78,263.17,258.63,258.85,72208041,260.7944984917023391,352794
2020-04-21,254.38,255.58,250.05,250.99,95255356,252.2631027992798341,493193
2020-04-22,255.87,258.3,254.54,256.56,62582206,256.4125177497804549,336086
2020-04-23,257.84,261.01,256.24,256.54,88078610,258.4173635643665898,453070
2020-04-24,258.07,260.79,256.01,260.12,57785295,258.293267193450034,269466
2020-04-27,262.06,264.99,261.63,263.87,55694651,263.544841764165306,262413
2020-04-28,267.52,267.86,262.35,262.65,79573390,264.5366934991210334,363115
2020-04-29,267.98,271.06,266.95,269.53,86921501,269.4031097038064532,398684
2020-04-30,268.15,268.64,265.28,267.02,85815154,266.9404861653945273,404479
2020-05-01,262.27,262.94,258.78,259.95,87510814,260.4286440055927936,404304
2020-05-04,258.02,260.97,256.59,260.67,59979173,258.8061988599052936,289895
2020-05-05,263.49,265.89,262.67,263.08,61431710,264.5440473581384998,282413
2020-05-06,264.77,265.16,260.86,261.29,57152222,263.1192371735404377,274616
2020-05-07,264.51,266.38,263.94,264.44,56177339,265.0303212856560901,266387
2020-05-08,267.57,269.29,266.45,268.82,50382683,268.0104726524090213,234294
2020-05-11,266.89,270.25,266.47,268.88,54358588,268.6714007315870481,253206
2020-05-12,270.05,270.47,263.41,263.52,67416092,267.1362826617295656,290909
2020-05-13,262.95,263.99,256.43,258.86,107577288,259.5287155083529683,514625
2020-05-14,256.4,262.08,250.94,261.95,98590533,258.1020668590006646,486056
2020-05-15,259.59,263.2,258.62,263.16,70572924,261.322137876192159,339606
2020-05-18,269.38,272.78,269.06,271.17,79125067,271.1321858052440302,366407
2020-05-19,270.57,272.29,268.37,268.39,66191256,270.8297583531583994,310661
2020-05-20,271.93,273.81,271.7,272.95,57309339,272.8631003714365234,267051
2020-05-21,272.81,273.63,269.96,271.06,60074417,271.5991558528414745,308409
2020-05-22,270.78,271.75,269.54,271.58,42939953,270.667054222401341,206496
2020-05-26,277.54,277.78,274.57,274.92,59903086,276.3056256239012081,278345
2020-05-27,277.7,279.05,272.89,279.01,76003697,276.2863217439807637,353725
2020-05-28,280.04,282.06,277.83,278.5,67842577,280.0643668141084535,314420
2020-05-29,278.03,280.33,275.39,279.74,82809457,278.0622786966538245,409177
2020-06-01,279.09,281.48,278.58,280.87,38617564,280.4623944334189549,184026
2020-06-02,281.79,283.24,280.46,283.2,53758117,281.8587084143250236,246615
2020-06-03,285.17,287.92,284.91,286.97,61056503,286.4888818980802259,270684
2020-06-04,285.98,287.72,284.12,286.21,58466778,286.0623580750778735,275385
2020-06-05,291.64,295.33,291.54,293.55,93190573,293.5522634841779197,418887
2020-06-08,294.36,297.29,293.81,297.1,55202792,295.453236040144855,257026
2020-06-09,294.42,296.33,293.57,294.88,55693823,295.0515314913261475,261993
2020-06-10,295.46,296.35,292.52,293.24,71004784,294.3363687018955357,355209
2020-06-11,286.3,286.94,275.78,276.33,160102829,280.4430905534984531,776190
2020-06-12,283.34,284.12,274.48,279.64,141679585,278.9566917996306706,750795
2020-06-15,273.95,283.38,272.77,282.25,100480101,279.2002883795781414,508102
2020-06-16,289.99,290.15,282.82,287.68,108697051,287.4494797322123979,505898
2020-06-17,288.69,289.0,285.75,286.49,56785731,287.418225831389129,268187
2020-06-18,284.95,287.08,284.5,286.6,54092314,286.0129122211157379,256381
2020-06-19,290.07,290.26,283.01,284.96,83217559,286.4544238194320033,389324
2020-06-22,284.36,287.19,283.22,286.79,53059402,285.7795075116751602,246852
2020-06-23,289.44,290.37,287.7,288.11,49532665,289.1577821629501459,224721
2020-06-24,286.07,286.69,278.92,280.76,100995091,281.6238326810138531,479443
2020-06-25,280.2,284.04,278.17,283.77,67254028,281.2009713007777282,326015
2020-06-26,282.67,282.88,276.45,277.03,91585765,278.4699146135758814,429132
2020-06-29,278.28,281.1,276.0,281.1,56219801,279.2150000586645937,261801
2020-06-30,280.66,286.4,280.51,284.7,73747062,283.7852267664565809,331475
2020-07-01,285.81,287.96,285.36,286.7,51088059,286.8209652341778768,250308
2020-07-02,290.12,291.48,287.61,288.28,51450856,289.5123209620999689,244789
2020-07-06,292.1,293.31,291.35,292.73,41497698,292.1556662276370274,193256
2020-07-07,291.18,293.16,289.33,289.71,59917403,291.2573166141658997,261028
2020-07-08,290.47,292.03,288.71,291.92,42412882,290.6756513968106484,197018
2020-07-09,292.53,292.77,286.84,290.26,64769764,289.6508126805178267,292967
2020-07-10,290.14,293.49,288.76,293.22,43677783,291.5924665727373558,195885
2020-07-13,295.57,297.95,290.03,290.68,73158707,294.5534195125129877,333757
2020-07-14,289.24,295.23,288.06,294.45,70508042,291.7364979598919305,364172
2020-07-15,297.66,298.26,294.77,297.16,62764096,296.8329931976723896,311632
2020-07-16,295.26,296.63,294.61,296.18,42081413,295.5256313758069304,216831
2020-07-17,297.18,297.82,295.2,297.04,38541026,296.8302233633039712,200443
2020-07-20,296.77,300.19,296.02,299.44,38585411,298.3905633908126963,184965
2020-07-21,301.4,301.85,299.09,300.07,42320247,300.7966261787936697,211024
2020-07-22,299.71,302.1,299.6,301.78,38175082,300.841866806810108,193827
2020-07-23,301.41,302.12,296.82,298.18,57472489,299.2676776074594099,288058
2020-07-24,296.33,297.29,294.75,296.26,48143744,296.0869844744606737,262989
2020-07-27,296.95,298.6,296.16,298.42,31787057,297.7414988704936598,160658
2020-07-28,297.69,298.81,296.23,296.53,35759342,297.6824090706353966,180767
2020-07-29,297.41,300.74,297.36,300.18,34009051,299.3406165791594974,167429
2020-07-30,297.2,299.52,295.12,299.11,44116356,297.761810989195048,238960
2020-07-31,300.9,301.55,296.68,301.47,56347101,299.1051806578490821,288011
2020-08-03,303.13,304.33,302.59,303.56,34360841,303.6421693532209195,169100
2020-08-04,302.71,304.74,302.7,304.74,29578943,303.7898938528664832,148332
2020-08-05,306.04,306.89,305.77,306.63,27906464,306.4193899465618573,143279
2020-08-06,306.06,308.8,305.73,308.68,32560780,307.3943716442241869,167032
2020-08-07,307.71,309.19,306.81,308.9,41876980,308.101602686278336,210879
2020-08-10,309.35,310.01,307.41,309.82,30878397,309.2593934522521657,163120
2020-08-11,311.02,311.64,306.54,307.27,49121144,309.6296279794895637,239540
2020-08-12,309.71,312.33,309.7,311.55,37529733,311.3764701878010177,187899
2020-08-13,310.78,312.31,310.06,310.99,30366435,311.3293830035390728,158876
2020-08-14,310.6,311.53,309.87,311.0,27516655,310.7560272892886894,144999
2020-08-17,312.0,312.38,311.59,311.98,22938554,312.0126088144008693,110874
2020-08-18,312.38,313.08,310.78,312.66,25577341,312.3893062884975527,122118
2020-08-19,313.05,313.55,310.79,311.36,44846152,312.3274466542706829,201011
2020-08-20,309.63,312.81,309.5,312.33,31306986,311.5952871029011198,151375
2020-08-21,312.0,313.66,311.65,313.43,31797220,312.8380194561713787,152572
2020-08-24,315.87,316.68,314.89,316.61,29661942,315.7094144180366284,148650
2020-08-25,317.18,317.8,316.01,317.72,27606512,316.9669192212715294,136238
2020-08-26,318.29,321.17,317.76,320.9,35985513,319.8466236862419813,174649
2020-08-27,321.79,323.06,319.94,321.61,43375428,321.8547536033022359,214973
2020-08-28,322.64,323.81,321.44,323.68,31954713,322.730021263703643,160759
2020-08-31,323.47,324.35,322.31,322.51,38735895,323.5064981649670461,192199
2020-09-01,323.34,325.63,322.45,325.55,35890031,324.1638721883909859,176606
2020-09-02,327.46,331.23,326.31,330.26,53561299,328.7784162460768557,268856
2020-09-03,328.56,329.04,316.31,318.89,111291265,320.9102400836921142,567021
2020-09-04,319.57,321.14,309.18,316.29,95752273,314.9874109260179359,500750
2020-09-08,310.82,312.12,307.34,307.65,78143515,309.5936201327004321,390400
2020-09-09,311.65,316.19,310.78,313.72,62841599,313.984730884671925,306858
2020-09-10,315.59,316.25,307.31,308.27,68353524,311.6589932933734051,333580
2020-09-11,310.06,311.12,305.61,308.43,58853566,308.5429296289696904,327516
2020-09-14,311.59,314.27,311.08,312.49,43180453,313.0005164057818606,214473
2020-09-15,314.95,315.78,313.01,314.07,37294775,314.7067343766908072,181190
2020-09-16,315.33,316.74,312.55,312.83,54019849,314.6873455361123901,257132
2020-09-17,307.96,311.8,307.43,310.07,62846781,309.2079305374544038,318550
2020-09-18,310.88,310.99,304.02,306.5,62765391,307.4477912834741512,320776
2020-09-21,301.92,303.2,298.24,303.09,70162320,300.4157624333095438,369266
2020-09-22,304.58,306.74,302.06,306.18,43883595,304.7178512671633507,226971
2020-09-23,306.74,307.01,298.58,299.08,63020913,302.0129395633959146,305352
2020-09-24,297.75,302.94,296.45,299.88,61638230,299.8326954485017676,323680
2020-09-25,299.01,305.51,298.15,304.72,50533923,302.2632226888302594,263005
2020-09-28,308.89,310.5,307.89,309.79,42652556,309.450983261487532,205648
2020-09-29,309.58,310.32,307.4,308.1,36724517,308.7724378991988738,183659
2020-09-30,308.78,313.59,308.57,310.43,64839484,311.163105234365702,304717
2020-10-01,313.03,314.0,310.55,312.43,51310097,312.115108085554596,275146
2020-10-02,307.48,311.39,307.0,309.46,64650582,309.986774544824256,328001
2020-10-05,311.52,315.13,311.47,314.95,34677835,313.8244491348166077,176781
2020-10-06,315.09,317.18,309.96,310.47,69693778,313.1403419252961694,347388
2020-10-07,313.41,316.68,313.4,315.88,35857346,315.3456143527337082,184063
2020-10-08,317.81,318.74,316.9,318.68,31801942,318.0838971398923093,164207
2020-10-09,320.33,321.98,319.7,321.52,39231040,321.0020129875483263,196249
2020-10-12,324.04,328.17,323.57,326.69,46296512,326.4730167146339697,223295
2020-10-13,326.54,326.7,323.6,324.56,44611053,325.3550854210275362,229741
2020-10-14,325.13,326.23,321.79,322.52,41826569,323.5011363437365472,214808
2020-10-15,318.6,322.61,318.07,322.12,46081780,320.6933304661792801,236309
2020-10-16,323.48,325.14,321.75,321.93,40653682,323.5233837326641366,197672
2020-10-19,323.16,323.82,316.14,317.03,49387957,319.1944126371895798,250705
2020-10-20,318.38,321.55,317.62,318.3,46103988,319.364975952300415,248114
2020-10-21,318.25,320.43,317.4,317.7,48334938,318.6725259719324862,260661
2020-10-22,317.92,320.03,315.77,319.44,40640396,318.2748538948536326,228659
2020-10-23,320.67,320.72,318.07,320.53,33411572,319.5846689179596217,183530
2020-10-26,317.15,317.93,311.11,314.61,68300153,314.0821480565597722,341020
2020-10-27,314.94,315.28,313.31,313.52,44068666,314.2286100336654764,247188
2020-10-28,307.86,308.53,302.31,302.81,91456257,304.8494816516504911,469479
2020-10-29,303.04,309.05,301.35,305.88,62704486,305.7449390559819465,340170
2020-10-30,304.31,305.61,299.04,302.69,81611269,301.2685790088628864,448518
2020-11-02,306.09,308.09,303.34,306.09,59748388,305.6151626205716697,358754
2020-11-03,309.32,313.55,308.84,311.49,64297794,311.9825507265275074,327061
2020-11-04,315.96,322.53,314.79,318.45,86682172,319.3594141050682535,473472
2020-11-05,323.74,326.47,323.38,324.66,59880806,325.0250824852694472,334020
2020-11-06,324.38,325.84,322.26,324.59,42910585,324.418841136995359,259788
2020-11-09,337.39,337.77,328.2,328.67,101398273,333.9203301581116041,618521
2020-11-10,327.67,329.24,324.91,328.19,59306129,327.6836454621047225,342828
2020-11-11,330.37,331.45,329.13,330.62,37030292,330.2680504758482598,203760
2020-11-12,329.61,330.39,325.61,327.42,51261498,327.6567632004839704,272087
2020-11-13,329.33,332.69,328.81,331.95,42919783,330.7862292429509249,224620
2020-11-16,334.62,336.11,333.33,336.09,51634815,334.7536802683537015,254292
2020-11-17,333.67,335.49,332.17,334.29,42035742,334.03805592451928,224132
2020-11-18,334.55,335.1,330.23,330.26,44922267,333.2315880758976682,227017
2020-11-19,329.62,332.02,328.29,331.65,38078001,330.4089506057219766,194791
2020-11-20,331.37,331.6,329.31,329.38,33502481,330.6267896223038002,181773
2020-11-23,331.19,332.62,328.95,331.36,38728493,330.9076629075135506,195915
2020-11-24,333.91,337.24,333.05,336.7,45558652,335.8002345224845307,217135
2020-11-25,336.61,336.64,335.08,336.18,28199316,335.9485504486677755,150026
2020-11-27,337.26,337.59,336.1,337.11,16165093,337.0238409134966494,80931
2020-11-30,336.33,336.6,332.94,335.62,49172728,334.9223896343872822,250707
2020-12-01,338.86,340.83,338.28,339.29,44978990,339.6406900360928774,240949
2020-12-02,338.17,340.16,337.6,340.0,28951397,339.2105738501610281,159240
2020-12-03,339.89,341.3,338.81,339.91,42159505,340.1718464467362333,207042
2020-12-04,340.5,342.84,340.4,342.84,31938071,341.9970593133292417,155732
2020-12-07,342.07,342.63,340.87,342.14,31030389,341.8635749797643934,161054
2020-12-08,340.84,343.7,340.82,343.14,26969025,342.4809400225023259,133576
2020-12-09,343.79,343.95,339.23,340.06,49880549,341.1859565920145043,249441
2020-12-10,338.68,341.0,337.82,339.95,34458906,339.9456646593067673,192249
2020-12-11,338.25,339.81,336.73,339.55,36545350,338.5014383280970567,189569
2020-12-14,341.7,342.8,337.85,338.03,43735674,340.2348807153643999,215580
2020-12-15,340.57,342.6,339.2,342.6,34881268,341.2350862425630921,181542
2020-12-16,342.81,344.06,341.92,343.14,33093362,343.0306359239193784,172171
2020-12-17,344.78,345.26,343.95,345.06,28786078,344.7032504150209624,154699
2020-12-18,345.35,345.51,341.67,343.68,54036390,343.3422367169903204,288925
2020-12-21,339.76,347.24,337.02,342.45,62863915,340.5857650618135237,336481
2020-12-22,342.78,342.9,340.75,341.87,31747377,342.0212528336076713,173995
2020-12-23,342.84,344.09,342.01,342.18,28197881,343.2826574579793026,147737
2020-12-24,342.66,343.52,342.07,343.51,15194033,342.9009778299405987,83091
2020-12-28,346.07,346.85,345.44,346.46,23258375,346.2876863343422558,118614
2020-12-29,347.99,348.17,345.22,345.8,35265707,346.2793080010439847,177171
2020-12-30,346.62,347.33,345.9,346.3,28626339,346.5371744814505284,133882
2020-12-31,346.1,348.78,345.59,348.05,41302978,347.1981318861028935,181242
2021-01-04,349.39,349.52,339.62,343.32,75718356,343.3524769021327869,375942
2021-01-05,342.67,346.77,342.63,345.68,40376879,345.0346600432692424,201300
2021-01-06,344.17,350.94,343.62,347.75,74332339,348.3468944739072242,357466
2021-01-07,350.12,353.66,349.94,352.91,44825214,352.5509559378649343,224014
2021-01-08,354.29,355.14,351.05,354.92,47813082,353.7509194513815239,239772
2021-01-11,351.77,354.29,351.62,352.53,36115589,352.85909241806183,185222
2021-01-12,352.72,353.62,350.36,352.61,36359116,352.4578633456603103,193551
2021-01-13,352.53,354.55,351.75,353.56,31008292,353.5060859338836902,167603
2021-01-14,354.3,354.8,351.98,352.32,31854575,353.5749744521149888,163169
2021-01-15,350.7,351.5,347.89,349.75,48706792,350.0188374299010768,257279
2021-01-19,352.21,353.04,350.73,352.5,31500082,352.2102370503961626,169553
2021-01-20,354.78,358.21,354.39,357.37,35985269,356.7857379572499348,171689
2021-01-21,357.93,358.36,356.78,357.7,28345609,357.7511081384111909,139325
2021-01-22,355.85,357.55,355.46,356.43,29316967,356.6619248096178783,142855
2021-01-25,357.17,358.19,352.32,357.84,50534390,356.1043001823124955,272262
2021-01-26,358.79,359.2,357.05,357.28,30182065,357.8730594341991562,159601
2021-01-27,353.96,354.05,346.31,348.55,82522157,350.1324103923907729,425667
2021-01-28,350.35,355.55,349.93,351.55,56313638,353.3543450085903387,307141
2021-01-29,349.67,350.65,342.83,344.51,89035947,346.267205964057671,450339
2021-02-01,347.91,351.28,345.76,350.24,47588343,349.1968298407350787,248765
2021-02-02,353.39,356.75,353.38,355.19,42827752,355.6863144433145139,206927
2021-02-03,356.02,357.2,354.2,355.47,34289948,356.0391353677695222,174054
2021-02-04,356.51,359.56,356.34,359.51,29267423,358.062968322296697,142756
2021-02-05,361.39,361.64,359.78,360.93,28382584,360.7998905331105379,135821
2021-02-08,362.38,363.56,361.53,363.54,25345607,362.4681097854162112,123711
2021-02-09,362.7,363.89,362.29,363.29,24643367,363.2984957078807936,124628
2021-02-10,365.03,365.18,360.73,363.14,42369088,362.9168160798421964,218221
2021-02-11,364.22,364.63,361.29,363.72,31107599,363.1728207084045733,162280
2021-02-12,362.92,365.76,362.85,365.52,30107646,364.4500510734511587,146479
2021-02-16,366.76,366.94,364.49,365.2,35393884,365.7989627344950308,185017
2021-02-17,363.45,365.54,362.44,365.29,36562309,364.0665095935683612,188846
2021-02-18,362.66,364.48,360.96,363.73,42476711,362.8544440430650727,197388
2021-02-19,364.99,365.28,362.64,363.09,44128189,363.848672927809742,202673
2021-02-22,360.32,362.71,360.03,360.3,44153072,361.0614807172053335,205685
2021-02-23,358.08,362.08,353.94,360.73,81935134,358.218432951278194,420884
2021-02-24,359.64,365.14,358.66,364.71,52999163,362.5993703404244503,293962
2021-02-25,363.44,364.81,354.47,355.92,117869281,359.0990888735333429,702447
2021-02-26,357.85,358.95,352.1,354.09,110605854,356.0093457382641726,652973
2021-03-01,358.96,363.92,358.91,362.67,75116775,361.7866720104787699,362122
2021-03-02,362.89,363.13,359.34,359.84,56089341,361.4766736784375338,319911
2021-03-03,359.14,360.11,354.97,355.07,92084840,357.6179857315587153,551763
2021-03-04,354.89,357.48,346.19,350.68,143969445,352.0473250140382647,897952
2021-03-05,354.14,358.18,346.9,357.13,103850887,352.8023059368172294,625329
2021-03-08,358.09,360.9,355.07,355.35,93631775,358.5386714684617504,617684
2021-03-09,359.2,362.98,358.7,360.43,75527842,361.3146925680014655,409127
2021-03-10,362.75,364.36,361.36,362.67,81970422,362.943812931581226,504903
2021-03-11,365.14,368.32,364.68,366.35,58418046,366.7550236564356493,307075
2021-03-12,365.0,366.98,364.18,366.84,42821291,365.5336488467119429,242870
2021-03-15,367.13,369.29,364.95,369.03,50704003,367.1190156919555274,287130
2021-03-16,369.64,370.35,367.79,368.56,54988896,369.216391794324083,304083
2021-03-17,367.29,370.62,366.13,369.82,63356194,368.2212319836574052,385221
2021-03-18,367.23,369.33,363.76,364.44,73742534,366.6271820676844071,418484
2021-03-19,364.17,365.72,361.59,363.76,67789637,364.0697732649841854,394105
2021-03-22,364.28,368.05,364.22,366.67,44176114,366.4345965388271675,250017
2021-03-23,366.02,367.48,363.0,363.78,64076409,365.3941490162910897,338260
2021-03-24,365.17,366.82,361.91,361.93,68450436,364.6861963932369681,395304
2021-03-25,360.5,364.76,358.55,363.97,83618889,361.6507794738096303,475412
2021-03-26,365.12,370.24,364.52,369.84,73697650,366.5597491133510631,402205
2021-03-29,368.36,370.55,366.87,369.65,71446482,368.9002890518386986,433931
2021-03-30,368.37,369.34,367.07,368.67,54072539,368.2231575851971867,294789
2021-03-31,369.23,371.72,369.21,370.16,66812432,370.729010998988942,335082
2021-04-01,372.1,374.22,371.89,374.16,48288820,373.0256541389494745,249876
2021-04-05,376.85,380.07,376.75,379.53,58043464,379.0002886108193371,282700
2021-04-06,378.98,380.35,378.63,379.31,42562018,379.5812207104758474,211346
2021-04-07,379.14,380.09,378.68,379.74,40026570,379.4878232668013895,204223
2021-04-08,381.0,381.6,380.06,381.55,36861973,381.0363528829276872,186324
2021-04-09,381.44,384.49,381.3,384.32,44085645,382.7520639232316734,207135
2021-04-12,383.72,384.73,383.12,384.46,40617214,383.9680986398760881,208049
2021-04-13,384.36,386.23,383.98,385.6,42361400,385.1066134782703588,201215
2021-04-14,385.59,386.63,383.74,384.28,46825255,385.1103493760174236,254753
2021-04-15,386.42,388.68,386.38,388.41,45593444,387.6647694605199752,240405
2021-04-16,389.7,390.32,388.28,389.71,48077069,389.4467926858329485,234809
2021-04-19,388.78,389.22,386.47,387.8,53599317,387.6134008664987421,289766
2021-04-20,386.58,387.3,383.48,384.96,53387440,385.0683205263635828,302439
2021-04-21,384.34,388.8,384.2,388.6,48067960,387.1258662105169969,232908
2021-04-22,388.42,389.26,383.98,385.05,74851389,386.4253853829569282,413404
2021-04-23,385.61,390.63,385.54,389.22,47062444,388.7565855770770177,239969
2021-04-26,389.88,390.61,389.44,390.04,33456858,390.099640817119005,182516
2021-04-27,390.34,390.53,388.81,389.95,31449179,389.8343920770830134,179909
2021-04-28,390.22,391.34,389.37,389.84,38288196,390.209849800655213,216302
2021-04-29,392.57,392.94,388.94,392.33,57834568,391.3156755337634583,316755
2021-04-30,390.07,390.91,388.85,389.75,58789620,389.7316548890406634,317333
2021-05-03,391.74,392.12,390.08,390.59,42806863,391.068172308025383,245831
2021-05-04,388.6,389.09,384.49,388.18,73786719,386.5131789800109004,418327
2021-05-05,389.82,390.06,387.54,388.3,45490290,388.8742663561069663,260848
2021-05-06,388.37,391.53,386.36,391.4,58446678,389.0274381637333345,339782
2021-05-07,392.19,394.9,391.48,394.25,47887285,394.0326071702596844,279971
2021-05-10,394.6,394.83,390.22,390.35,60804758,392.6886179557809905,331876
2021-05-11,385.82,387.85,382.99,386.86,92019014,385.9836154743753913,547586
2021-05-12,384.08,385.35,377.33,378.64,97660132,380.9915221099634172,568673
2021-05-13,380.17,385.12,380.15,383.19,86488625,383.3031088409118991,499124
2021-05-14,385.93,389.92,385.9,389.08,56435256,388.424090677595096,300559
2021-05-17,387.96,388.9,386.07,388.09,49516056,387.4238040558392456,296162
2021-05-18,388.35,388.59,384.58,384.74,44747296,387.1202623638965159,264498
2021-05-19,380.05,383.91,378.57,383.73,80471170,381.191392639427475,494026
2021-05-20,384.6,389.12,384.49,387.86,57720702,387.4004546949206521,332166
2021-05-21,389.34,390.59,387.09,387.54,50707719,388.6519804401614082,312720
2021-05-24,389.81,392.57,389.54,391.49,37786587,391.5482351685134269,208348
2021-05-25,392.58,392.93,390.05,390.63,41056873,391.1970607802966461,250575
2021-05-26,391.21,391.91,390.18,391.4,33115348,391.1998627036068082,195403
2021-05-27,392.43,392.94,391.45,391.61,42569975,392.1272993192964813,258290
2021-05-28,393.18,393.44,392.07,392.31,37905156,392.812836555868678,220657
2021-06-01,394.68,394.81,391.52,391.96,37996108,392.5578615346367848,231770
2021-06-02,392.61,393.42,391.61,392.58,32143830,392.4747378097662746,193808
2021-06-03,390.28,392.26,388.79,391.12,43319236,391.0186716628779565,256439
2021-06-04,392.97,395.0,392.9,394.7,34332358,394.1437501282327981,200714
2021-06-07,394.69,394.87,393.38,394.31,32236868,394.0167296048351853,189547
2021-06-08,395.28,395.3,392.57,394.4,33653522,394.2773084726876389,193688
2021-06-09,395.23,395.31,393.59,393.81,29603673,394.5677745225159525,168185
2021-06-10,395.03,396.59,393.72,395.64,35345971,395.5222963968712054,202273
2021-06-11,396.18,396.4,394.9,396.29,27493637,395.7090912842205779,152944
2021-06-14,396.41,397.21,395.16,397.18,27492017,395.8239701399403229,161734
2021-06-15,397.34,397.37,395.58,396.45,32456474,396.4077041629071113,186298
2021-06-16,396.59,396.82,392.19,394.24,54537861,394.4939905420127528,337243
2021-06-17,393.83,395.09,391.63,394.11,51624314,394.0042457397563787,281986
2021-06-18,390.82,391.52,388.59,388.79,60738339,390.2691513708326052,340877
2021-06-21,390.55,394.55,389.74,394.36,49959506,393.153329004997977,289529
2021-06-22,394.35,397.3,393.63,396.47,39833927,395.6964278026344635,226214
2021-06-23,396.5,397.35,395.9,395.99,32793878,396.6259613351531803,180513
2021-06-24,398.13,398.75,397.88,398.33,31151844,398.3500961132116291,179336
2021-06-25,399.08,400.21,398.75,399.75,38479405,399.5298165945029532,214004
2021-06-28,400.27,400.72,399.07,400.55,30996675,399.8952582050698206,174118
2021-06-29,400.95,401.57,400.23,400.77,26360441,400.9522277864014512,146193
2021-06-30,400.3,401.78,400.28,401.1,35924481,401.0852860138386697,192189
2021-07-01,401.83,403.49,401.8,403.33,37516744,402.7503879163441409,194269
2021-07-02,404.49,406.76,404.17,406.41,39275015,405.6795429795024617,191057
2021-07-06,406.46,406.68,402.93,405.67,49203721,404.6534953806034867,242117
2021-07-07,406.35,407.38,404.34,407.1,45801269,406.4619628380237413,246569
2021-07-08,401.78,404.54,400.6,403.78,71240304,402.6660552369825341,413598
2021-07-09,405.29,408.4,405.09,408.1,48663235,407.3624484476511732,258539
2021-07-12,408.0,409.81,407.58,409.56,34328257,409.0744018386910923,195889
2021-07-13,408.79,410.27,407.9,408.16,39323350,408.9422806410245151,218960
2021-07-14,409.85,410.34,407.52,408.77,43434158,408.9919432188707295,227077
2021-07-15,407.43,408.1,405.47,407.37,43701255,406.9988808966257135,251119
2021-07-16,408.57,408.6,403.78,404.18,52478161,405.8210344748757154,280069
2021-07-19,399.35,399.84,395.4,398.21,109188478,397.016702749528238,643582
2021-07-20,398.87,405.19,398.08,403.92,72026774,403.1598699261329578,386064
2021-07-21,405.13,407.33,404.93,407.19,42946208,406.4151113494893339,223007
2021-07-22,407.36,408.28,406.38,408.04,33029811,407.4758290499036188,193312
2021-07-23,409.98,412.57,409.29,412.24,42740153,411.2745477402568764,239619
2021-07-26,411.67,413.26,411.6,413.25,28855119,412.5254824841201498,165183
2021-07-27,412.21,412.24,408.54,411.37,50679870,410.3787472794829883,293257
2021-07-28,411.99,412.57,409.77,411.2,38056966,411.3654396280131897,234495
2021-07-29,412.13,413.98,412.12,412.9,33218602,413.2947839258518538,172339
2021-07-30,410.33,412.35,410.2,410.9,45028132,410.9953128685933534,262035
2021-08-02,412.6,413.16,409.68,410.03,43272579,411.4329057715027314,249926
2021-08-03,410.8,413.49,408.64,413.37,44864605,411.466638843247358,255981
2021-08-04,412.08,412.68,411.1,411.34,34141233,411.9754460087287666,206434
2021-08-05,412.5,414.03,412.18,413.94,27405684,413.0895744060721252,148219
2021-08-06,414.26,415.05,413.98,414.63,30510075,414.5138596575118281,166067
2021-08-09,414.59,414.92,413.52,414.29,24424362,414.2477432026375107,134771
2021-08-10,414.73,415.52,414.05,414.8,30780243,414.7837242314688403,158538
2021-08-11,415.85,415.94,414.75,415.84,29842850,415.487433589252493,166889
2021-08-12,415.69,417.22,414.79,417.08,28629745,416.1592839348330125,152097
2021-08-13,417.53,417.85,417.04,417.84,25174675,417.4870551198923807,129439
2021-08-16,416.55,418.96,414.98,418.82,44730284,416.8217639827067331,251709
2021-08-17,416.27,416.94,413.09,416.08,69305789,415.2597353549763892,378038
2021-08-18,415.07,416.63,411.28,411.52,59367854,414.3555016262663035,314686
2021-08-19,408.8,413.36,408.66,412.16,74713834,411.496623795909207,436887
2021-08-20,412.51,415.77,412.02,415.44,46674347,414.7602984872018219,256256
2021-08-23,417.13,420.0,417.11,419.1,37951304,419.1249831590482183,187636
2021-08-24,419.76,420.3,419.25,419.76,25704116,419.870858856512738,141705
2021-08-25,419.95,421.16,419.57,420.64,28278915,420.6064272264997749,150110
2021-08-26,420.36,420.6,418.07,418.16,46804001,419.0706354323485424,273964
2021-08-27,418.96,422.27,418.91,421.9,46023092,421.2848367804748298,244975
2021-08-30,422.59,424.54,422.33,423.75,32316391,423.8747870666455125,173493
2021-08-31,423.66,424.0,422.53,423.13,38063055,423.2741509836369815,202004
2021-09-01,424.08,424.58,423.11,423.35,35849957,423.8804092452696592,196575
2021-09-02,424.77,425.46,423.45,424.65,31381425,424.4548084946989937,174390
2021-09-03,423.51,425.06,423.12,424.55,31191630,424.3236243268032666,173027
2021-09-07,424.2,424.3,422.36,423.03,35654050,423.234795733268463,192200
2021-09-08,422.49,423.23,420.6,422.52,41607914,422.0578863412893139,233284
2021-09-09,422.31,424.07,420.46,420.71,43515965,421.9529390069726136,240653
2021-09-10,422.64,423.06,417.27,417.39,60920667,419.5588279428749003,336113
2021-09-13,420.4,420.65,416.14,418.46,58813523,417.8927890105985828,344249
2021-09-14,419.89,420.11,415.31,416.2,54648181,416.8611192330752967,309362
2021-09-15,416.62,420.17,415.52,419.68,54630634,418.2610417104774223,301079
2021-09-16,419.15,420.13,416.05,419.01,50863767,418.2125754467720855,289372
2021-09-17,418.24,418.66,414.57,414.93,72282668,415.798667545797116,426034
2021-09-20,408.8,410.38,403.14,408.01,122066242,406.9228864012800195,690598
2021-09-21,410.36,411.65,407.1,407.63,68393678,409.1733227558631312,407921
2021-09-22,409.9,413.64,408.98,411.6,74675923,411.7884914853745891,450079
2021-09-23,413.46,418.21,413.24,416.6,56596242,416.7114385150119205,320680
2021-09-24,414.98,418.0,414.75,417.29,42095950,416.7236589296358891,246721
2021-09-27,416.26,417.42,415.4,416.1,42038294,416.4378892338159732,253920
2021-09-28,413.32,413.65,406.98,407.71,96296360,409.1103406189557852,566248
2021-09-29,409.09,410.83,407.83,408.4,62208795,409.3058672529378652,358637
2021-09-30,409.87,410.58,403.07,403.41,95806640,406.4199693379124801,527078
2021-10-01,405.13,409.89,401.61,408.2,89581554,405.8540701376372252,500968
2021-10-04,407.03,407.94,400.79,402.94,93321693,402.8986098624452337,557471
2021-10-05,404.47,409.37,403.64,407.13,66527625,407.6495310554541526,363959
2021-10-06,403.53,409.03,401.9,408.82,85098238,405.5777007607585514,460867
2021-10-07,412.12,415.19,411.92,412.35,53751620,413.7888793561152107,309106
2021-10-08,413.13,413.51,410.97,411.6,49539804,412.1992854231160409,291250
2021-10-11,410.94,413.86,408.56,408.62,45606434,411.1586701162975562,251472
2021-10-12,409.54,409.95,406.83,407.62,50182068,408.3874560923580264,272953
2021-10-13,408.64,409.9,405.66,409.08,51500958,407.9776021865106791,290681
2021-10-14,412.75,416.11,412.28,415.96,48508219,414.837014918086813,263442
2021-10-15,418.09,419.5,417.46,419.13,42363586,418.6516643445272194,227023
2021-10-18,417.35,420.71,416.69,420.37,38411426,419.528714101764513,207017
2021-10-19,422.0,423.67,421.39,423.62,35357494,422.8705274854499787,199417
2021-10-20,424.08,425.59,423.96,425.28,33835944,424.8850158346028616,196327
2021-10-21,424.67,426.61,424.25,426.39,28830367,425.287349485296926,162444
2021-10-22,425.96,427.4,424.0,425.95,43018221,425.8372681433716709,253371
2021-10-25,427.04,428.56,425.26,428.23,30727454,427.4437826504654918,178666
2021-10-26,429.78,431.0,428.24,428.62,41356249,429.6434572827647707,242745
2021-10-27,429.08,429.74,426.64,426.72,39779982,428.3471533007388457,226254
2021-10-28,428.15,430.91,428.14,430.84,32727151,429.8577845546299621,186806
2021-10-29,428.53,432.0,428.24,431.71,41857817,430.6906528128424404,245559
2021-11-01,432.7,433.08,430.72,432.45,31993775,431.8581724253706725,191816
2021-11-02,432.61,434.51,432.49,434.2,31098995,433.7974582229917841,170701
2021-11-03,433.64,437.26,433.19,436.85,36108733,435.0702614076640838,207253
2021-11-04,437.44,438.99,437.11,438.91,34006444,438.1422856377300191,190946
2021-11-05,441.14,442.43,438.92,440.43,44787011,440.9548610650117996,260606
2021-11-08,441.53,442.03,440.12,440.81,27752483,440.987762181306875,169901
2021-11-09,441.18,441.41,437.94,439.35,36788630,439.1499998282534254,227223
2021-11-10,437.66,439.35,434.33,435.82,50212323,436.8215408264562368,295831
2021-11-11,437.31,437.39,435.94,435.96,25069930,436.5827727253432728,144581
2021-11-12,437.23,439.8,436.28,439.25,34239790,438.4609564498450013,188352
2021-11-15,440.54,440.7,438.27,439.4,31243544,439.3408263027646862,196180
2021-11-16,439.15,442.28,439.06,441.14,30690839,441.2161899315840238,177311
2021-11-17,440.87,441.05,439.45,440.07,29497388,440.2159959962137781,170546
2021-11-18,441.1,441.82,438.37,441.56,35041674,440.6474706356263816,193515
2021-11-19,441.45,442.7,440.4,440.77,32113393,441.3186534080459627,187211
2021-11-22,442.59,445.14,439.32,439.53,52565138,442.682639686450416,319558
2021-11-23,439.18,440.97,436.6,440.11,52777057,438.8106483144671212,321554
2021-11-24,438.11,441.41,437.29,441.29,42477179,439.860663940227097,243245
2021-11-26,434.65,436.08,430.32,431.45,70756049,432.6120780044749703,424162
2021-11-29,436.26,438.58,434.04,436.74,54324793,436.6513950536160335,295334
2021-11-30,434.29,436.2,428.0,428.24,97345838,430.8748990640949922,571559
2021-12-01,433.95,436.8,423.29,423.48,91956498,430.8946397338721669,506905
2021-12-02,423.69,431.54,423.31,429.97,87533227,428.6977851972552786,507294
2021-12-03,431.63,432.7,422.0,426.23,98984469,425.3672521962995503,601839
2021-12-06,428.75,433.16,426.36,431.28,66469276,430.5740888579688049,411486
2021-12-07,436.56,440.76,436.49,440.2,64029666,439.5006317247696465,355793
2021-12-08,440.59,441.81,438.84,441.36,41644684,440.4933054049866885,261411
2021-12-09,440.08,440.98,438.19,438.38,41439380,439.7469200810355947,263271
2021-12-10,441.09,442.66,438.53,442.51,48677073,440.9501609055410745,287962
2021-12-13,441.99,442.34,438.31,438.59,56106236,439.8352830790850052,356869
2021-12-14,435.28,437.81,432.65,435.57,59027012,434.7938920307853636,350981
2021-12-15,435.63,442.62,433.11,442.38,72105010,437.3554789423304267,422967
2021-12-16,444.25,444.53,436.92,438.48,72021609,440.5428511830550268,440234
2021-12-17,435.37,438.41,432.11,433.81,79430871,435.2265568152565928,470593
2021-12-20,428.69,429.6,425.58,429.2,69768075,427.715673190369913,396660
2021-12-21,432.63,436.97,430.46,436.82,48988284,434.353966090184898,299177
2021-12-22,436.57,441.3,436.37,441.19,38453226,439.3923521038146229,231517
2021-12-23,442.19,445.44,442.09,443.94,34441902,444.341120691626184,193775
2021-12-27,445.29,450.27,445.27,450.22,36462840,448.5512530224312301,210135
2021-12-28,450.69,451.68,449.09,449.85,28906261,450.2332306038394839,172375
2021-12-29,449.99,451.45,448.96,450.43,31230850,450.3115279337648281,186193
2021-12-30,450.85,451.86,448.72,449.18,31202791,450.6030204030048294,182844
2021-12-31,448.69,449.84,447.78,448.05,37890220,448.7880316948557058,234026
2022-01-03,449.34,450.78,447.0,450.64,44108897,449.3908268011484611,266784
2022-01-04,452.07,452.78,448.63,450.49,44968769,450.8482891473491905,279982
2022-01-05,450.16,450.9,441.75,441.84,66156527,446.4872222046399583,408399
2022-01-06,441.38,444.14,439.06,441.43,61000400,441.9893707698925625,378644
2022-01-07,441.44,442.62,438.32,439.68,53261796,440.4611578243617917,302782
2022-01-10,436.48,439.35,430.72,439.13,82219683,434.5548977922824244,466498
2022-01-11,438.86,443.23,435.87,443.13,55013999,439.9602435811045131,316691
2022-01-12,444.87,446.39,442.37,444.33,47133157,444.3562141528164779,295653
2022-01-13,445.46,446.09,437.18,438.21,61700837,441.3535587172458355,377277
2022-01-14,435.02,438.74,433.84,438.39,69297443,436.5245944776332963,415585
2022-01-18,433.68,433.9,429.51,430.63,74916160,431.3748941877242103,455850
2022-01-19,432.21,433.58,425.88,426.15,72552938,429.9900691235025025,426870
2022-01-20,428.04,432.75,419.32,421.44,90106445,427.4364441583469983,530272
2022-01-21,420.32,422.67,413.16,413.16,125005931,417.4653263594207142,766744
2022-01-24,407.57,415.43,396.92,414.92,166686958,405.4443278625694487,1020293
2022-01-25,408.58,414.81,402.95,409.85,109906287,408.5337706999851822,653833
2022-01-26,415.75,418.88,404.56,408.83,136005061,412.4892008732016292,862139
2022-01-27,413.43,416.57,405.12,406.81,101900681,410.1402809754413424,647631
2022-01-28,408.18,416.96,403.58,416.91,114054145,410.2742354435063892,715587
2022-01-31,416.26,424.77,414.89,424.42,89297816,421.094360434394538,563363
2022-02-01,425.18,427.93,421.61,427.29,71899075,425.0394138530425667,462839
2022-02-02,429.69,432.16,427.38,431.44,71258978,430.115533519648279,463324
2022-02-03,425.4,427.31,420.46,421.3,79612509,424.096072528640743,510963
2022-02-04,421.07,427.13,418.68,423.28,77259386,423.1838614679442196,491799
2022-02-07,424.04,425.44,420.59,421.92,60837007,423.2404619474082813,409668
2022-02-08,421.42,426.31,419.99,425.39,58210133,423.7064725616628251,374103
2022-02-09,429.46,431.94,429.22,431.62,61071593,430.5909775471464962,379113
2022-02-10,425.77,431.78,421.86,423.86,93426084,426.9968471011760031,574409
2022-02-11,423.92,426.02,414.07,415.5,111756299,418.9907092809784505,684840
2022-02-14,414.99,416.58,410.67,414.15,89053288,413.9249663689410748,573189
2022-02-15,418.59,420.99,418.07,420.82,62293954,419.8038695026127488,380947
2022-02-16,418.78,422.67,416.9,421.3,59959788,419.5340738838339361,373011
2022-02-17,418.11,418.65,411.69,412.3,69445364,414.6852994764090422,411896
2022-02-18,412.58,413.81,407.35,409.63,81280061,410.3176291444290751,493206
2022-02-22,407.42,410.83,401.73,405.23,87958049,406.1376837360048487,537730
2022-02-23,408.17,408.71,397.48,398.04,92002738,401.9134012853338237,555468
2022-02-24,387.73,404.47,387.37,404.03,140709193,395.4590599437770508,938611
2022-02-25,405.27,413.03,403.62,412.95,88194380,410.1525444126585651,543300
2022-02-28,407.6,413.37,406.3,411.89,102256623,409.5676727915294876,647431
2022-03-01,410.39,412.4,402.91,405.62,93454479,406.7734957886515796,584206
2022-03-02,407.91,414.66,407.12,413.08,82368574,411.9052725933969119,505273
2022-03-03,415.51,416.12,409.26,411.02,78101900,412.1845016254199092,478163
2022-03-04,407.29,408.82,403.64,407.68,82095384,406.1593805864660072,504387
2022-03-07,407.1,407.37,395.6,395.67,89102216,399.8031467426473356,561446
2022-03-08,395.92,403.0,391.6,392.67,117130353,396.2769368720336757,703344
2022-03-09,401.05,405.17,398.86,403.19,76096852,402.5312898528170834,458234
2022-03-10,398.58,402.27,396.62,401.37,64375229,399.568254752871062,397633
2022-03-11,403.86,404.48,395.76,396.27,67240791,400.0786024093724423,420153
2022-03-14,397.04,400.5,392.23,393.37,70698762,395.430759704045078,427203
2022-03-15,395.98,402.66,394.71,402.02,69728373,399.2361986066816101,423811
2022-03-16,405.55,410.99,400.73,410.94,98394659,407.0140478263740226,581804
2022-03-17,409.0,416.08,408.62,416.08,61225870,412.7742300607173095,357258
2022-03-18,414.47,420.96,413.73,420.64,60706664,417.8036654320690883,353619
2022-03-21,420.47,422.47,417.0,420.51,61883972,419.8636994496482803,365358
2022-03-22,421.9,426.37,421.9,425.43,53127237,424.6764385462982316,298900
2022-03-23,422.9,424.39,419.95,419.96,51931519,422.1129878556129006,294746
2022-03-24,421.97,426.29,420.86,426.29,43590825,423.7992444561300348,251714
2022-03-25,426.92,428.64,424.34,428.37,50014898,426.6210273869620226,313896
2022-03-28,427.77,431.41,425.88,431.41,45678531,428.682007676483017,263847
2022-03-29,435.35,437.24,432.62,436.75,60622608,435.1090867060637266,344663
2022-03-30,435.61,436.42,431.94,434.05,51077068,434.2867763885274851,304085
2022-03-31,433.28,434.11,426.92,427.37,65751796,430.9454901615768683,370336
2022-04-01,428.96,429.1,425.01,428.59,56036308,427.3108596326282265,307970
2022-04-04,428.78,432.29,427.96,432.26,40084012,430.7609671329009618,226198
2022-04-05,430.76,433.23,425.65,426.8,56660640,429.0330745669389151,323816
2022-04-06,422.88,424.81,419.64,422.53,77605693,422.0562115390975098,441181
2022-04-07,421.67,426.48,419.7,424.66,58976686,422.9977521213167824,319440
2022-04-08,423.9,426.42,421.98,423.52,51245313,424.1853234084374663,273072
2022-04-11,420.25,421.09,415.78,416.28,59761274,418.2304340778793274,333828
2022-04-12,419.27,421.8,413.19,414.74,64438874,417.2557739776927561,359211
2022-04-13,414.5,420.25,414.32,419.49,49412962,417.7582443788568823,295978
2022-04-14,419.68,420.84,414.16,414.27,57479382,416.7731752873090099,325395
2022-04-18,413.34,416.12,412.21,414.44,44964908,414.2456829304170576,258614
2022-04-19,414.33,421.85,414.16,421.13,55583068,419.4719428656901231,309606
2022-04-20,422.9,423.52,419.65,420.82,50755555,421.7089297364098826,302566
2022-04-21,424.44,425.83,413.62,414.52,66677796,419.0253025090997563,388251
2022-04-22,413.43,413.74,402.58,403.15,87451615,406.9007201171656274,472382
2022-04-25,400.9,405.66,396.34,405.49,85777369,400.8161915305632353,463039
2022-04-26,402.94,403.15,393.72,393.74,74839647,397.7285061840492955,405941
2022-04-27,394.82,400.2,392.71,394.85,85872180,396.6402934508312185,507579
2022-04-28,399.6,406.56,395.16,404.82,76560596,401.6432332078090751,415543
2022-04-29,400.83,402.99,389.12,389.86,96339890,394.6938120662837691,544824
2022-05-02,389.93,393.57,383.26,392.21,106578120,388.7663646220416792,602714
2022-05-03,392.71,396.42,391.15,394.01,76540143,393.803370168928896,432228
2022-05-04,394.66,406.58,391.47,406.01,104905212,398.396574175051571,611231
2022-05-05,401.71,402.17,387.44,391.58,130827678,392.7151574357109351,783553
2022-05-06,389.01,392.51,383.93,389.24,104966193,388.1626431230913176,642334
2022-05-09,383.33,384.57,375.2,376.78,107213751,379.7389302960407666,624252
2022-05-10,382.76,384.26,373.61,377.65,93467591,378.3933315946178137,582482
2022-05-11,376.66,382.33,370.9,371.65,96579517,376.2538107339167605,621363
2022-05-12,368.45,374.53,364.46,371.26,88079980,368.8397700689043545,507531
2022-05-13,375.39,381.52,374.35,380.14,73300570,378.7387208534218758,408171
2022-05-16,378.49,382.27,376.24,378.59,55181385,379.0755936647485784,302623
2022-05-17,384.69,386.62,380.95,386.38,57983845,384.1788382475707749,314870
2022-05-18,381.82,382.1,369.57,370.81,77297449,374.0073611437777112,407094
2022-05-19,367.68,372.96,366.31,368.54,69685832,369.4198347693068405,387419
2022-05-20,372.12,375.7,360.09,368.7,84556759,365.4407612534960967,470790
2022-05-23,371.72,376.36,369.41,375.59,57102048,373.8975935985140791,324546
2022-05-24,371.47,373.92,366.17,372.73,65574453,369.9677262236835977,344143
2022-05-25,371.23,377.99,370.83,376.02,59792195,374.6574499678828572,322358
2022-05-26,377.25,385.17,377.04,383.53,55446007,382.9467921791794726,292939
2022-05-27,386.01,393.07,385.8,392.95,57568095,390.2482264831025059,319940
2022-05-31,391.33,394.08,388.0,390.74,62439764,391.2067999602765319,346832
2022-06-01,392.84,393.88,385.07,387.58,61415457,388.6064446638559797,336493
2022-06-02,387.47,395.01,385.17,394.96,56388179,390.8055806568985496,305025
2022-06-03,390.2,391.79,387.51,388.48,50649259,389.2139512505742519,276316
2022-06-06,392.49,394.23,388.49,389.67,44078470,391.0137604841228931,244035
2022-06-07,386.17,393.86,385.71,393.4,41913603,390.7194699101829474,237087
2022-06-08,391.69,393.48,388.33,389.13,44464319,390.5444096009259567,255790
2022-06-09,387.34,389.62,379.87,379.87,57949482,385.1307878211512582,318998
2022-06-10,373.66,374.52,368.81,368.86,83506633,370.6802689959561209,500025
2022-06-13,359.44,361.3,353.24,354.85,100717125,357.011370794794051,574106
2022-06-14,356.6,357.63,350.68,353.78,69559214,354.0798203186986322,426175
2022-06-15,357.09,363.27,352.13,358.83,88130043,357.9585890086649925,509283
2022-06-16,350.62,351.03,344.5,346.95,89201307,347.388723135080816,506439
2022-06-17,347.35,351.04,344.19,347.7,69422925,348.2078377962577091,409753
2022-06-21,353.42,357.84,353.35,356.45,52536316,356.3809275817570139,304040
2022-06-22,352.25,359.92,351.8,355.81,58400803,356.9444906332455503,328269
2022-06-23,357.94,360.02,354.38,359.29,54936061,357.3854573379516688,313054
2022-06-24,362.47,370.72,362.43,370.72,62140939,367.6664440006879352,316702
2022-06-27,371.64,371.93,368.21,369.3,47323147,369.7391775846616639,261846
2022-06-28,370.86,373.64,361.64,361.75,59414397,366.0156699358725815,311086
2022-06-29,362.31,363.29,359.63,361.46,49857659,361.4758036678109476,273469
2022-06-30,357.56,361.76,354.07,358.52,74793889,358.1001275145441698,410878
2022-07-01,357.84,362.75,355.24,362.31,54413122,359.2206011025795946,305907
2022-07-05,357.23,363.02,354.39,363.0,59935220,358.2550360767578114,327463
2022-07-06,363.14,366.72,360.76,364.23,50821431,363.4877142580320868,286014
2022-07-07,366.0,370.48,366.0,369.68,43617889,368.7251442356933893,236352
2022-07-08,368.05,371.25,366.52,369.38,46565618,369.3647360293724709,248287
2022-07-11,366.71,367.67,364.46,365.16,41556724,365.6564341290213804,231735
2022-07-12,364.61,366.99,360.18,361.93,43476903,363.7661695263053485,246904
2022-07-13,356.48,362.96,356.05,360.02,56299560,360.1167899011521908,318589
2022-07-14,355.11,359.78,352.62,359.15,56795684,356.2260190195435154,319106
2022-07-15,363.56,366.13,361.65,366.01,45125797,364.6671101212649336,257039
2022-07-18,369.1,369.78,361.76,362.99,43377691,366.373955383445958,237817
2022-07-19,366.91,373.37,366.26,372.8,53187208,370.6942886584320778,281641
2022-07-20,372.93,376.59,371.62,375.17,48765663,374.6905494198303389,261870
2022-07-21,374.59,379.04,372.19,378.99,44860771,376.2481882754622827,249929
2022-07-22,379.12,380.3,373.25,375.48,47382826,376.2766990537837167,264825
2022-07-25,376.1,376.79,373.69,375.93,36862075,375.3358433691739462,200194
2022-07-26,374.29,374.5,370.59,371.49,37466404,372.205359909472184,199874
2022-07-27,374.78,382.88,374.49,381.13,56761731,378.760938204864525,311284
2022-07-28,381.94,386.61,378.39,385.91,49801126,383.4414576459788965,270299
2022-07-29,387.39,392.53,386.58,391.54,52310299,390.4066407899236242,274053
2022-08-01,388.84,392.89,388.13,390.38,48851396,390.6698903097590896,259166
2022-08-02,388.81,392.5,386.63,387.8,45551433,389.4572318718174809,238877
2022-08-03,389.97,395.05,389.65,393.88,45076908,392.9412489827058426,233836
2022-08-04,393.73,394.48,391.97,393.61,30279463,393.469648740931109,167289
2022-08-05,389.36,393.59,389.27,392.95,39858463,391.7399948560929554,216131
2022-08-08,394.64,396.89,391.39,392.49,37833647,394.0151549661494397,207760
2022-08-09,391.76,392.26,389.86,390.93,33550149,390.8571110874036285,180242
2022-08-10,398.0,399.28,396.03,399.14,43997875,398.1672746490386221,238751
2022-08-11,401.99,403.86,398.4,399.14,41096756,400.8881532601880366,221554
2022-08-12,401.08,406.0,400.13,405.9,40383532,403.5149463028764708,203198
2022-08-15,403.68,408.09,403.63,407.57,35975723,406.4401521586633294,183713
2022-08-16,406.5,410.3,405.69,408.37,40136170,408.0148974812880696,203036
2022-08-17,404.81,408.18,403.47,405.47,42552173,405.5838784497407061,225164
2022-08-18,405.67,407.33,404.38,406.65,32636219,405.9269581488761613,161844
2022-08-19,403.88,404.15,400.31,401.18,45147408,401.8071506814181421,228103
2022-08-22,396.35,396.52,391.93,392.83,48071686,393.7956219730740156,228615
2022-08-23,392.4,394.8,391.33,391.88,37244378,392.6475879659947695,191714
2022-08-24,391.68,394.51,390.97,393.14,33426984,392.8975324559467867,161714
2022-08-25,394.64,398.73,393.53,398.69,34744423,396.2047827412419132,163017
2022-08-26,398.57,399.11,385.13,385.19,68769094,390.377179652325358,356430
2022-08-29,382.23,385.69,381.27,382.64,46718695,383.4889756098486945,251311
2022-08-30,383.8,384.04,376.34,378.44,60428172,378.8844849109250074,325058
2022-08-31,380.08,381.32,375.43,375.56,49088387,377.820082520255324,264250
2022-09-01,373.39,377.08,370.68,376.74,58378564,373.2222443362732829,316079
2022-09-02,380.42,381.63,370.95,372.77,67689067,376.0571660607088116,356590
2022-09-06,373.59,374.56,369.14,371.36,56624932,371.7206766780073462,281589
2022-09-07,371.05,378.8,370.83,378.03,51375352,375.5895892962361707,254626
2022-09-08,375.68,380.96,374.56,380.5,56724614,378.4045534758464183,287721
2022-09-09,382.76,387.28,382.48,386.42,51785258,385.5293969783915751,267735
2022-09-12,388.49,391.29,388.18,390.57,47854767,389.9134043249624131,238776
2022-09-13,381.87,383.09,372.46,373.59,72986149,377.493158928835691,385447
2022-09-14,374.88,376.53,371.7,375.01,50264655,374.2571855893443739,272735
2022-09-15,373.46,376.33,369.48,370.75,57703926,372.473745376474453,310357
2022-09-16,366.61,368.58,364.63,367.93,62726601,366.598722419269487,349037
2022-09-19,364.78,370.78,364.69,370.78,47844388,368.3144894460462917,251454
2022-09-20,367.44,368.46,363.76,366.52,55004847,366.2971749329170079,290181
2022-09-21,368.45,371.5,360.13,360.13,78071054,366.1673950020817901,424536
2022-09-22,359.32,360.39,356.36,357.1,59215774,358.1343989890630891,319078
2022-09-23,353.63,353.67,346.67,351.12,80887171,350.1099913538200664,421637
2022-09-26,349.67,353.28,346.42,347.65,65288182,349.2578334256156033,337575
2022-09-27,351.19,353.46,344.37,346.76,75522528,347.9877077789859667,405308
2022-09-28,347.71,355.27,346.02,353.58,69515511,351.3324037905838635,363993
2022-09-29,350.03,350.32,343.25,346.2,80871855,345.7919458609583486,439581
2022-09-30,345.25,349.17,340.78,340.84,86078958,344.402537189664024,442397
2022-10-03,344.57,351.69,342.78,349.84,63316408,348.3579622875450194,333441
2022-10-04,355.38,360.7,355.28,360.68,70099962,359.0609895246581723,363297
2022-10-05,356.31,362.11,353.98,359.84,63672774,358.012253171806233,317648
2022-10-06,358.44,361.4,355.64,356.13,59640078,357.832851502710434,306273
2022-10-07,352.09,352.48,344.43,346.2,70612496,347.6546695741217382,357502
2022-10-10,347.32,347.55,341.31,343.55,54165376,344.2880254859856815,276544
2022-10-11,341.87,346.43,339.44,341.38,69561786,342.3861769407317892,359917
2022-10-12,341.79,343.36,340.0,340.25,52390583,341.7191462668068527,273294
2022-10-13,333.25,350.7,332.19,349.23,105072913,343.8261616144838708,552711
2022-10-14,351.67,353.33,340.63,341.27,83863343,344.4378449649643227,416671
2022-10-17,347.35,351.15,347.32,350.04,64212023,349.8208493020322657,340800
2022-10-18,357.97,358.28,350.71,354.16,71156108,354.1007242270012053,347774
2022-10-19,352.1,354.84,348.83,351.65,55542419,351.6482652398952526,285145
2022-10-20,351.18,355.63,347.93,348.7,62070047,351.1176943461868609,322997
2022-10-21,348.43,357.66,346.91,357.17,73188439,353.5109889530590227,366959
2022-10-24,358.72,362.68,356.05,361.54,58136808,360.0543785540653714,302274
2022-10-25,361.47,367.63,361.39,367.32,56950032,365.55380312320623,293374
2022-10-26,364.19,369.85,363.91,364.55,64855820,366.2427818736694324,336824
2022-10-27,365.56,367.39,361.98,362.6,54338755,364.2292844173294587,281739
2022-10-28,362.51,371.7,362.32,371.23,61296341,368.4738515669977979,330423
2022-10-31,368.77,370.64,367.64,368.55,59650457,368.9662518928136309,299738
2022-11-01,372.3,372.54,365.76,366.93,58262303,367.9203783325536444,301975
2022-11-02,366.34,370.86,357.7,357.73,87748075,364.3390248000210815,467975
2022-11-03,354.47,357.09,351.92,354.04,56056870,355.0273147625968231,308125
2022-11-04,359.76,361.54,353.08,359.14,67250170,356.9778307819138051,348208
2022-11-07,360.44,363.16,358.35,362.57,45852285,360.9256217662162543,251726
2022-11-08,363.68,367.51,360.44,364.53,61627362,364.609081567861826,300338
2022-11-09,362.48,363.71,356.52,357.02,53919076,359.9198273022437115,284789
2022-11-10,370.28,376.97,368.0,376.64,88407021,373.0132863536373228,489238
2022-11-11,377.5,381.09,375.61,380.28,59451409,378.7760878412377048,301826
2022-11-14,378.52,381.88,376.77,377.05,46969094,379.5938922583388837,254037
2022-11-15,382.8,383.91,376.45,380.26,63034312,380.571058796391972,329929
2022-11-16,378.63,379.59,376.73,377.36,45284235,377.9096159500734848,241813
2022-11-17,372.6,376.89,372.3,376.21,49478300,374.5467889187265175,257553
2022-11-18,379.54,379.62,375.06,377.92,52621163,377.1652898761659437,267980
2022-11-21,376.59,377.72,374.7,376.54,35300657,376.428597915836753,187787
2022-11-22,378.49,381.77,377.08,381.61,39544138,379.9383816335705795,205067
2022-11-23,381.28,384.5,381.05,384.01,46803342,383.190514018028757,242242
2022-11-25,383.45,384.48,383.17,383.93,15850986,383.9052579018195697,83816
2022-11-28,380.84,382.48,377.04,377.8,43239703,379.4307130805977041,220704
2022-11-29,377.93,379.13,375.31,377.15,38796292,377.0813146268018517,191401
2022-11-30,377.36,389.03,375.48,389.03,85981204,383.0406945390497162,441058
2022-12-01,390.11,391.25,386.24,388.75,53015079,388.6985269649452892,279856
2022-12-02,383.81,389.21,383.75,388.3,51386958,386.4817712345767215,270438
2022-12-05,385.45,386.41,379.96,381.31,50112911,382.6857082576476807,257424
2022-12-06,381.15,381.7,373.73,375.82,56184559,376.5478809405014411,296069
2022-12-07,374.93,377.55,374.04,375.18,42721635,375.4771965111111988,229773
2022-12-08,377.06,379.19,375.46,378.12,40450318,377.6891809204932545,216670
2022-12-09,376.88,379.43,375.17,375.29,45823196,377.4458435501772903,235232
2022-12-12,376.08,380.7,375.42,380.7,43044993,378.0088594265945435,216561
2022-12-13,391.44,391.72,380.82,383.59,80380655,385.3166146496520462,452246
2022-12-14,383.24,386.95,378.18,381.13,70987897,382.874652568716547,399246
2022-12-15,376.3,377.2,370.13,371.81,75638131,372.3650159069092051,401020
2022-12-16,369.26,370.59,365.28,367.42,67804159,367.4226146048142139,347538
2022-12-19,367.6,367.95,362.64,364.31,51384458,364.7997559729319692,260882
2022-12-20,363.55,366.42,362.22,364.8,47104274,364.9128763379033522,246350
2022-12-21,367.43,371.39,366.86,370.26,45395169,369.7434993810518989,229084
2022-12-22,367.21,367.53,359.27,364.98,66569038,363.0109203709242697,347544
2022-12-23,363.95,367.22,362.4,367.08,36886623,365.5868052919284678,197204
2022-12-27,366.95,367.31,363.95,365.63,35493075,365.907952090788245,193672
2022-12-28,365.57,367.54,360.85,361.08,45531220,363.2601686327258719,234308
2022-12-29,363.96,368.46,363.4,367.58,43269617,367.1110542775616411,233059
2022-12-30,364.9,366.71,362.78,366.62,50712172,364.9013725719737512,271358
2023-01-03,368.52,370.45,362.21,365.07,49025780,365.0020305238551239,263206
2023-01-04,367.33,369.92,364.29,367.89,59492813,367.3996070729550448,306054
2023-01-05,365.93,366.05,363.1,363.69,50586540,364.3482331602059687,254294
2023-01-06,366.79,373.15,363.76,372.03,67780017,369.9486498734573732,354102
2023-01-09,374.23,377.42,371.64,371.82,53613670,374.5635773054313468,269350
2023-01-10,371.24,374.5,370.3,374.43,42112408,372.8399297103567262,214363
2023-01-11,376.01,379.24,375.2,379.16,44522834,377.2583344743717987,228681
2023-01-12,380.27,382.01,376.19,380.54,60865337,379.8888622835402431,307838
2023-01-13,377.34,382.6,377.07,382.02,44001855,380.2742384421719108,227158
2023-01-17,382.01,383.68,380.64,381.32,43652430,381.8032806636091837,219897
2023-01-18,382.48,383.57,375.1,375.3,65803565,378.5534667885796938,350609
2023-01-19,373.25,374.91,371.25,372.57,59730051,373.1121855040169045,304492
2023-01-20,373.95,379.66,372.32,379.51,54553246,376.5709844600955284,283686
2023-01-23,380.31,386.0,379.36,384.06,56989696,383.5077553154682899,302268
2023-01-24,382.39,384.56,381.2,383.65,40333275,383.298770234419232,214739
2023-01-25,379.58,384.13,377.29,383.79,59716364,380.8513440329589796,323509
2023-01-26,386.45,388.18,383.49,388.01,47402233,385.9657266356973061,262893
2023-01-27,386.96,391.28,386.76,388.9,46771381,389.1541870924371139,245882
2023-01-30,386.14,388.38,383.73,384.02,49677637,385.6186963634963579,262111
2023-01-31,384.52,389.72,384.2,389.67,51526515,387.2464792424933711,267460
2023-02-01,388.45,396.56,385.71,393.81,74134379,390.8097707390964252,388833
2023-02-02,397.7,401.01,395.81,399.54,70122165,398.4175946070121139,375626
2023-02-03,394.57,399.73,394.09,395.3,59016272,396.6536838311848387,330042
2023-02-06,392.84,394.28,391.22,392.88,41906178,392.9638509093592801,218554
2023-02-07,391.97,399.27,390.72,398.02,65510470,394.822667754103386,365314
2023-02-08,396.05,397.39,392.98,393.67,53104734,394.6357315577522092,294104
2023-02-09,397.27,397.43,389.03,390.26,58181222,392.8977042552659166,315618
2023-02-10,389.1,391.55,388.26,391.17,50787832,390.0831161912284662,264785
2023-02-13,391.81,395.89,391.36,395.76,45102405,394.5168593098159862,232892
2023-02-14,394.24,397.89,391.62,395.58,64095087,394.9166151758595205,356620
2023-02-15,393.39,396.88,392.54,396.86,41926842,394.9434572963612392,224304
2023-02-16,391.89,395.83,391.26,391.4,58922476,393.4518023141944126,336067
2023-02-17,389.27,390.66,387.34,390.42,58470850,389.0132659598030122,315961
2023-02-21,386.39,387.45,382.33,382.59,55819901,384.1941466825838634,295565
2023-02-22,383.0,384.54,380.6,382.06,60202859,382.4465329084899662,318946
2023-02-23,384.94,385.57,379.86,384.09,73729521,382.9958377316143882,430275
2023-02-24,379.06,380.82,377.36,379.99,79673225,379.0107414842700312,457442
2023-02-27,383.32,384.7,380.34,381.28,60198492,382.2931493627658202,354044
2023-02-28,380.8,382.77,379.8,379.87,61373009,381.1897464807131358,356051
2023-03-01,379.06,380.29,377.11,378.42,69745849,378.6675458007123404,418510
2023-03-02,376.45,382.2,376.11,381.36,63295004,378.9714369506781906,353382
2023-03-03,383.17,387.72,382.53,387.48,63783672,385.4758579365411307,362659
2023-03-06,388.31,390.6,387.32,387.74,53672307,388.843585412345991,302319
2023-03-07,387.7,387.94,381.18,381.8,79466388,383.655386978228051,452471
2023-03-08,381.92,383.18,380.19,382.42,57013245,381.7131678304965383,325434
2023-03-09,383.22,384.88,374.38,375.37,84615241,379.3280536944867028,472590
2023-03-10,374.82,376.9,368.43,369.95,129400094,372.1410759301512981,765849
2023-03-13,366.06,374.25,364.91,369.42,105021503,370.2046086653844774,623657
2023-03-14,374.35,377.18,371.04,375.53,102076416,374.5386524792512543,626037
2023-03-15,369.91,373.38,367.84,373.18,116865049,370.69543601170151,730096
2023-03-16,370.79,380.08,370.28,379.73,99936042,376.6387989857893611,596364
2023-03-17,378.39,379.53,373.9,375.29,85090861,376.0404369219714852,508812
2023-03-20,376.06,379.31,375.37,378.9,67062261,377.7620029113090028,389217
2023-03-21,382.29,384.35,380.67,383.87,59675119,382.4311131294562654,347173
2023-03-22,383.7,387.32,377.29,377.33,80845694,383.1191621414050069,449330
2023-03-23,380.18,384.24,375.64,378.35,87261908,379.9878174073056492,498621
2023-03-24,377.07,380.92,374.72,380.83,75303499,378.02182561512189,434395
2023-03-27,383.1,383.88,380.65,381.54,52995419,382.0914190018789667,294403
2023-03-28,380.84,381.54,378.85,380.69,45669334,380.2486024174288406,267800
2023-03-29,384.85,386.46,383.65,386.22,54142546,385.0687947263118189,304860
2023-03-30,388.86,389.11,386.62,388.48,50894619,388.0673411895737488,288082
2023-03-31,389.4,394.26,389.3,393.96,69019034,392.0012493865618396,372654
2023-04-03,393.45,395.86,393.04,395.46,49327654,394.5138311630627698,287920
2023-04-04,396.1,396.39,391.89,393.27,49927785,393.7026069433806258,277813
2023-04-05,392.52,393.29,390.58,392.24,48235372,391.8694134220346371,267771
2023-04-06,391.44,394.05,390.38,393.77,45286486,392.6017285242625594,247780
2023-04-10,391.27,394.25,390.67,394.17,45258272,392.4323626136289445,242017
2023-04-11,394.8,395.68,393.51,394.28,38904757,394.615835631967019,210746
2023-04-12,396.33,396.63,392.08,392.67,62292405,394.2896137927352196,338590
2023-04-13,393.81,398.24,393.29,397.88,57550617,396.279663242679272,324818
2023-04-14,397.26,399.44,394.6,396.91,57068357,396.5933750998755214,329491
2023-04-17,396.84,398.36,395.58,398.34,47164100,396.948466128419777,250117
2023-04-18,399.93,400.05,397.22,398.6,47161645,398.4544755042235864,265964
2023-04-19,396.68,399.43,396.62,398.53,41986801,398.0580053043314041,230564
2023-04-20,395.72,398.11,394.81,396.35,56272415,396.4086122882752206,305889
2023-04-21,396.65,397.12,394.71,396.66,49493789,396.1766964674645256,268251
2023-04-24,396.46,397.5,395.12,397.08,44365398,396.4865590994190638,243386
2023-04-25,395.11,395.66,390.72,390.77,61815868,392.7739813538271129,347659
2023-04-26,391.42,392.47,388.56,389.12,56829317,390.4057455238887396,317983
2023-04-27,391.66,397.13,391.41,396.86,64209166,394.6985939746626348,353014
2023-04-28,395.98,400.25,395.92,400.25,61621332,398.7402804784175989,331450
2023-05-01,399.78,401.88,399.61,399.85,46368607,400.5782855313156357,263802
2023-05-02,399.14,399.19,392.45,395.35,76670933,395.0180796697214303,424864
2023-05-03,395.84,398.27,392.4,392.64,69232783,395.4241729327177107,388759
2023-05-04,391.59,391.92,388.52,389.86,67795566,390.0939582793134445,390799
2023-05-05,393.5,398.13,393.24,397.08,58684146,396.0506343407997115,323530
2023-05-08,397.38,397.66,395.78,397.18,38453111,396.9263330832798881,217785
2023-05-09,395.63,396.56,395.2,395.44,34310153,395.808133150574421,201668
2023-05-10,398.29,398.91,393.46,397.29,67633820,396.4105369008958969,381999
2023-05-11,396.41,396.88,394.52,396.6,50015854,395.8341154209555433,279442
2023-05-12,397.83,398.05,393.65,396.08,49023391,395.4905720681363816,272304
2023-05-15,396.68,397.85,394.77,397.44,40096656,396.500031387764595,221575
2023-05-16,396.34,397.26,394.79,394.79,41552998,395.9457429529639309,243521
2023-05-17,396.81,400.18,395.15,399.58,58915569,398.2292958275854166,326665
2023-05-18,399.26,403.85,399.04,403.43,64192969,401.4847780757288194,354034
2023-05-19,404.33,404.86,401.62,402.84,60934681,403.1447564611996791,357695
2023-05-22,402.85,404.54,401.62,403.0,45480294,403.2756301194165836,257708
2023-05-23,401.36,402.37,398.09,398.48,58833222,400.2231945027712991,330644
2023-05-24,396.86,397.26,394.42,395.59,61658646,395.5550465909345343,356303
2023-05-25,399.1,400.47,396.86,399.02,61304376,398.5160631080901265,357645
2023-05-26,399.67,404.91,399.6,404.19,59328555,403.3776345883210749,332079
2023-05-30,406.12,406.65,402.95,404.34,53200748,404.610348971966262,304252
2023-05-31,402.51,403.42,400.53,402.1,64268149,401.9794035192837803,359320
2023-06-01,402.33,406.98,401.08,405.92,64817654,404.6295950981744559,366446
2023-06-02,408.5,412.58,407.97,411.79,63769417,410.9923644226570808,341031
2023-06-05,412.15,413.47,410.3,411.0,48670343,411.9171407869686054,269871
2023-06-06,410.59,412.43,409.93,411.9,46034156,411.4148168929304211,261651
2023-06-07,412.29,413.43,410.05,410.47,58873896,411.2281294687092815,339110
2023-06-08,410.54,413.41,409.77,412.95,44988845,412.0701474903248321,263034
2023-06-09,413.75,415.71,412.7,413.7,55490289,414.150653733448116,327533
2023-06-12,414.68,417.53,413.96,417.45,50518608,415.6778338480811534,280055
2023-06-13,418.91,420.85,418.25,420.2,61420080,419.8215248207402826,369896
2023-06-14,420.54,422.52,417.25,420.7,67747525,420.1265759211427735,394854
2023-06-15,419.88,427.17,419.76,425.92,73605741,424.3578398057981954,420057
2023-06-16,427.86,428.06,423.99,424.47,61974640,425.9229546342877481,362468
2023-06-20,422.54,423.41,420.19,422.26,52872380,422.1086875041313597,301121
2023-06-21,421.31,422.08,419.51,420.1,53572502,420.6096389890634821,310773
2023-06-22,419.14,421.72,418.81,421.62,45622821,420.5033919937944598,254140
2023-06-23,418.15,420.22,417.71,418.43,56945032,418.8198600596687948,326166
2023-06-26,417.87,419.78,416.48,416.72,49934009,417.8163088952646442,281621
2023-06-27,417.6,421.91,417.15,421.29,49893512,419.9644299632484314,278070
2023-06-28,420.21,422.52,419.59,421.5,54463055,420.7641800730913429,308094
2023-06-29,421.08,423.33,420.68,423.16,47306064,422.3066932680419014,267223
2023-06-30,426.38,429.14,426.06,428.16,66214865,428.036303958365324,353772
2023-07-03,427.81,428.93,427.53,428.65,22399622,428.3869190427528727,122865
2023-07-05,426.82,428.75,426.82,428.01,36927402,428.1396533083086577,211348
2023-07-06,424.42,425.08,422.15,424.66,56391472,423.75551593080051,324061
2023-07-07,423.66,427.54,423.35,423.59,56285987,425.276779726697314,309873
2023-07-10,423.22,424.83,422.65,424.66,40557750,423.9110228966033325,224017
2023-07-11,425.42,427.86,424.45,427.36,45339213,426.1422097972519589,243649
2023-07-12,431.16,432.21,429.73,430.8,58663642,430.961959855362883,321581
2023-07-13,432.61,435.01,432.18,434.22,44558739,433.5447277221742301,246712
2023-07-14,435.11,435.96,433.19,433.95,46907891,434.5743576945081653,272192
2023-07-17,433.8,436.51,433.76,435.46,35662697,435.1616138138130738,199854
2023-07-18,435.13,439.34,434.69,438.69,53539490,437.7376205081983002,297066
2023-07-19,439.5,440.86,438.87,439.67,46319815,439.9871591625751623,281661
2023-07-20,438.66,439.57,436.04,436.75,51230891,437.8419357399169353,307190
2023-07-21,438.47,438.67,436.74,436.75,45143413,437.6110899956507844,265701
2023-07-24,437.9,439.51,437.3,438.7,36479645,438.5528247264440618,211443
2023-07-25,438.42,441.16,438.38,439.9,36732790,439.9243768471890348,208619
2023-07-26,438.97,441.4,437.91,439.97,51168750,439.3757559988911162,302311
2023-07-27,443.36,443.76,436.14,437.05,65419395,440.0538050050622444,373856
2023-07-28,440.3,442.16,439.53,441.33,54868803,441.0718443960941538,312295
2023-07-31,441.8,442.53,440.48,442.17,40534507,441.4581971061632169,226376
2023-08-01,440.7,441.65,439.95,440.91,36957352,440.8100904350223933,218381
2023-08-02,437.79,438.05,434.01,434.77,62259930,435.7169958345375942,353984
2023-08-03,432.76,435.41,432.11,433.53,46568880,433.8026181561456484,274368
2023-08-04,435.34,437.45,431.04,431.57,66098419,434.0634062354422796,372736
2023-08-07,433.42,435.49,432.71,435.33,41141542,434.1899367479898836,236772
2023-08-08,432.79,433.9,430.08,433.44,50455464,431.8080722904144673,288090
2023-08-09,433.71,433.87,429.78,430.54,57617456,431.8167652263909336,328789
2023-08-10,432.89,436.29,429.53,430.7,70207134,432.4832236512599481,394802
2023-08-11,428.82,431.47,428.21,430.45,50510403,430.0289180605465909,289928
2023-08-14,429.53,432.82,429.22,432.82,36166671,431.4323442798722594,208105
2023-08-15,431.04,431.4,427.21,427.78,53216149,428.922017546198894,307938
2023-08-16,427.36,429.03,424.53,424.64,55527301,426.7024212268525073,322282
2023-08-17,426.1,426.37,420.88,421.4,59040195,423.6106336645251378,334648
2023-08-18,418.6,422.64,418.24,421.61,63004189,420.6502060236212778,378622
2023-08-21,422.62,425.09,420.47,424.35,51081628,422.974117574686471,303323
2023-08-22,426.11,426.13,422.64,423.2,47064118,423.8878417339996593,278525
2023-08-23,424.23,428.53,424.12,427.91,46537771,426.9632093061490098,262755
2023-08-24,429.52,430.03,421.95,421.98,68336969,425.231383283264631,355737
2023-08-25,423.71,426.24,420.16,424.96,78062546,423.691767733639547,410436
2023-08-28,427.15,428.27,425.82,427.65,47639937,427.0144010402331119,266874
2023-08-29,427.55,434.12,427.36,433.84,63354670,432.0263615716033335,337588
2023-08-30,434.19,436.26,433.47,435.62,51142703,435.284280799260293,277572
2023-08-31,436.2,437.38,434.8,434.98,46231576,436.0898261997542413,237656
2023-09-01,437.71,438.19,434.34,435.8,42300412,435.8483557559610609,238407
2023-09-05,435.36,435.67,433.85,433.91,41071472,434.6777070444519768,242065
2023-09-06,433.1,433.21,428.67,431.0,53871750,430.7185576480196604,308851
2023-09-07,428.03,430.35,427.64,429.67,49580412,429.2707008670360117,283496
2023-09-08,429.72,431.86,429.36,430.32,41946392,430.5678800910927431,222209
2023-09-11,432.96,433.46,431.23,433.15,43372434,432.5006095232130107,237547
2023-09-12,431.7,433.23,430.19,430.77,46230990,431.5057512947852868,256446
2023-09-13,431.0,432.43,429.89,431.28,44705421,431.3743913733618635,264508
2023-09-14,433.74,435.69,432.43,434.99,52742920,434.427482070609264,294552
2023-09-15,433.39,433.74,429.32,429.75,72656508,430.9217568048793253,395963
2023-09-18,429.44,431.3,428.97,430.01,38748082,430.1463254255980769,216710
2023-09-19,429.08,429.68,426.43,429.11,45951550,428.188361192913209,252757
2023-09-20,430.37,430.79,424.97,425.17,54858087,428.2823822476511736,294116
2023-09-21,422.31,422.58,417.99,418.14,72854048,420.2634524966602609,386772
2023-09-22,419.18,420.77,416.78,417.2,70183897,418.7203440518908346,385385
2023-09-25,415.98,418.99,415.55,418.96,49959260,417.5736748997788383,273624
2023-09-26,415.91,416.62,411.97,412.8,68401077,413.8826215344007131,360301
2023-09-27,413.94,414.54,409.32,412.97,76587648,412.2483999025657552,403527
2023-09-28,412.41,417.04,411.82,415.36,67115877,414.922668871861472,361327
2023-09-29,418.4,418.59,412.83,414.35,83401311,415.4082827731363141,444394
2023-10-02,413.51,415.44,411.42,414.19,68144355,413.1605010624451298,379429
2023-10-03,411.99,413.55,407.28,408.64,80892729,409.1350429147520227,438495
2023-10-04,409.11,412.36,407.64,411.62,68288288,410.0781613298025598,400097
2023-10-05,411.33,412.31,408.24,411.46,53767808,410.436798342720036,308391
2023-10-06,409.01,417.89,407.68,416.35,84158779,413.9979669520685303,461788
2023-10-09,414.45,419.59,413.9,419.01,55843063,416.9368518795438433,310309
2023-10-10,419.64,423.79,419.25,421.19,61647044,421.7852365784991182,339991
2023-10-11,422.27,423.17,419.88,422.92,47366462,421.6727990285033137,250417
2023-10-12,423.53,423.91,417.99,420.34,64053139,421.0262831160276816,358287
2023-10-13,421.84,423.05,416.68,418.25,69441303,419.0411787850680611,399467
2023-10-16,420.5,423.72,420.25,422.65,57549185,422.5005720258858648,311035
2023-10-17,419.55,424.68,419.17,422.63,60268723,421.9965416293532228,344983
2023-10-18,420.86,421.82,415.91,417.0,73565874,418.8201808419729845,417996
2023-10-19,417.7,419.53,412.65,413.33,96339554,415.8938966744108645,562184
2023-10-20,412.9,413.44,408.15,408.25,82716301,410.1363186832486437,443910
2023-10-23,406.71,411.41,404.97,407.55,70914223,408.5689780078767242,406938
2023-10-24,409.66,411.77,407.82,410.62,58396371,410.1130557418703336,345739
2023-10-25,408.93,408.96,404.2,404.73,71600246,406.0749968342639897,436372
2023-10-26,403.66,404.51,398.96,399.88,86402122,401.4068999309916545,507291
2023-10-27,401.47,401.87,396.64,398.07,80054345,398.9003179974653981,482972
2023-10-30,400.84,403.88,399.56,402.83,64193476,401.9555176318329653,376567
2023-10-31,403.42,405.68,401.49,405.36,57707067,404.0278579929616739,326819
2023-11-01,406.33,410.49,405.78,409.68,75371740,408.1124427833249248,434241
2023-11-02,413.48,417.69,413.46,417.53,64943324,416.0499522394912731,358238
2023-11-03,419.81,422.89,419.71,421.34,67158618,421.509958438854406,362981
2023-11-06,422.1,422.76,420.36,422.31,49019802,421.6601982685901648,273185
2023-11-07,422.31,424.15,421.17,423.51,47244339,423.2100917379282577,274910
2023-11-08,424.09,424.64,421.51,423.82,45884613,423.3845637982664668,256315
2023-11-09,424.96,425.0,420.09,420.52,60460889,422.2485568276196711,354215
2023-11-10,422.59,427.39,421.09,427.08,62362555,424.7580466288181902,335905
2023-11-13,425.73,427.78,424.96,426.67,36807922,426.4940436291838366,210781
2023-11-14,432.6,436.24,432.39,434.95,68329289,434.7669271568892687,356663
2023-11-15,436.27,437.52,435.02,435.87,54770992,436.293557684848883,305426
2023-11-16,435.42,436.72,434.36,436.4,48072316,435.6053623357368906,279048
2023-11-17,436.41,437.56,435.49,436.95,40847050,436.5833751628552448,236659
2023-11-20,436.68,441.15,436.68,440.31,49438801,439.5164443549860309,263085
2023-11-21,439.26,439.72,438.07,439.35,36915210,439.0463390812968969,202857
2023-11-22,441.02,442.36,439.94,441.05,44697877,441.1128637070811658,255924
2023-11-24,441.09,441.51,440.76,441.32,14165090,441.0740921381170655,84582
2023-11-27,440.69,441.51,440.13,440.52,34831557,440.8211076506265563,205236
2023-11-28,440.13,442.26,439.57,440.96,44572325,440.7774896355420376,253675
2023-11-29,443.11,444.24,440.25,440.65,44905834,441.9522681751530209,252292
2023-11-30,441.5,442.73,439.42,442.38,54411738,441.0081804708782589,285012
2023-12-01,441.75,445.53,441.18,445.0,58552437,443.8229963776687194,341713
2023-12-04,441.61,442.91,440.39,442.66,53234652,441.8727864587766175,292405
2023-12-05,441.28,443.54,440.9,442.58,48680037,442.2479013885039473,279269
2023-12-06,444.72,444.75,440.36,440.79,47091630,442.2236691579014125,264458
2023-12-07,442.86,444.81,442.28,444.16,46153123,443.7580539996540147,262105
2023-12-08,443.41,446.6,443.17,446.07,53322844,445.3021317336476316,310895
2023-12-11,445.58,447.98,445.36,447.8,43578434,446.8171307909181178,249068
2023-12-12,447.45,449.94,446.45,449.85,41385036,448.6287323507635867,239228
2023-12-13,450.23,456.3,449.87,456.05,66153412,453.1524051596448589,387030
2023-12-14,458.0,459.19,454.83,457.51,69126821,457.4042328828304991,393202
2023-12-15,456.93,457.99,455.89,456.76,68023976,457.0345068560665578,354882
2023-12-18,458.38,460.31,458.19,459.33,42236381,459.4091620424416229,231843
2023-12-19,459.88,462.2,459.8,462.12,37490423,461.2777431727040055,203886
2023-12-20,461.27,463.16,455.29,455.72,67376027,459.2310629034634898,369885
2023-12-21,458.7,460.31,456.28,460.04,57760976,458.5459164890338575,319744
2023-12-22,461.17,462.65,459.07,460.97,44344028,461.2660645406398656,247574
2023-12-26,461.38,463.82,461.3,462.91,31409570,462.6149465440480696,173506
2023-12-27,462.71,463.89,462.17,463.75,39490581,462.9672519446495764,219741
2023-12-28,464.07,464.76,463.51,463.92,34598834,464.1808564599814932,191185
2023-12-29,463.74,464.25,460.62,462.58,68237537,462.481615494649139,372693
2024-01-02,459.52,460.98,457.89,459.99,69457472,459.3663403915398227,379172
2024-01-03,457.82,458.57,455.63,456.24,67745162,457.0617569975494133,383703
2024-01-04,455.76,458.35,454.54,454.77,53246074,456.2870744039613759,297949
2024-01-05,454.96,457.84,453.94,455.39,57717570,455.7917057605740634,308745
2024-01-08,455.89,462.04,455.76,461.89,55140922,459.365367172200822,272970
2024-01-09,459.25,462.21,458.73,461.19,44556686,460.6578024539656819,231216
2024-01-10,461.46,464.66,461.18,463.8,45701640,462.9127516616833579,252732
2024-01-11,464.8,465.32,459.61,463.59,55253857,462.3502308839272406,302933
2024-01-12,465.04,465.78,462.5,463.91,43337438,463.8577476395398707,243216
2024-01-16,462.52,463.85,460.39,462.21,58542035,462.0251756248085878,330906
2024-01-17,459.18,460.13,457.29,459.64,51284610,458.9702401206973765,275112
2024-01-18,461.31,464.28,459.77,463.73,58722633,462.0173898700992076,310465
2024-01-19,464.86,469.79,464.17,469.51,63632278,467.2737475183008798,323934
2024-01-22,471.05,472.23,469.85,470.5,51194556,470.9700345666011529,300027
2024-01-23,471.06,472.12,469.96,471.88,33969296,471.0050704627936199,194863
2024-01-24,474.73,475.68,472.02,472.39,59536749,473.9159695047804861,344814
2024-01-25,474.5,475.23,472.39,474.96,52182823,473.962684033036998,304406
2024-01-26,474.53,476.02,473.51,474.36,46296782,474.6857860016749925,271316
2024-01-29,474.67,478.26,474.12,478.11,39388150,475.9305335358446162,225445
2024-01-30,477.42,478.45,476.98,477.74,40335798,477.7747841826399916,231298
2024-01-31,475.55,475.99,469.95,469.95,83093197,472.7850886332362264,457272
2024-02-01,471.65,476.13,470.84,476.1,62996057,473.5967535616939482,364525
2024-02-02,476.55,482.77,476.2,481.11,66014905,480.1309482015802132,369156
2024-02-05,480.49,480.94,477.1,479.36,49066213,479.4204980843450368,289078
2024-02-06,480.3,481.08,478.87,480.75,40486511,479.7883749943654434,251548
2024-02-07,482.99,485.18,482.09,484.76,48222424,484.105575980742584,283979
2024-02-08,484.76,485.35,483.94,484.97,36285405,484.6807486099014733,216029
2024-02-09,485.5,488.22,485.14,487.78,43361292,486.9055280181201217,252833
2024-02-12,487.75,490.02,486.84,487.56,37242993,488.2884726983820686,214986
2024-02-13,481.3,482.57,477.57,480.85,76192866,480.3314313853480443,420589
2024-02-14,483.45,485.7,481.16,485.22,50798412,483.4827156039884567,289153
2024-02-15,485.93,488.75,485.43,488.57,44618155,487.3483428172188567,262993
2024-02-16,488.24,489.4,485.39,486.13,47052777,487.5488260009866892,278120
2024-02-20,484.39,485.06,481.21,483.46,52546804,482.8394176211222785,304268
2024-02-21,482.17,484.05,480.34,483.89,39129265,482.1562176453700948,245177
2024-02-22,490.5,494.87,489.55,493.91,57200049,492.6669865030959963,326734
2024-02-23,495.6,496.47,493.52,494.25,42496663,494.9598912650221282,237285
2024-02-26,494.7,495.13,492.31,492.44,35105239,493.5866787781470127,199358
2024-02-27,493.12,493.58,491.23,493.35,32675012,492.5764771045989123,181657
2024-02-28,491.8,493.29,491.44,492.7,36137805,492.4100565976849187,203754
2024-02-29,494.46,496.09,491.82,494.47,52004676,494.4187813127169799,273734
2024-03-01,495.35,499.54,494.94,499.12,47556704,497.8425669461873244,270604
2024-03-04,498.33,500.43,498.29,498.58,35153542,499.0590911195352297,210270
2024-03-05,496.58,497.02,491.39,493.6,52161540,493.8679391670250486,295718
2024-03-06,496.88,498.36,494.8,496.1,50183209,496.4790866526989922,306621
2024-03-07,499.37,502.07,498.46,501.02,42087686,500.7213497499978075,261554
2024-03-08,501.66,504.35,497.44,498.02,61973434,500.4683127219414432,376296
2024-03-11,496.81,498.17,494.88,497.59,41166442,496.7944097184307693,253133
2024-03-12,499.7,503.52,497.18,502.94,50599533,501.375353145589742,290674
2024-03-13,503.26,503.44,500.71,502.15,37004270,502.4663320242481939,225286
2024-03-14,503.13,503.29,498.1,501.16,67829049,500.4466410971529456,388974
2024-03-15,498.1,499.54,496.28,497.72,56608646,497.7784714839548623,346686
2024-03-18,501.8,503.23,500.27,500.68,50401141,501.6941819660219333,286423
2024-03-19,499.98,503.74,498.98,503.46,41070137,501.686372022402752,244992
2024-03-20,503.52,508.25,502.84,508.11,48100339,505.4370974455145652,278784
2024-03-21,510.93,511.66,509.51,509.79,40633350,510.7088093884620051,237364
2024-03-22,509.69,510.19,508.59,508.83,40824671,509.4250499060590127,230643
2024-03-25,507.44,508.57,507.27,507.42,31746627,507.9665429351768366,193323
2024-03-26,508.85,509.19,506.08,506.48,36708447,507.8064390909836183,206559
2024-03-27,509.32,510.77,507.14,510.74,46614604,508.7367986246186525,269885
2024-03-28,510.79,512.15,510.36,510.64,45456726,511.1764297626605421,255633
2024-04-01,511.39,511.92,508.59,509.76,33080174,509.9649122587349263,177873
2024-04-02,505.94,506.65,504.21,506.51,48125036,505.5727952158977913,277685
2024-04-03,505.42,508.57,505.36,507.07,41423874,507.4052032375481235,241797
2024-04-04,511.09,511.42,500.57,500.88,69518011,505.677253211804241,406738
2024-04-05,502.21,508.08,501.8,506.11,54446255,505.5064106951345974,337251
2024-04-08,506.85,507.82,505.59,506.4,34007505,506.6212801467727914,209065
2024-04-09,508.13,508.38,502.13,506.98,44373457,505.055386451127024,259452
2024-04-10,501.28,503.9,499.92,501.91,58802245,501.6844195364978559,358990
2024-04-11,503.43,507.14,499.91,505.69,49900345,504.0098302491091658,283330
2024-04-12,502.18,503.57,496.99,498.71,65706465,499.6225944210340187,372314
2024-04-15,502.87,503.06,491.62,492.47,66580851,496.5562153075529245,395972
2024-04-16,492.94,494.47,490.28,491.57,56202293,492.1963142821449123,322694
2024-04-17,494.03,494.19,487.26,488.66,56305400,490.1647526982053525,334904
2024-04-18,490.05,492.15,486.72,487.65,50389122,488.9278528775174996,289729
2024-04-19,487.57,488.57,482.13,483.4,64122912,484.8832783257339358,378582
2024-04-22,486.01,490.44,483.66,487.85,49735325,487.0202741485324444,291722
2024-04-23,489.87,494.07,489.31,493.64,44156018,492.6912694590105331,257427
2024-04-24,494.53,495.32,491.18,493.4,38232595,493.3385185364501908,223105
2024-04-25,487.33,492.29,485.67,491.53,47342208,488.98642745466136,288542
2024-04-26,494.33,497.77,493.69,496.19,39325649,496.4673771988847361,230559
2024-04-29,497.96,498.62,495.2,497.94,32005804,497.4143328627104799,189106
2024-04-30,496.46,497.45,490.05,490.05,48320471,493.8032101817914836,268036
2024-05-01,489.47,496.12,487.98,488.46,59626616,490.8949824265988127,347353
2024-05-02,492.14,493.87,487.68,493.03,46717023,491.3157431390822103,259355
2024-05-03,498.99,500.37,496.48,499.14,49524881,498.5975393210164609,278600
2024-05-06,501.54,504.34,501.11,504.3,31970047,502.5923254822278438,181759
2024-05-07,505.25,506.25,504.18,504.85,35886141,505.2506350416067109,191578
2024-05-08,503.01,505.44,502.9,504.9,28405104,504.6102196648338872,159060
2024-05-09,505.08,507.85,504.42,507.81,31989797,506.7296431144892889,180836
2024-05-10,509.41,510.22,507.25,508.47,33997802,508.562051136139571,187477
2024-05-13,510.15,510.25,507.39,508.53,25936388,508.6948201776657565,151878
2024-05-14,508.73,511.39,508.19,510.87,34874060,509.9141476252102984,194660
2024-05-15,513.35,517.49,512.7,517.19,40248331,515.5734280202594081,228206
2024-05-16,517.28,518.9,515.98,516.13,34384727,517.4331708445769763,186038
2024-05-17,516.25,516.94,514.79,516.87,31300030,516.2021284816035616,166645
2024-05-20,516.99,518.94,516.6,517.47,23167404,517.8139055960122768,120483
2024-05-21,516.71,518.89,516.5,518.74,20117658,517.8353829409649217,105576
2024-05-22,518.05,518.76,515.07,517.24,28076503,516.993861515998127,140856
2024-05-23,520.28,520.41,512.25,513.46,37174155,515.5851429356881801,180105
2024-05-24,515.31,517.67,514.36,516.86,24982182,516.4032345297976894,131481
2024-05-28,517.65,517.91,514.59,517.22,23053067,516.6306991377063995,117952
2024-05-29,513.21,514.78,512.89,513.6,27344474,513.873789040135522,137310
2024-05-30,512.06,512.72,508.94,510.19,27647805,511.204740808280331,145715
2024-05-31,511.17,514.96,506.05,514.84,51133159,510.5106320691255331,237444
2024-06-03,516.45,516.74,510.18,515.26,30681796,513.9450547756608099,158847
2024-06-04,513.95,516.58,512.49,515.84,25050991,514.5054182303370238,130951
2024-06-05,518.16,521.99,516.16,521.97,29838348,519.6726721773777607,167593
2024-06-06,522.27,522.7,520.03,521.96,21254159,521.6329680257922391,112657
2024-06-07,520.98,524.14,519.88,521.32,24919546,521.9844154886554541,128419
2024-06-10,520.53,523.26,519.92,522.93,24596008,521.9707480873216251,128655
2024-06-11,521.41,524.25,519.41,524.19,24257009,522.2128563395165103,127902
2024-06-12,528.75,531.19,527.46,528.5,37682167,529.4477928597358362,195888
2024-06-13,530.24,530.42,526.77,529.56,25292608,528.9791962425848993,126043
2024-06-14,528.03,529.91,527.02,529.89,24193570,528.6472736387695838,125686
2024-06-17,529.2,535.5,528.73,534.1,30478857,532.8197360173174054,160424
2024-06-18,534.16,535.59,533.74,535.46,21525893,534.8093191543039207,111374
2024-06-20,536.38,537.06,532.22,534.0,35016427,534.5895922280435045,190359
2024-06-21,533.21,534.41,531.83,533.29,28563967,533.2194222517372874,149301
2024-06-24,533.12,535.68,531.45,531.56,27000022,533.3555577962024688,142246
2024-06-25,532.78,533.96,531.26,533.6,21148875,532.8541088842161514,106790
2024-06-26,532.49,534.98,531.84,534.27,20756684,533.390815922826182,118585
2024-06-27,534.13,535.69,533.39,535.11,20749284,534.478920886140018,121073
2024-06-28,535.91,538.94,531.76,533.0,42223852,534.99114311459479,227111
2024-07-01,534.39,534.63,531.34,534.1,25072898,533.4358679735123943,137836
2024-07-02,532.54,537.7,532.45,537.7,22527203,535.4788805328939293,118581
2024-07-03,537.37,540.46,537.34,540.1,18160995,538.9586617522048562,94427
2024-07-05,540.4,543.61,539.76,543.21,23856788,542.1789039838667519,121975
2024-07-08,543.99,544.8,542.77,543.84,19402644,543.6999003907312822,97735
2024-07-09,544.8,545.7,544.07,544.37,18752027,544.7214066704221046,99533
2024-07-10,545.58,550.1,545.3,549.75,23837912,547.7291207499334089,116848
2024-07-11,549.87,550.74,544.38,545.01,32884773,546.471580900342857,164762
2024-07-12,546.14,552.05,545.69,548.45,33802711,549.2383644479231504,159195
2024-07-15,550.43,553.2,548.1,549.96,26793486,550.5615235887306544,136318
2024-07-16,551.27,553.51,550.52,553.22,23228375,552.0022098182850497,117820
2024-07-17,547.3,548.96,545.14,545.46,32530843,546.59596373593309,163862
2024-07-18,546.97,547.99,539.09,541.27,38213890,542.7273637313515644,186433
2024-07-19,541.04,542.66,536.62,537.68,32780542,538.6276271189014246,162645
2024-07-22,541.6,543.83,539.66,543.22,26308671,542.1524603888985087,128831
2024-07-23,543.11,545.27,541.87,542.37,20007598,543.5911878336405103,95040
2024-07-24,537.56,537.85,529.16,530.08,41607202,532.7258084790007022,205837
2024-07-25,530.19,536.18,526.37,527.31,42619622,530.7660442741481363,223533
2024-07-26,531.14,535.91,530.33,533.22,35450716,532.8736967323402942,188982
2024-07-29,534.77,535.78,531.54,533.53,23021518,534.0881433160569191,122083
2024-07-30,534.96,536.06,527.41,530.83,29696546,531.3536797178819325,156374
2024-07-31,537.67,542.09,536.29,539.46,40674937,539.252479474072024,204905
2024-08-01,541.18,543.44,528.31,531.82,50362937,533.6199937458826715,254127
2024-08-02,524.68,525.92,517.71,521.92,53229047,520.71454000907999,288395
2024-08-05,501.1,512.79,499.75,506.72,88978683,506.5407731062183489,491062
2024-08-06,508.51,518.83,507.2,511.39,53328780,513.7148224818031869,273507
2024-08-07,517.64,520.64,507.37,507.97,47521412,513.490541620778132,249016
2024-08-08,513.1,520.34,511.09,519.71,40808315,517.2347587897693198,227376
2024-08-09,518.89,523.5,517.67,522.01,29831516,520.6920139837369092,158243
2024-08-12,523.21,524.69,520.01,522.28,28823449,522.2218249222576085,154416
2024-08-13,525.53,531.1,525.23,530.87,28986938,528.7729807274844069,153538
2024-08-14,531.68,533.73,528.99,532.54,27631003,531.8678607311496842,141023
2024-08-15,538.18,541.96,537.57,541.67,38869328,540.2759445385756177,194757
2024-08-16,540.0,543.58,539.9,542.89,21806390,542.0594181103077966,111370
2024-08-19,543.31,548.08,542.45,548.08,24925487,545.6684791272400755,126170
2024-08-20,547.63,549.28,545.83,547.19,21707122,547.3393225722568063,115132
2024-08-21,548.21,550.53,546.49,549.07,24934135,548.6203678395966597,131239
2024-08-22,550.97,551.57,543.54,544.76,31129398,546.6292630777450618,162208
2024-08-23,548.0,551.49,545.81,550.55,33498696,549.2628492580792806,186418
2024-08-26,551.54,552.29,547.53,549.23,22485698,549.5703784736333567,121404
2024-08-27,547.96,550.48,546.81,549.99,20178814,549.3842939164511193,109461
2024-08-28,549.64,550.08,543.6,546.79,24369935,546.8388530526768753,128839
2024-08-29,548.76,552.06,545.7,546.84,26204885,548.9073298146202143,145475
2024-08-30,549.22,552.57,545.66,552.06,34548871,549.5214088533220327,172623
2024-09-03,548.92,549.25,538.19,540.7,37916095,543.1886575546829505,202443
2024-09-04,538.86,543.0,538.14,539.6,30688265,540.2240367410454102,158267
2024-09-05,539.54,542.39,535.83,538.28,29580229,538.51010003015513,161139
2024-09-06,538.6,540.23,528.32,529.22,43834802,531.5240939965651906,236493
2024-09-09,533.43,536.42,531.5,535.15,25582357,534.2184025060850832,144266
2024-09-10,537.06,537.83,532.18,537.48,26517854,535.8236266598847005,135337
2024-09-11,537.39,543.92,528.83,542.99,46871005,536.3799215466193006,243445
2024-09-12,543.57,547.87,541.35,547.57,31621976,545.4549715826832599,172615
2024-09-13,548.16,551.43,547.92,550.43,24438554,550.0992503729935384,132392
2024-09-16,550.18,551.51,548.36,551.24,22189055,550.158993309773152,114372
2024-09-17,553.44,554.9,549.23,551.47,28633032,551.9933952866291518,150892
2024-09-18,552.12,556.97,549.27,549.83,36621951,552.2705633375903092,209246
2024-09-19,559.24,561.08,556.36,559.21,39298398,559.1898986105717919,203990
2024-09-20,557.87,559.29,555.22,558.25,34351708,557.5163876822189721,171245
2024-09-23,559.32,560.3,558.1,559.64,19785827,559.239509589075825,108629
2024-09-24,560.43,561.3,557.61,561.24,25913671,560.0480211793514163,131166
2024-09-25,561.11,561.82,558.89,560.0,23888766,560.3820356880921413,129959
2024-09-26,564.29,564.59,559.87,562.23,26703251,562.1984851782737372,148135
2024-09-27,563.29,564.11,560.38,561.41,23535208,562.2711824537054979,122666
2024-09-30,560.38,564.27,558.08,563.66,32727822,561.5874351064008962,172849
2024-10-01,563.3,563.36,556.04,558.61,49763822,558.6451602426401355,274761
2024-10-02,557.72,559.87,555.32,558.85,22990597,558.4064381084517594,127236
2024-10-03,557.42,559.78,555.53,557.82,26930601,557.3405388673229225,135786
2024-10-04,562.26,563.27,558.1,562.89,28099907,560.8693039126078793,146463
2024-10-07,561.24,561.89,556.65,557.8,28733774,559.2699638531081289,146144
2024-10-08,560.4,563.68,559.49,563.08,24258453,561.8428579660261995,128094
2024-10-09,563.08,567.54,562.47,566.98,25116223,565.7635988612746612,122578
2024-10-10,565.63,567.41,564.38,565.99,23625482,565.774405213028153,126579
2024-10-11,565.91,570.11,565.77,569.38,23430528,568.8807401443174192,120692
2024-10-14,570.99,574.97,570.51,574.03,21784499,573.3604641438996047,103950
2024-10-15,574.3,574.6,568.36,569.57,29749728,571.094077462531952,151954
2024-10-16,569.57,572.57,568.77,572.05,18616128,570.9437709335988296,96664
2024-10-17,575.63,575.8,571.91,572.1,20386925,573.2916964509236187,102316
2024-10-18,573.75,575.08,572.32,574.3,16646979,573.9017641271826316,80980
2024-10-21,573.59,574.55,570.38,573.36,21307082,572.60991389484702,108473
2024-10-22,570.86,574.21,570.16,573.05,18746357,572.3574382220634321,94679
2024-10-23,571.03,571.47,564.3,567.81,30893591,567.9042389040577763,150593
2024-10-24,569.77,569.85,566.42,569.04,21232288,568.6872082083705546,104059
2024-10-25,571.31,574.17,567.9,568.85,27750596,570.9634188458775274,134957
2024-10-28,572.29,572.45,570.3,570.6,18867039,571.1972290019961314,96835
2024-10-29,569.66,572.65,568.25,571.53,21199511,571.0989894406018412,104825
2024-10-30,571.09,573.05,569.09,569.8,23762748,570.9054575046550341,118154
2024-10-31,565.47,565.5,558.43,558.63,33581845,561.4400757643096566,175074
2024-11-01,561.26,565.42,560.57,560.99,27052911,562.6415456001624696,135471
2024-11-04,561.12,562.42,557.89,559.78,20925135,560.2592362363496564,108215
2024-11-05,560.68,566.56,560.48,566.55,22988366,564.8725660394281001,123737
2024-11-06,578.86,581.51,575.08,580.64,40851810,578.8530380214578012,217277
2024-11-07,582.64,586.15,582.55,585.12,27238603,584.4183091744475265,128611
2024-11-08,585.67,589.08,585.66,587.66,26589966,587.43328131364005,127619
2024-11-11,589.29,589.6,586.49,588.22,20809664,588.1926731232184149,105260
2024-11-12,588.16,588.74,583.91,586.39,23281775,586.7799882303676395,116998
2024-11-13,586.8,588.68,584.49,586.68,26150085,587.0619357715694755,128607
2024-11-14,586.8,587.29,582.22,582.9,23493585,584.3966964709408288,113422
2024-11-15,579.35,579.81,573.58,575.44,32279113,576.004090741021898,175996
2024-11-18,575.89,579.11,575.04,577.8,21097133,577.3804269961565326,100245
2024-11-19,574.42,580.64,573.75,579.91,24199407,578.0651567390751346,125053
2024-11-20,579.99,580.39,574.34,580.1,27455906,577.6525505812188752,147060
2024-11-21,582.95,584.64,577.11,583.22,28785787,581.9456194141517429,159387
2024-11-22,583.21,585.66,582.71,585.03,20595400,584.5774572639063109,101888
2024-11-25,588.97,590.28,584.72,587.01,25533430,587.4598059952163471,130162
2024-11-26,588.26,590.74,587.54,590.08,24007713,589.3646710906528029,112737
2024-11-27,589.9,590.27,586.77,588.29,20102443,588.4088001582857433,100496
2024-11-29,589.04,592.73,588.83,591.94,16405318,591.5338006062397569,74407
2024-12-02,592.36,593.68,591.86,593.0,18485931,592.8649466631331048,93341
2024-12-03,592.76,593.52,591.74,593.28,15927630,592.8001085526128356,76035
2024-12-04,594.94,597.21,594.3,596.96,21843608,595.9594928470552267,105360
2024-12-05,596.94,597.77,595.63,595.98,18288068,596.6118035347136936,89966
2024-12-06,596.75,598.35,596.33,597.11,16324093,597.1855225732568024,76175
2024-12-09,596.99,597.16,593.45,594.03,21084098,594.7914244620767343,103596
2024-12-10,594.72,595.14,591.53,592.19,19480645,593.2480809525714166,97129
2024-12-11,595.12,597.73,594.84,596.77,16566843,596.6265394689229056,82830
2024-12-12,595.9,596.47,593.69,593.69,17001819,595.031128991878584,84450
2024-12-13,595.72,596.44,592.2,593.57,19518650,593.8522542551464747,99593
2024-12-16,595.33,597.08,594.56,596.11,21908130,596.1127465628304087,106695
2024-12-17,593.55,594.52,592.27,593.65,25120439,593.389545920979158,137273
2024-12-18,593.36,595.73,575.58,575.96,53960200,585.6217438015279893,289932
2024-12-19,580.97,582.58,575.54,575.78,44066016,578.6080746320352601,236783
2024-12-20,573.45,587.23,572.6,582.7,60406385,581.7785824962466926,296547
2024-12-23,582.44,586.79,579.26,586.19,27127339,583.9845817501268432,139652
2024-12-24,587.53,592.74,586.96,592.7,16088836,590.6015938105812337,74638
2024-12-26,590.87,593.87,589.53,592.74,16240047,592.3452992083084975,87842
2024-12-27,588.94,589.23,582.31,586.5,35425533,585.5084757834147607,173028
2024-12-30,579.55,583.28,576.05,579.81,27148651,579.9570067048388863,147768
2024-12-31,581.47,582.19,576.06,577.7,33313982,578.3000430114641931,170023
2025-01-02,580.96,582.68,572.2,576.28,32930001,576.6687075489211094,189657
2025-01-03,579.13,584.13,578.04,583.49,25103946,581.8318103602810996,133326
2025-01-06,587.74,591.13,585.11,586.85,27107551,588.1245267305984531,144075
2025-01-07,588.89,589.2,578.39,580.21,32807099,582.6440281374019263,162821
2025-01-08,580.28,582.14,576.82,581.06,25332104,579.825908447123474,134798
2025-01-10,577.45,577.58,570.28,572.19,42730780,573.0896265431838893,228804
2025-01-13,567.54,573.43,567.12,573.08,27861859,570.3247347169401347,144732
2025-01-14,575.96,576.64,570.08,573.87,29479105,573.4908069258153442,149439
2025-01-15,581.88,585.45,580.77,584.3,31236594,583.6671859682898937,154261
2025-01-16,585.67,585.85,582.48,583.18,20732921,584.2369212536977095,111817
2025-01-17,588.41,590.79,587.09,589.04,26387615,589.2876541298733343,126155
2025-01-21,592.08,594.43,590.11,594.43,22735640,592.9209487008304415,112119
2025-01-22,597.23,599.13,596.7,597.77,22559984,598.1116511453936879,108936
2025-01-23,597.14,601.03,596.86,601.03,21919826,598.8095275849590305,96182
2025-01-24,601.07,602.05,598.12,599.28,19003821,599.8652135549792742,94412
2025-01-27,586.32,591.12,586.14,590.8,37060352,589.0678427654339277,207940
2025-01-28,592.03,596.71,588.71,595.88,24838153,594.2141886566349138,131254
2025-01-29,595.06,595.49,590.65,593.2,21118240,593.3792997522396051,117691
2025-01-30,595.32,597.93,592.12,596.39,24759421,595.3674590440520583,123307
2025-01-31,598.81,601.24,592.46,593.21,38531927,596.4231450140723622,194703
2025-02-03,584.2,591.71,582.05,589.22,41521764,587.8524732033094074,214165
2025-02-04,589.25,593.69,588.74,593.18,20811624,592.1688586960441574,105704
2025-02-05,592.05,595.73,590.02,595.58,18071574,593.4344990186455416,95428
2025-02-06,597.32,597.79,594.01,597.65,19825511,596.4803156828499502,101341
2025-02-07,598.21,599.43,591.47,592.18,29689441,594.2279884732358913,161552
2025-02-10,595.35,596.84,594.12,596.2,15905308,595.8189101871600757,81695
2025-02-11,593.93,597.2,593.82,596.65,16637448,595.8287671990182826,85027
2025-02-12,590.66,595.91,589.95,594.73,22926853,593.6730387056153574,118974
2025-02-13,595.84,601.22,594.57,601.01,26865337,598.817413194444683,140210
2025-02-14,601.22,602.25,600.36,600.98,15807651,601.3861504847089823,88590
2025-02-18,602.15,602.75,599.68,602.75,16733655,601.3033515850995421,85706
2025-02-19,601.33,604.46,600.84,604.17,16549131,602.9199015298552186,85385
2025-02-20,602.81,602.94,598.34,601.65,21236099,600.3856637810949134,104444
2025-02-21,601.45,601.57,590.9,591.36,36038345,594.743510193422941,178355
2025-02-24,593.39,594.41,587.96,588.67,29982802,590.6360933520834494,157827
2025-02-25,588.62,589.34,581.13,585.74,34237233,585.251207773912356,187202
2025-02-26,587.39,591.01,583.39,586.04,26728069,587.1881106040617018,142210
2025-02-27,588.32,589.47,576.29,576.68,41101533,582.3236752520070902,219080
2025-02-28,577.19,586.22,574.11,585.68,49223251,579.182245572777438,258986
2025-03-03,587.66,588.8,571.61,575.42,48256620,579.5942686684528111,264125
2025-03-04,571.42,577.02,564.07,568.61,61598707,569.3952184987041565,336245
2025-03-05,568.46,576.52,564.88,574.72,45244328,571.234536911456548,237034
2025-03-06,567.21,571.88,561.97,564.52,48639166,565.815151791781413,262674
2025-03-07,562.7,569.13,557.54,567.69,52087778,564.0960889236997043,275394
2025-03-10,559.47,561.4,547.65,552.56,56871569,554.3100475508125449,305901
2025-03-11,551.4,555.96,544.13,547.97,55347200,549.7354083473909238,303642
2025-03-12,554.12,555.06,545.77,550.88,41882388,551.3164730494570096,229146
2025-03-13,550.5,551.12,541.82,543.54,40004231,545.3815662095945867,222483
2025-03-14,548.16,555.77,547.56,554.76,36430168,552.5298712092096934,191828
2025-03-17,554.72,561.56,554.31,559.04,30313617,558.2863661344374353,160577
2025-03-18,556.71,556.94,551.07,553.0,29596073,553.0000506748491249,165392
2025-03-19,554.78,562.79,553.6,559.02,35537738,558.1089399209888589,201476
2025-03-20,555.27,562.43,554.55,557.4,33232837,558.4303983480077764,174877
2025-03-21,552.95,558.49,551.71,557.59,35965499,555.4055762923616693,192876
2025-03-24,564.33,568.63,563.74,567.57,32891680,566.7920366992503902,165345
2025-03-25,568.78,569.88,567.19,568.94,23314557,568.4035614420851607,113086
2025-03-26,568.67,569.8,560.76,562.15,30725419,564.1078099036696244,149002
2025-03-27,560.77,564.43,558.54,560.65,29573617,561.7646727008975138,145318
2025-03-28,559.11,559.85,548.78,549.36,44181535,551.7870606121310992,205035
2025-03-31,543.59,554.36,540.67,553.05,50752869,548.7844835299289773,271323
2025-04-01,551.13,556.56,547.4,554.61,34997622,552.5740383393068798,185431
2025-04-02,548.76,560.99,548.52,558.12,35368184,556.4505957114879122,190085
2025-04-03,538.93,541.76,530.62,530.62,74079775,535.8873422598181942,390902
2025-04-04,517.78,519.91,499.34,499.55,128617635,508.0623408105277971,712121
2025-04-07,483.65,517.24,476.34,498.66,177444566,495.5646203969234299,1077268
2025-04-08,515.95,519.03,483.62,490.85,115950759,501.7862923028495907,637876
2025-04-09,487.85,542.4,487.46,542.4,149687820,516.2504683689069568,847385
2025-04-10,526.21,527.45,503.55,518.63,108446336,517.0245934447594107,600444
2025-04-11,516.98,530.35,514.18,527.89,60063941,523.3125059382743316,322550
2025-04-14,537.85,538.11,527.81,533.01,47337025,533.573865021637923,241305
2025-04-15,533.56,537.07,530.73,531.52,33896843,533.4453385084056442,166986
2025-04-16,525.65,529.04,514.39,519.7,48450551,521.3984495566004189,248112
2025-04-17,521.6,525.15,517.97,520.44,37752302,521.8443376909674959,202989
2025-04-21,515.23,515.79,502.7,508.06,45406921,507.0252307152918699,229047
2025-04-22,514.22,523.31,513.31,521.27,49630952,519.0839836529336493,259454
2025-04-23,534.3,539.25,527.83,529.35,58976132,533.110180908515029,316583
2025-04-24,530.66,541.23,529.38,540.49,40007918,537.5265496362716222,193500
2025-04-25,540.45,544.8,537.53,544.4,35555837,541.9666463357018578,187216
2025-04-28,545.14,547.28,538.84,544.61,31612314,543.3072767352626618,147600
2025-04-29,542.69,549.15,542.33,548.04,29530325,546.7181726633487499,148904
2025-04-30,541.38,550.21,535.38,548.25,53285346,543.3191407210996461,242505
2025-05-01,554.02,557.68,551.54,552.14,37414459,554.7233971067436935,192141
2025-05-02,558.29,561.94,556.01,560.34,35752707,560.0028708041290053,183958
2025-05-05,556.17,560.23,555.33,557.12,26178769,558.0472904720263208,135398
2025-05-06,551.61,556.96,550.65,552.47,32169294,553.6823323495626685,157436
2025-05-07,553.78,557.43,549.74,554.79,34962824,553.6289444132969194,188004
2025-05-08,558.81,563.85,555.33,558.66,42995310,560.2055472288413045,219246
2025-05-09,560.06,561.07,556.38,557.94,23584958,558.3547654382973159,124153
2025-05-12,574.89,576.39,570.5,576.38,47208023,573.8807682367501362,256072
2025-05-13,576.85,582.4,576.23,580.19,40045951,580.5473396115570241,227864
2025-05-14,581.17,582.3,578.89,580.93,41667358,580.7084920858404484,253218
2025-05-15,578.92,584.27,578.46,583.77,45753610,581.8761060252808371,278709
2025-05-16,584.51,587.76,582.6,587.47,37433693,585.6004089125562245,233940
2025-05-19,581.43,588.79,581.42,588.11,41765828,586.4190239352969185,243532
2025-05-20,586.39,587.32,582.92,586.13,39358555,585.6350122045804613,240821
2025-05-21,581.8,585.86,575.23,576.25,62899632,580.4722010345906088,392036
2025-05-22,576.06,579.97,574.81,576.48,47836606,577.4498506426605674,311772
2025-05-23,569.42,575.23,569.08,572.55,45459821,572.2712208248883439,273351
2025-05-27,579.44,584.61,571.87,584.45,48453104,582.3892234127235702,319406
2025-05-28,584.86,586.05,580.33,581.07,42840785,583.07832325674552,282507
2025-05-29,586.33,586.48,579.43,583.36,44595483,582.8786128284923113,284864
2025-05-30,582.23,584.43,576.62,582.71,56099969,581.3481586555423115,334282
2025-06-02,581.1,586.07,578.43,585.99,40979034,583.1238018691198242,255483
2025-06-03,585.63,590.31,585.14,589.33,43996643,588.474459481526122,268374
2025-06-04,590.18,591.17,588.74,589.18,38628881,590.2056127482156756,244072
2025-06-05,590.86,592.21,584.35,586.33,62243094,588.4625954956894783,378476
2025-06-06,591.87,594.02,590.09,592.35,44462806,592.4320874235924389,292522
2025-06-09,592.94,594.44,591.71,592.88,36153143,593.2596004357106899,231411
2025-06-10,593.42,596.63,592.3,596.24,45274825,594.7722586299053424,285802
2025-06-11,597.34,598.2,592.48,594.54,49308751,595.5315537234618739,304055
2025-06-12,593.22,596.91,592.72,596.91,43134831,595.6877628703133478,266364
2025-06-13,591.75,595.03,588.73,590.23,60204312,591.464183912405023,363732
2025-06-16,593.61,597.6,593.42,595.85,49809480,595.9131786012128833,308532
2025-06-17,593.42,594.93,590.0,590.76,52801328,592.4459287404018848,325939
2025-06-18,591.66,594.42,589.71,590.67,45025937,592.1388338449125859,269926
2025-06-20,593.35,594.42,587.87,589.28,48038265,590.1815374331246979,295057
2025-06-23,590.03,595.49,586.91,595.1,60240027,591.9544975548516003,362569
2025-06-24,599.25,602.74,598.33,601.68,43084707,601.0602541531842003,256997
2025-06-25,602.8,603.49,600.45,602.01,41660157,602.0369687616299819,269149
2025-06-26,603.89,607.16,603.25,606.72,42357115,605.7316272703294556,255731
2025-06-27,607.72,611.21,605.69,609.74,56990327,608.7460561126392786,336516
2025-06-30,612.2,614.01,609.87,612.65,56331202,611.8596437984461351,354561
2025-07-01,611.18,613.62,610.34,612.45,48833360,612.2414053459097761,296723
2025-07-02,612.05,615.27,611.42,615.23,40694848,613.8953748554404207,255146
2025-07-03,617.21,621.01,617.19,620.08,31051796,619.8429222883925008,182873
2025-07-07,618.09,618.78,612.67,615.46,51556674,615.5424032459262118,312925
2025-07-08,616.12,616.88,614.31,615.12,41483271,615.4650593479985872,255410
2025-07-09,617.52,619.47,615.69,618.81,46370001,617.6792763232873497,297173
2025-07-10,618.95,621.61,617.77,620.56,40215118,620.0898278087003012,260313
2025-07-11,617.49,619.6,616.3,618.37,43818816,618.5647647957159847,279145
2025-07-14,617.93,619.9,616.56,619.55,36217599,618.6847469963473335,223316
2025-07-15,622.25,622.58,616.84,616.91,52004406,619.1636842104381305,333155
2025-07-16,618.49,619.48,612.85,618.97,66160948,616.8294850345180184,413735
2025-07-17,619.18,623.12,618.93,622.76,44586652,621.7090917230069863,279310
2025-07-18,624.0,624.18,621.19,622.3,36018737,622.318918610513619,227435
2025-07-21,623.47,626.23,623.05,623.48,41438539,624.9337373135303978,277532
2025-07-22,623.79,624.43,620.92,623.57,41675842,622.9832828619438698,278825
2025-07-23,626.27,628.88,624.43,628.88,42705036,626.7334703230018112,277164
2025-07-24,629.25,630.8,628.66,629.08,47040556,629.810369236714642,318404
2025-07-25,629.71,632.22,629.5,631.74,35685391,631.1500052123595044,228877
2025-07-28,632.14,632.67,630.19,631.58,35275422,631.4811957496395336,230578
2025-07-29,632.99,633.3,628.99,629.92,40633946,630.7464287193264507,259380
2025-07-30,630.61,632.32,626.23,629.12,49395174,629.3740703253274411,316538
2025-07-31,634.09,634.47,625.45,626.76,69203580,630.0761149372863764,440817
2025-08-01,621.04,621.07,614.08,616.49,98857112,616.9395513507994165,649771
2025-08-04,620.44,625.91,620.35,625.86,49109230,624.1602983342534724,314673
2025-08-05,626.5,627.29,621.77,622.69,46420308,623.7825031405297114,300382
2025-08-06,623.76,628.11,622.85,627.46,41094459,626.1841303300278674,256792
2025-08-07,630.9,631.62,623.82,626.93,50791094,626.9972328467036065,328969
2025-08-08,628.74,632.29,628.41,631.82,40689593,631.0498547804273738,263730
2025-08-11,632.11,633.58,629.32,630.57,39973966,631.4187256782364025,248686
2025-08-12,632.91,637.44,631.43,637.28,43530296,635.2789794555759248,283398
2025-08-13,639.49,640.75,637.27,639.47,39297603,638.835807171814588,255868
2025-08-14,637.37,640.19,636.94,639.52,37750396,638.8814202398231595,238773
2025-08-15,640.56,640.66,637.11,638.03,38115376,638.585926886202063,245532
2025-08-18,637.45,638.58,636.78,637.89,28319371,637.7420851280422421,180560
2025-08-19,637.71,638.69,633.11,634.43,46373387,635.3285588773243142,302659
2025-08-20,634.02,634.28,627.63,632.74,57583245,631.1351313858347595,386247
2025-08-21,630.92,632.6,628.48,630.2,33619460,630.5124138486733879,206738
2025-08-22,632.4,641.06,631.89,639.88,60280142,638.9766127295801196,387471
2025-08-25,638.61,639.86,636.95,637.07,33074061,638.6840941412638062,219964
2025-08-26,636.78,640.08,636.17,639.73,31222330,638.0802167843669352,193003
2025-08-27,639.15,641.92,639.0,641.19,30536598,640.8824457015931711,197496
2025-08-28,641.83,644.02,639.91,643.46,38879524,642.3589208812640028,234897
2025-08-29,642.01,642.39,637.73,639.62,48216872,639.2978873825106369,296803
2025-09-02,632.17,635.1,629.58,634.88,50380304,632.6373878648149468,299937
2025-09-03,637.24,638.79,635.07,638.33,47258571,636.9567470875456712,305673
2025-09-04,639.01,643.69,638.1,643.66,41372549,641.1075362763315661,265381
2025-09-05,645.96,646.72,637.92,641.8,57300641,641.5507763067633712,361695
2025-09-08,643.16,644.37,641.79,643.37,40842057,643.0282430748691091,259039
2025-09-09,643.5,645.39,641.78,644.86,39500196,643.7471446902227326,251916
2025-09-10,648.13,649.04,645.16,646.72,49290361,647.193906090179625,321049
2025-09-11,648.68,652.79,648.09,652.1,45454585,651.2931326803469995,296188
2025-09-12,652.06,653.57,651.37,651.88,47602702,652.432467792127917,299837
2025-09-15,654.05,655.48,653.79,655.35,44792103,654.7339445496940698,270625
2025-09-16,655.88,656.21,653.67,654.45,40832003,654.6605670055062649,263326
2025-09-17,654.46,656.15,648.8,653.64,65243509,653.3367964448208646,428071
2025-09-18,656.31,659.3,654.71,656.69,57144114,657.2630897994168267,371857
2025-09-19,658.58,660.79,656.63,659.94,50994150,658.8571125747921222,325037
2025-09-22,658.44,663.51,658.42,663.06,47374254,661.6263430840680241,300943
2025-09-23,662.93,663.56,658.23,659.45,54364809,660.7016090181338809,365458
2025-09-24,660.74,660.85,655.93,657.36,46827389,657.862774869486592,311965
2025-09-25,654.25,655.68,650.69,654.32,60120853,653.6050208153683768,384870
2025-09-26,655.78,658.62,654.15,658.07,44668545,656.835624019906045,273419
2025-09-29,660.6,661.51,658.11,659.92,49239315,659.7609655489149816,319689
2025-09-30,659.17,662.88,657.86,662.41,53692264,660.2591287392730524,347251
2025-10-01,659.4,665.58,659.31,664.67,47251970,663.0303479239594994,296178
2025-10-02,666.67,666.77,663.0,665.43,38311790,665.0458704526137428,248781
2025-10-03,666.2,668.87,664.38,665.42,48610665,666.6944823680103789,325648
2025-10-06,667.83,668.7,665.66,667.81,37161494,667.5088449486556083,265389
2025-10-07,668.74,669.18,663.89,665.33,52330430,665.8204595250467509,356975
2025-10-08,666.46,669.4,665.63,669.3,41164584,668.2615585915718278,273032
2025-10-09,669.71,670.12,665.42,667.36,46506604,667.2204870141169376,303714
2025-10-10,668.34,670.13,649.14,649.32,108789482,658.5329584828625855,681081
2025-10-13,656.91,661.36,656.02,659.29,53229936,658.582675368127928,362942
2025-10-14,653.46,662.06,649.47,658.48,58228073,657.295008039757332,391412
2025-10-15,663.04,666.43,655.2,661.4,51717289,661.4791811036830047,319415
2025-10-16,663.06,664.92,653.39,656.9,69972661,658.9306935649849298,459830
2025-10-17,655.79,661.99,654.41,660.63,52521196,658.3321022663910004,340819
2025-10-20,663.52,668.4,663.49,667.5,35642392,666.9072706369458962,233604
2025-10-21,667.66,669.18,666.19,667.49,36528805,667.958285591453775,249796
2025-10-22,668.18,668.2,659.54,664.02,53975018,663.8059313340979463,343405
2025-10-23,664.31,668.91,664.02,667.96,39402078,667.0564212927417258,254675
2025-10-24,672.63,674.63,671.82,673.42,39772141,673.7045631904144358,251234
2025-10-27,678.86,681.66,678.25,681.36,40726218,679.9370719272695009,260632
2025-10-28,683.18,685.01,680.95,683.17,38330375,683.0085810989582846,246560
2025-10-29,684.81,685.79,679.0,683.5,54157463,683.2770522793907778,349863
2025-10-30,680.04,682.06,675.98,675.98,45806498,679.1356357367932433,298271
2025-10-31,681.16,681.2,675.39,678.2,50646595,678.812475982568946,317005
2025-11-03,681.78,681.92,676.09,679.47,40745110,679.0550943826634273,406473
2025-11-04,672.28,676.11,670.76,671.42,55052837,672.7191745244565876,551381
2025-11-05,671.18,677.0,670.35,673.74,50267080,674.5974784497788021,461227
2025-11-06,672.63,673.54,664.93,666.51,63978387,668.2158190571279074,605354
2025-11-07,664.13,667.28,657.46,667.17,77805488,662.2647078908742411,716247
2025-11-10,673.38,678.32,671.21,677.58,55972136,675.2964978566085901,541353
2025-11-11,676.09,679.7,674.89,679.13,41811721,677.6679932837622803,400035
2025-11-12,680.94,681.08,677.08,679.51,45320930,679.2420298712610032,440370
2025-11-13,676.66,677.0,666.72,668.23,72681293,670.7533688810676213,736207
2025-11-14,661.62,671.83,659.5,668.13,72015104,667.5098392863608469,727660
2025-11-17,665.91,669.9,658.42,661.9,68985857,664.0028101997483081,722009
2025-11-18,658.35,661.35,652.15,656.34,89196701,657.3964304856984302,935948
2025-11-19,657.04,663.56,655.01,658.88,70882940,658.8670559518451776,737810
2025-11-20,669.1,671.73,648.2,648.84,125925764,658.1053932695811414,1344533
2025-11-21,651.32,660.79,647.16,655.3,85226739,654.2205158549523689,815797
2025-11-24,658.91,666.27,657.84,664.94,54376181,663.6707014061761279,489127
2025-11-25,664.84,672.38,660.72,671.2,61577910,667.7862651684357844,543546
2025-11-26,673.76,677.84,672.89,675.83,51409318,676.2510620537017637,451218
2025-11-28,677.0,679.8,676.65,679.52,29458089,678.4047975233935424,257714
2025-12-01,674.95,679.12,674.9,676.42,43414503,676.8755061326337046,349284
2025-12-02,678.04,679.95,675.47,677.67,46744040,677.9871756871652876,403889
2025-12-03,676.72,681.03,675.84,680.02,41468278,679.1555224908992858,364893
2025-12-04,681.42,681.49,677.48,680.51,44863739,679.6845101501218961,423102
2025-12-05,681.57,684.49,680.7,681.81,46497834,682.3354144724664404,422138
2025-12-08,682.71,682.75,677.71,679.76,40322319,679.7014138911120901,375407
2025-12-09,679.27,681.51,678.72,679.17,41732256,680.0305396715681525,394558
2025-12-10,678.68,685.07,677.45,683.68,65180379,681.307269285180522,636916
2025-12-11,681.23,685.35,678.3,685.27,61973033,682.7858494529698458,621945
2025-12-12,684.27,684.98,675.32,677.9,78688423,678.9347795203215261,796076
2025-12-15,681.83,681.88,675.4,676.88,66616490,677.5327633558406602,721466
2025-12-16,675.32,677.22,671.16,675.03,72058262,674.4493221316882782,737375
2025-12-17,676.03,676.59,667.39,667.6,74936493,670.6628841498848853,747922
2025-12-18,673.79,676.9,671.07,672.64,83376811,673.9610188008482371,854062
2025-12-19,674.76,679.24,674.63,678.74,68133582,678.0243219581686342,661384
2025-12-22,682.06,683.49,680.82,682.96,47938715,682.5330087769015802,442522
2025-12-23,682.06,686.33,682.01,686.09,46034036,684.97533879660445,396217
2025-12-24,686.1,688.95,685.93,688.5,25996223,687.8325358184292429,224759
2025-12-26,688.76,689.78,687.39,688.43,32575282,688.4209289224001427,303285
2025-12-29,685.72,687.32,684.2,685.98,44132455,685.7522171491355193,413404
2025-12-30,685.58,686.68,684.71,685.14,34365308,685.6245657638672563,314441
2025-12-31,685.25,685.49,679.85,680.06,51325838,682.559935240981536,479947
2026-01-02,683.83,685.0,677.97,681.31,69826347,681.0749906107905703,678122
2026-01-05,684.67,687.55,684.5,685.85,54698851,686.078326547438035,482983
2026-01-06,686.03,690.43,685.91,689.93,55143260,688.631354252803295,522591
2026-01-07,690.32,692.07,687.44,687.7,60132171,689.8889198529851672,566947
2026-01-08,686.91,688.74,685.62,687.63,52088407,687.3478594649888069,513748
2026-01-09,688.77,693.42,687.3,692.18,58426222,691.2960769202782852,552076
2026-01-12,688.8,694.19,688.75,693.27,49779065,692.3861000772955622,465128
2026-01-13,693.63,694.19,689.47,691.88,61851797,691.6211890421333925,606570
2026-01-14,689.15,689.84,684.17,688.48,70572925,686.6896570096993946,703762
2026-01-15,692.72,693.56,689.37,690.35,60092284,691.7029657108208735,617838
2026-01-16,691.76,692.36,688.22,689.78,54012581,690.4783102334034753,551370
2026-01-20,679.62,682.9,674.73,675.73,81782223,678.6914999014847221,736209
2026-01-21,677.8,686.86,676.28,683.53,96205848,681.31633151106338,993425
2026-01-22,688.01,689.25,685.05,687.1,55962281,687.3777777584109871,555355
2026-01-23,686.28,689.08,685.29,687.35,48307959,687.3289112124879801,460817
2026-01-26,688.59,692.24,688.04,690.84,44643484,691.0996134601387798,423531
2026-01-27,692.29,694.63,691.68,693.6,40191997,693.7054968172167493,356133
2026-01-28,695.16,695.94,692.05,693.53,46863029,693.886003854197722,430412
2026-01-29,694.49,695.16,682.96,692.15,81116021,688.7859321021516513,778600
2026-01-30,689.96,692.32,685.25,690.09,65538179,689.426183581387783,612111
2026-02-02,687.7,695.03,687.54,693.52,63436047,693.0502861912695626,584673
2026-02-03,694.34,695.06,682.17,687.65,83865960,687.8624541118515611,859336
2026-02-04,688.52,689.57,679.9,684.32,81885173,684.8476874113362556,838791
2026-02-05,679.12,681.83,673.95,675.77,83164747,677.1836179130035012,842172
2026-02-06,679.6,690.42,679.0,688.74,67758268,685.6235684874199855,677808
2026-02-09,687.54,693.97,686.47,692.06,54917196,691.7378703864803029,550095
2026-02-10,693.06,694.64,689.78,690.23,49549385,692.2195549105785836,490288
2026-02-11,694.54,695.24,687.3,690.08,61930687,690.8014278023639738,610550
2026-02-12,692.38,693.46,678.52,679.41,93707170,684.0867654819638563,994038
2026-02-13,679.81,684.41,675.67,679.89,70642110,680.8107123522275744,675606
2026-02-17,678.27,683.07,673.94,680.99,66356843,679.2300291830854109,636572
2026-02-18,682.17,687.27,680.97,684.42,57623533,684.6661830979080815,532379
2026-02-19,682.0,684.31,679.68,682.62,47509501,681.9166919324033846,451338
2026-02-20,680.45,688.18,679.87,687.55,68762112,685.4490451091236009,639247
2026-02-23,685.95,688.12,678.52,680.53,70943285,681.3332852106695945,690747
2026-02-24,680.03,686.48,678.15,685.48,55310204,684.0448798711727761,499103
2026-02-25,688.33,691.79,688.22,691.26,41135316,690.274865838132458,389100
2026-02-26,691.43,691.43,682.49,687.42,58258668,686.2169479736280646,565296
2026-02-27,681.2,684.99,679.78,684.12,60830997,682.7135158138827572,600019
2026-03-02,676.81,686.74,676.17,684.51,66975098,683.3288353819336815,637256
2026-03-03,673.21,680.75,667.84,678.48,81440968,674.6485411836917931,818342
2026-03-04,679.77,685.22,677.77,683.26,56273441,683.2330968429824157,566398
2026-03-05,680.21,683.66,673.77,679.45,80111623,678.0562348044859719,800875
2026-03-06,671.56,674.27,667.94,670.55,74421543,671.5679542376476056,722501
2026-03-09,664.59,678.07,660.59,676.42,79411759,668.6349642058197797,771732
2026-03-10,675.84,681.5,672.92,675.34,63958138,677.4708335298573647,619577
2026-03-11,675.69,678.23,671.51,674.49,49488530,674.0651344619580021,474223
2026-03-12,669.3,669.82,664.09,664.25,79378156,666.7979809896936145,792629
2026-03-13,667.46,670.51,659.56,660.49,67244178,663.5488543240373562,693188
2026-03-16,666.56,670.24,665.3,667.21,58507960,667.5000636086691283,585015
2026-03-17,670.52,672.6,667.88,668.96,50618232,670.0112057032432411,507268
2026-03-18,666.48,667.9,659.39,659.63,59045264,663.6266418869354036,594736
2026-03-19,655.17,661.18,653.37,658.0,79504304,656.609,822001
2026-03-20,656.51,656.69,644.72,648.57,92202809,650.378,902863
2026-03-23,658.08,662.62,653.94,655.38,87855380,658.198,903360
2026-03-24,651.33,657.03,649.88,653.18,66978131,653.897,658526
2026-03-25,658.68,660.89,654.24,656.82,71087538,657.405,709809
2026-03-26,652.05,654.85,644.82,645.09,68755879,649.763,684333
2026-03-27,642.55,642.66,633.1,634.09,75608972,637.706,734260
2026-03-30,640.05,640.37,629.28,631.97,73803922,634.345,720234
2026-03-31,639.0,651.54,637.98,650.34,104683294,645.402,1000325
2026-04-01,653.85,658.52,653.0,655.24,72491090,655.702,734147
2026-04-02,646.42,658.2,645.11,655.83,48157030,652.897,428711
2026-04-06,655.86,659.72,655.52,658.93,28079028,657.59,235537
2026-04-07,656.64,659.61,651.06,659.22,47915475,655.393,397813
2026-04-08,676.39,677.08,671.46,676.01,67555981,674.794,585202
2026-04-09,674.84,681.16,673.77,679.91,42287703,678.05,354300
2026-04-10,681.27,682.03,678.45,679.46,30238476,679.987,267874
2026-04-13,677.4,686.3,676.58,686.1,36496305,681.862,316018
2026-04-14,687.69,694.58,687.66,694.46,43054226,692.264,354462
2026-04-15,695.26,700.28,694.2,699.94,42557705,697.773,344881
2026-04-16,701.06,702.78,698.53,701.66,34037424,700.799,300557
2026-04-17,706.14,712.39,705.76,710.14,43085913,709.787,388516
2026-04-20,708.79,709.91,706.14,708.72,27361348,708.136,238970
2026-04-21,710.28,711.28,702.64,704.08,43467644,706.462,349189
2026-04-22,709.19,711.45,708.22,711.21,28181451,709.946,226328
2026-04-23,709.5,712.36,702.28,708.45,42958064,708.291,358223
2026-04-24,710.75,714.47,709.01,713.94,29350408,712.471,244603
2026-04-27,713.18,715.63,712.29,715.17,24071337,714.215,214873
2026-04-28,711.82,712.88,709.25,711.69,26375555,711.059,233081
2026-04-29,711.0,712.2,708.37,711.58,28880531,710.314,263241
2026-04-30,714.73,719.79,710.44,718.66,38106419,715.963,340361
2026-05-01,721.25,724.87,720.47,720.65,30371390,722.515,289793
2026-05-04,720.07,722.12,714.99,718.01,37839280,718.478,345770
2026-05-05,721.77,725.04,721.48,723.77,25041685,723.469,211804
2026-05-06,728.16,734.59,727.82,733.83,31959307,732.115,272491
2026-05-07,735.05,736.13,729.75,731.58,35831850,732.652,322865
2026-05-08,734.94,738.02,734.57,737.62,30283957,736.951,259041
2026-05-11,736.46,740.79,736.45,739.3,34556739,739.186,310672
2026-05-12,736.91,738.84,731.83,738.18,36903839,735.097,365490
2026-05-13,738.46,743.91,735.47,742.31,29763736,740.92,267653
2026-05-14,743.62,749.53,743.56,748.17,28926251,747.448,262748
2026-05-15,741.8,743.46,737.96,739.17,33195778,740.662,305659
2026-05-18,739.82,741.42,733.39,738.65,33130849,737.103,319901
2026-05-19,734.75,737.65,731.53,733.73,36132671,734.488,350292
2026-05-20,735.7,741.87,733.89,741.25,32364561,739.111,317112
2026-05-21,738.67,744.87,737.03,742.72,33746666,740.798,325133
2026-05-22,746.21,748.94,744.48,745.64,23966466,746.781,237827
2026-05-26,750.01,752.13,748.37,750.59,27780718,750.008,276562
2026-05-27,750.9,751.38,748.22,750.46,26608447,750.141,279945
2026-05-28,750.22,755.15,749.23,754.6,25713771,753.398,249699
2026-05-29,755.9,758.08,754.69,756.48,33981149,756.636,322492
2026-06-01,755.32,760.27,754.69,758.54,29735751,757.513,292398
2026-06-02,757.0,760.4,756.75,759.57,22214259,759.013,207873
2026-06-03,758.14,758.8,753.57,754.24,31737825,755.393,286997
2026-06-04,752.11,758.31,751.47,757.09,30897619,755.966,291221
2026-06-05,752.31,752.82,735.52,737.55,59069428,743.21,603211
2026-06-08,743.31,745.34,738.19,739.22,33052894,741.767,323346
2026-06-09,743.63,746.9,722.59,737.05,64205290,733.594,631866
2026-06-10,733.4,738.38,725.33,725.43,39313992,730.514,399539
2026-06-11,728.82,740.0,724.4,737.76,58206218,732.64,565930
2026-06-12,740.75,744.44,735.03,741.75,37200862,740.592,389392
